phi_center,psi_center,n,n_structures,k_empirical_secant,ci_lo,ci_hi,ci_width,k_amber_ff14SB_verified,delta_k,well_supported,ci_excludes_amber
-175.0,-175.0,629,589,0.8550750309672652,0.7987291478156001,0.9100616330791601,0.11133248526355999,10.826548734499958,-9.971473703532693,True,True
-175.0,-165.0,359,339,1.0253042978083313,0.9496929069216649,1.0999029761763606,0.1502100692546957,10.826548734499958,-9.801244436691627,True,True
-175.0,-155.0,179,175,1.071260729722506,0.974397691366063,1.1707943388241353,0.19639664745807228,10.826548734499958,-9.755288004777452,True,True
-175.0,-145.0,67,67,1.10234113273084,0.9328497595480225,1.2651276623865646,0.3322779028385421,10.826548734499958,-9.724207601769118,False,True
-175.0,-135.0,22,22,1.0835988636176739,0.8118133562970581,1.3903025455852565,0.5784891892881984,10.826548734499958,-9.742949870882285,False,True
-175.0,-125.0,18,18,0.3838772358424373,0.24095717835437566,0.5591653671731185,0.3182081888187428,10.826548734499958,-10.442671498657521,False,True
-175.0,-115.0,6,6,0.6279755830314815,0.25234248308833296,1.0386165516953818,0.7862740686070488,10.826548734499958,-10.198573151468477,False,True
-175.0,-105.0,1,1,0.22014156103577656,0.22014156103577656,0.22014156103577656,0.0,10.826548734499958,-10.606407173464182,False,True
-175.0,-95.0,3,3,0.5540715271477414,0.0,0.9246358709829137,0.9246358709829137,10.826548734499958,-10.272477207352217,False,True
-175.0,-85.0,5,5,0.48110234975946503,0.10616416305018293,0.9511600403589096,0.8449958773087266,10.826548734499958,-10.345446384740493,False,True
-175.0,-65.0,3,3,0.057693145410918224,-0.1733722445132392,0.173975873019986,0.3473481175332252,10.826548734499958,-10.768855589089041,False,True
-175.0,-55.0,6,6,0.2300258806306301,-0.07916206793368338,0.5525436969089187,0.6317057648426021,10.826548734499958,-10.59652285386933,False,True
-175.0,-45.0,4,4,0.045942928631443655,0.0,0.09401671466120329,0.09401671466120329,10.826548734499958,-10.780605805868515,False,True
-175.0,-35.0,3,3,-0.0038369358370656166,-0.5752110757280031,0.5880400976979471,1.1632511734259503,10.826548734499958,-10.830385670337025,False,True
-175.0,-15.0,4,4,0.04968171849435663,-0.10857437200615383,0.1717463516594825,0.2803207236656363,10.826548734499958,-10.776867016005601,False,True
-175.0,-5.0,4,4,-0.2511538610166798,-0.8347489241755834,0.08128734112554398,0.9160362653011274,10.826548734499958,-11.077702595516639,False,True
-175.0,5.0,3,3,0.34737886943938917,-0.1559362103466711,0.8646228710713594,1.0205590814180305,10.826548734499958,-10.47916986506057,False,True
-175.0,25.0,1,1,-1.1525555225347377,-1.1525555225347377,-1.1525555225347377,0.0,10.826548734499958,-11.979104257034695,False,True
-175.0,45.0,3,3,-0.7264690634949037,-0.9787150306568052,-0.3851272183479854,0.5935878123088199,10.826548734499958,-11.553017797994862,False,True
-175.0,55.0,6,6,-0.10363063669460593,-0.281499854632723,0.06595675783986747,0.34745661247259046,10.826548734499958,-10.930179371194564,False,True
-175.0,65.0,7,7,0.3070170179476663,0.09946645864683655,0.5453033285364446,0.445836869889608,10.826548734499958,-10.519531716552292,False,True
-175.0,75.0,14,13,-0.20822033574202445,-0.45871243712706156,0.009684923425123379,0.46839736055218495,10.826548734499958,-11.034769070241984,False,True
-175.0,85.0,15,15,0.012273557086882322,-0.26023493960417843,0.2756337731142653,0.5358687127184437,10.826548734499958,-10.814275177413077,False,True
-175.0,95.0,18,18,-0.17311519745106194,-0.4141243587728298,0.07431106059393432,0.48843541936676416,10.826548734499958,-10.999663931951021,False,True
-175.0,105.0,21,21,0.15996346971772368,-0.10733876461400642,0.4398119619372263,0.5471507265512328,10.826548734499958,-10.666585264782235,False,True
-175.0,115.0,42,41,0.23569585913191576,0.0722334701148235,0.3988214014667643,0.3265879313519408,10.826548734499958,-10.590852875368043,False,True
-175.0,125.0,61,61,0.288740998463949,0.18609719984739403,0.3973904177186174,0.21129321787122335,10.826548734499958,-10.53780773603601,False,True
-175.0,135.0,105,103,0.3709774093852619,0.27550528180387773,0.47106602110183926,0.19556073929796153,10.826548734499958,-10.455571325114697,True,True
-175.0,145.0,240,230,0.6292450054062281,0.558551095702459,0.7076606713966339,0.14910957569417493,10.826548734499958,-10.197303729093731,True,True
-175.0,155.0,543,500,0.674626500601005,0.6241559527397998,0.7267702729121679,0.10261432017236805,10.826548734499958,-10.151922233898954,True,True
-175.0,165.0,1033,938,0.6893229763394234,0.6512601113219311,0.7282535292991101,0.07699341797717907,10.826548734499958,-10.137225758160534,True,True
-175.0,175.0,920,842,0.7777632834247564,0.7340520284064611,0.8282560990077621,0.09420407060130098,10.826548734499958,-10.048785451075203,True,True
-165.0,-175.0,1068,969,0.9126880585137634,0.8680869724953717,0.9587853425555294,0.09069837006015768,7.269935127402635,-6.357247068888872,True,True
-165.0,-165.0,356,342,1.0601808253396872,0.9833005815244192,1.139191998066194,0.15589141654177474,7.269935127402635,-6.209754302062948,True,True
-165.0,-155.0,147,141,0.9693567298433391,0.8564039814157954,1.0850139507035628,0.22860996928776733,7.269935127402635,-6.300578397559296,True,True
-165.0,-145.0,42,42,0.7554496403960899,0.5048715783517914,1.0048217114830587,0.49995013313126724,7.269935127402635,-6.514485487006546,False,True
-165.0,-135.0,25,25,0.6797425797775576,0.4164482651733115,0.9440585817922917,0.5276103166189803,7.269935127402635,-6.590192547625078,False,True
-165.0,-125.0,8,8,0.36296279056645586,0.020635162895449213,0.8915399525540019,0.8709047896585527,7.269935127402635,-6.90697233683618,False,True
-165.0,-115.0,5,5,0.8012982500059183,0.49644945520474504,1.2331361693936256,0.7366867141888805,7.269935127402635,-6.468636877396717,False,True
-165.0,-105.0,8,8,0.35694143752693286,0.09897812554810682,0.7000226164872639,0.6010444909391571,7.269935127402635,-6.9129936898757025,False,True
-165.0,-95.0,1,1,0.10188305053255664,0.10188305053255664,0.10188305053255664,0.0,7.269935127402635,-7.168052076870079,False,True
-165.0,-85.0,4,4,0.4742973469368141,0.10490085684567801,0.9130310442081957,0.8081301873625177,7.269935127402635,-6.795637780465821,False,True
-165.0,-75.0,4,4,0.04884078823060764,-0.4722679351619828,0.5699495116231981,1.0422174467851808,7.269935127402635,-7.221094339172028,False,True
-165.0,-65.0,5,5,0.04185877323564237,-0.15655986186766788,0.23452978211447836,0.39108964398214624,7.269935127402635,-7.228076354166993,False,True
-165.0,-55.0,7,7,-0.1652734976431132,-0.5939070579543935,0.22615748072454522,0.8200645386789387,7.269935127402635,-7.435208625045749,False,True
-165.0,-45.0,4,3,0.5136087891543999,0.0,0.9768064975685636,0.9768064975685636,7.269935127402635,-6.756326338248235,False,True
-165.0,-35.0,5,5,-0.6627963035935525,-1.2815426035796602,-0.11881313801275062,1.1627294655669096,7.269935127402635,-7.932731430996188,False,True
-165.0,-25.0,7,7,-0.2082601108957283,-0.6288215469976561,0.055412112590616895,0.684233659588273,7.269935127402635,-7.478195238298364,False,True
-165.0,-15.0,10,10,0.07828832131729295,-0.10947536141368071,0.28353858747646377,0.39301394889014446,7.269935127402635,-7.191646806085342,False,True
-165.0,-5.0,5,4,0.05024163381118738,0.0,0.18840612679195268,0.18840612679195268,7.269935127402635,-7.219693493591448,False,True
-165.0,5.0,6,6,0.016664036653407144,-0.12603158882906304,0.12375527897478017,0.2497868678038432,7.269935127402635,-7.253271090749228,False,True
-165.0,15.0,10,10,0.08821150912888036,-0.2710055255472246,0.4729155556037869,0.7439210811510115,7.269935127402635,-7.181723618273755,False,True
-165.0,25.0,8,8,0.07867451442587092,-0.09656758466256644,0.25940836233593406,0.3559759469985005,7.269935127402635,-7.191260612976764,False,True
-165.0,35.0,14,14,-0.053663711150738654,-0.2843549203067443,0.1492234267218358,0.4335783470285801,7.269935127402635,-7.323598838553374,False,True
-165.0,45.0,20,20,0.013448399635878055,-0.2352494772560703,0.25752943813964707,0.4927789153957174,7.269935127402635,-7.256486727766758,False,True
-165.0,55.0,27,26,-0.1333562690265332,-0.29082505717830825,0.0160624262242513,0.30688748340255956,7.269935127402635,-7.403291396429169,False,True
-165.0,65.0,71,70,-0.23431395261672255,-0.3702462400917527,-0.10611907374378196,0.26412716634797073,7.269935127402635,-7.504249080019358,False,True
-165.0,75.0,95,94,-0.17861121620384046,-0.2956427292835626,-0.05559649656525351,0.2400462327183091,7.269935127402635,-7.448546343606476,False,True
-165.0,85.0,101,99,-0.11692603508222275,-0.21102484489979323,-0.016825986780275526,0.1941988581195177,7.269935127402635,-7.386861162484858,True,True
-165.0,95.0,143,137,-0.03915706799573618,-0.142879120522894,0.06678725481352799,0.209666375336422,7.269935127402635,-7.309092195398372,True,True
-165.0,105.0,203,195,0.14590135770461157,0.051023007203375076,0.23830531029098168,0.1872823030876066,7.269935127402635,-7.124033769698023,True,True
-165.0,115.0,225,219,0.37326584058044615,0.28857517322395776,0.46900913479844075,0.180433961574483,7.269935127402635,-6.896669286822189,True,True
-165.0,125.0,384,368,0.5602696141141259,0.48961782756798605,0.6326616038569302,0.1430437762889441,7.269935127402635,-6.70966551328851,True,True
-165.0,135.0,871,784,0.7151415927166193,0.6682948845300777,0.7603536851797084,0.09205880064963068,7.269935127402635,-6.554793534686016,True,True
-165.0,145.0,1924,1608,0.83240554357296,0.8012156181893039,0.8643123985799807,0.06309678039067679,7.269935127402635,-6.437529583829676,True,True
-165.0,155.0,3710,2647,0.861143852022271,0.8351633092466095,0.888744369526308,0.053581060279698445,7.269935127402635,-6.408791275380365,True,True
-165.0,165.0,4804,3233,0.832232380795629,0.8086880629315899,0.8545097812699713,0.045821718338381445,7.269935127402635,-6.437702746607006,True,True
-165.0,175.0,2534,2012,0.8389611461403886,0.8097047589571187,0.8721637569786709,0.06245899802155219,7.269935127402635,-6.430973981262246,True,True
-155.0,-175.0,1379,1187,1.0321340578431244,0.9874951759055541,1.0753764532662289,0.08788127736067475,1.1887805565570515,-0.1566464987139271,True,True
-155.0,-165.0,552,514,1.0642476025863856,1.0000149384136665,1.137149988822907,0.13713505040924057,1.1887805565570515,-0.12453295397066588,True,True
-155.0,-155.0,175,171,0.9954682682198813,0.8824446650357767,1.1074881234960292,0.22504345846025253,1.1887805565570515,-0.19331228833717018,True,True
-155.0,-145.0,61,60,0.91966836860894,0.7071435035333155,1.1655421862713469,0.4583986827380314,1.1887805565570515,-0.26911218794811154,False,True
-155.0,-135.0,30,30,0.5787883059787753,0.3431791986848767,0.824497313822351,0.48131811513747436,1.1887805565570515,-0.6099922505782762,False,True
-155.0,-125.0,19,19,0.5953817318545573,0.32325495223919226,0.9387183250089881,0.6154633727697958,1.1887805565570515,-0.5933988247024942,False,True
-155.0,-115.0,18,18,0.4594965741869903,0.27868891451205247,0.6833737242021671,0.40468480969011467,1.1887805565570515,-0.7292839823700612,False,True
-155.0,-105.0,10,10,0.5515740998724358,0.2070129144743972,0.895667053981192,0.6886541395067948,1.1887805565570515,-0.6372064566846157,False,True
-155.0,-95.0,8,8,0.6438461918363556,0.28950177714994896,0.9788226117751306,0.6893208346251817,1.1887805565570515,-0.5449343647206959,False,True
-155.0,-85.0,12,12,0.3669230518966311,0.06024899782760717,0.6829898472532857,0.6227408494256785,1.1887805565570515,-0.8218575046604204,False,True
-155.0,-75.0,30,30,0.12533869035667633,-0.04906803872774788,0.30337982761001914,0.35244786633776704,1.1887805565570515,-1.063441866200375,False,True
-155.0,-65.0,29,29,-0.0914581413803766,-0.2232157609870183,0.039909356564060125,0.2631251175510784,1.1887805565570515,-1.280238697937428,False,True
-155.0,-55.0,24,24,0.02852665310754234,-0.16890345065553275,0.24699499012146692,0.41589844077699967,1.1887805565570515,-1.1602539034495092,False,True
-155.0,-45.0,12,12,-0.10723130370841043,-0.4413243574793782,0.20506416111835768,0.6463885185977358,1.1887805565570515,-1.296011860265462,False,True
-155.0,-35.0,29,29,-0.15417036185695307,-0.3558400798361807,0.011673677937764913,0.3675137577739456,1.1887805565570515,-1.3429509184140045,False,True
-155.0,-25.0,31,31,0.04082446126917528,-0.21844055606359064,0.26409669921588075,0.4825372552794714,1.1887805565570515,-1.1479560952878762,False,True
-155.0,-15.0,32,32,-0.046842528081276084,-0.23692914579684415,0.137724707085379,0.3746538528822232,1.1887805565570515,-1.2356230846383276,False,True
-155.0,-5.0,37,36,-0.07541110261943729,-0.2925080230185522,0.1308677572700152,0.4233757802885674,1.1887805565570515,-1.2641916591764888,False,True
-155.0,5.0,51,51,0.015991053763574944,-0.20962802210298773,0.21384978597044874,0.4234778080734365,1.1887805565570515,-1.1727895027934765,False,True
-155.0,15.0,58,56,-0.060350837211337195,-0.27088915729549706,0.13352854553004162,0.4044177028255387,1.1887805565570515,-1.2491313937683888,False,True
-155.0,25.0,80,79,-0.2654546400272056,-0.43921147922310527,-0.10831113165824736,0.3309003475648579,1.1887805565570515,-1.454235196584257,False,True
-155.0,35.0,69,68,-0.23954531332563553,-0.4049106553848609,-0.08869123485309624,0.31621942053176466,1.1887805565570515,-1.428325869882687,False,True
-155.0,45.0,74,74,-0.29333412661374514,-0.440749847325917,-0.15171605625639553,0.28903379106952143,1.1887805565570515,-1.4821146831707965,False,True
-155.0,55.0,134,133,-0.16157788608084225,-0.27480386811353313,-0.05408022689862923,0.2207236412149039,1.1887805565570515,-1.3503584426378938,True,True
-155.0,65.0,253,248,-0.23204912058179475,-0.3053719020478977,-0.15273028060762966,0.15264162144026805,1.1887805565570515,-1.4208296771388462,True,True
-155.0,75.0,329,312,-0.07405660485580216,-0.14398259285214707,-0.00971173917975164,0.13427085367239544,1.1887805565570515,-1.2628371614128537,True,True
-155.0,85.0,335,324,-0.005917815294204373,-0.08096257861548876,0.06136367738032983,0.1423262559958186,1.1887805565570515,-1.1946983718512558,True,True
-155.0,95.0,418,398,0.12446061838364765,0.05742834391228094,0.1918502321940124,0.13442188828173146,1.1887805565570515,-1.0643199381734039,True,True
-155.0,105.0,591,545,0.2649615372973339,0.20270512008211924,0.330254690124063,0.12754957004194376,1.1887805565570515,-0.9238190192597175,True,True
-155.0,115.0,897,806,0.5746895723160178,0.5173628581521417,0.6300196952382369,0.1126568370860952,1.1887805565570515,-0.6140909842410337,True,True
-155.0,125.0,1622,1366,0.8811433348432597,0.8361749919285999,0.9276327763557743,0.09145778442717445,1.1887805565570515,-0.3076372217137918,True,True
-155.0,135.0,3358,2454,0.9399917776870688,0.9087890159771081,0.9705100105957165,0.06172099461860836,1.1887805565570515,-0.24878877886998274,True,True
-155.0,145.0,5649,3522,1.028368779541104,1.0033009665869752,1.051936952999607,0.04863598641263178,1.1887805565570515,-0.16041177701594744,True,True
-155.0,155.0,8441,4351,1.0768266151981891,1.0553803725146529,1.0987496501226457,0.04336927760799281,1.1887805565570515,-0.11195394135886239,True,True
-155.0,165.0,7873,4284,1.056851653218038,1.035888795777482,1.0793806662955465,0.04349187051806447,1.1887805565570515,-0.13192890333901341,True,True
-155.0,175.0,3289,2453,1.0107064702779114,0.9814842080297353,1.0416124942664826,0.060128286236747264,1.1887805565570515,-0.17807408627914012,True,True
-145.0,-175.0,1079,989,1.1046246137984428,1.0503691667422268,1.1536730847635235,0.10330391802129668,-5.638851046248386,6.743475660046829,True,True
-145.0,-165.0,510,477,1.202585448780927,1.130015153121465,1.2734910128548895,0.14347585973342447,-5.638851046248386,6.841436495029313,True,True
-145.0,-155.0,151,147,1.074540782579241,0.939011586149585,1.2108692887042873,0.2718577025547023,-5.638851046248386,6.7133918288276275,True,True
-145.0,-145.0,75,75,0.6845712439910445,0.49595176589808365,0.8774459950765271,0.38149422917844344,-5.638851046248386,6.323422290239431,False,True
-145.0,-135.0,51,51,0.5999486401335208,0.4455370745409461,0.7648091533466077,0.3192720788056616,-5.638851046248386,6.238799686381907,False,True
-145.0,-125.0,32,32,0.3400082680836997,0.12359566707791768,0.5533944904366631,0.4297988233587454,-5.638851046248386,5.978859314332086,False,True
-145.0,-115.0,24,24,0.5404571491004524,0.34095227175203374,0.7590292555237091,0.4180769837716754,-5.638851046248386,6.179308195348838,False,True
-145.0,-105.0,27,27,0.45199859980088114,0.2486517824946282,0.6450539740979129,0.3964021916032847,-5.638851046248386,6.090849646049268,False,True
-145.0,-95.0,22,22,0.3365038786564264,0.1987982398940853,0.47966191193906504,0.28086367204497975,-5.638851046248386,5.975354924904813,False,True
-145.0,-85.0,31,31,0.3687996462100498,0.15905114304644455,0.5782254770518626,0.41917433400541804,-5.638851046248386,6.007650692458436,False,True
-145.0,-75.0,42,42,0.11286789785096,-0.056642134857573544,0.2741901362793243,0.33083227113689784,-5.638851046248386,5.751718944099347,False,True
-145.0,-65.0,56,55,-0.03417291922179012,-0.14724515599193783,0.07949880335620473,0.22674395934814257,-5.638851046248386,5.604678127026596,False,True
-145.0,-55.0,58,58,-0.07940885700728859,-0.23043151113618168,0.06341335123573792,0.2938448623719196,-5.638851046248386,5.559442189241098,False,True
-145.0,-45.0,50,50,-0.1802742509579728,-0.35142884583931183,-0.022131177014088357,0.3292976688252235,-5.638851046248386,5.458576795290414,False,True
-145.0,-35.0,53,53,-0.1027721859180587,-0.24808658492976285,0.03572561385313848,0.2838121987829013,-5.638851046248386,5.536078860330328,False,True
-145.0,-25.0,87,86,-0.02506863149112382,-0.15896681212010846,0.09438555096417177,0.2533523630842802,-5.638851046248386,5.613782414757263,False,True
-145.0,-15.0,107,107,-0.13756712955062805,-0.2663668400959364,-0.010596537962447722,0.2557703021334887,-5.638851046248386,5.5012839166977585,True,True
-145.0,-5.0,102,101,-0.07090476552120083,-0.2024138166122771,0.05152400874266206,0.25393782535493914,-5.638851046248386,5.567946280727186,True,True
-145.0,5.0,198,195,-0.017901181473446416,-0.1079700277172336,0.07600193539809305,0.18397196311532665,-5.638851046248386,5.62094986477494,True,True
-145.0,15.0,271,263,-0.02642870535206921,-0.12425788602694697,0.059813950222195274,0.18407183624914225,-5.638851046248386,5.612422340896317,True,True
-145.0,25.0,259,250,-0.17935534526821154,-0.2779695339057839,-0.08313797941288249,0.1948315544929014,-5.638851046248386,5.459495700980175,True,True
-145.0,35.0,239,235,-0.20560959930735767,-0.3157917104926548,-0.10037980279068288,0.21541190770197194,-5.638851046248386,5.433241446941029,True,True
-145.0,45.0,220,216,-0.25980484595395004,-0.34312114753950823,-0.18654020684945558,0.15658094069005266,-5.638851046248386,5.379046200294436,True,True
-145.0,55.0,310,303,-0.3608436360040982,-0.43457088518202236,-0.28454413867184886,0.1500267465101735,-5.638851046248386,5.278007410244288,True,True
-145.0,65.0,506,475,-0.2720315571798646,-0.3336530052849158,-0.20868956883034417,0.12496343645457164,-5.638851046248386,5.366819489068522,True,True
-145.0,75.0,603,557,-0.09997231773987433,-0.16016422944096292,-0.04433798058290983,0.1158262488580531,-5.638851046248386,5.538878728508512,True,True
-145.0,85.0,542,506,0.13798355720186775,0.06644589768875714,0.204103141131892,0.13765724344313487,-5.638851046248386,5.776834603450254,True,True
-145.0,95.0,675,632,0.2988772119359974,0.22712785475819952,0.36510579386113495,0.13797793910293543,-5.638851046248386,5.937728258184384,True,True
-145.0,105.0,974,879,0.48800966461078554,0.42640622004209816,0.5528826799999654,0.12647645995786727,-5.638851046248386,6.126860710859172,True,True
-145.0,115.0,1852,1549,0.8808723949196227,0.8318515400514187,0.9272887637972352,0.09543722374581654,-5.638851046248386,6.519723441168009,True,True
-145.0,125.0,3626,2546,1.1619402610129617,1.1239855591949799,1.1957939868913336,0.07180842769635376,-5.638851046248386,6.800791307261348,True,True
-145.0,135.0,6807,3853,1.1976175806166784,1.172230012255199,1.2269884602810859,0.05475844802588692,-5.638851046248386,6.836468626865065,True,True
-145.0,145.0,9038,4452,1.2612588923485175,1.238250176903497,1.2848904891338275,0.046640312230330494,-5.638851046248386,6.900109938596904,True,True
-145.0,155.0,10739,4970,1.2903315367451014,1.2702119335007036,1.3136471967637011,0.043435263262997514,-5.638851046248386,6.929182582993487,True,True
-145.0,165.0,7570,4222,1.2608842639572226,1.2352766965937803,1.2867254280646727,0.05144873147089246,-5.638851046248386,6.8997353102056085,True,True
-145.0,175.0,2729,2131,1.141620065894539,1.1047038727896337,1.177478497451814,0.07277462466218032,-5.638851046248386,6.7804711121429255,True,True
-135.0,-175.0,936,855,1.1269563481332396,1.0664632467280681,1.1914729007495775,0.12500965402150932,-11.183261439991469,12.310217788124708,True,True
-135.0,-165.0,438,412,1.1255908375216213,1.040821781029022,1.2147786396673015,0.1739568586382796,-11.183261439991469,12.30885227751309,True,True
-135.0,-155.0,183,178,0.8856128643342182,0.7577234087865503,1.0216845804026493,0.263961171616099,-11.183261439991469,12.068874304325687,True,True
-135.0,-145.0,100,99,0.6132261758625842,0.4644081693716281,0.7625274133624301,0.29811924399080203,-11.183261439991469,11.796487615854053,True,True
-135.0,-135.0,81,80,0.4214703502154655,0.29958179044272426,0.5520183666192092,0.25243657617648496,-11.183261439991469,11.604731790206934,False,True
-135.0,-125.0,62,61,0.34057306283145844,0.2062822754290155,0.487647218586326,0.2813649431573105,-11.183261439991469,11.523834502822927,False,True
-135.0,-115.0,46,46,0.6674350409933201,0.46753953327302555,0.8854642435986471,0.4179247103256215,-11.183261439991469,11.850696480984789,False,True
-135.0,-105.0,49,48,0.5138726938749278,0.3546216826792213,0.6788301383428592,0.32420845566363793,-11.183261439991469,11.697134133866397,False,True
-135.0,-95.0,60,60,0.5199167279406081,0.37207653179795525,0.6720798869630433,0.3000033551650881,-11.183261439991469,11.703178167932077,False,True
-135.0,-85.0,46,46,0.28309010141846963,0.07530639420031297,0.4831030790792504,0.4077966848789374,-11.183261439991469,11.466351541409939,False,True
-135.0,-75.0,68,67,0.3217273289632927,0.17695197559499004,0.47024801272540545,0.2932960371304154,-11.183261439991469,11.504988768954762,False,True
-135.0,-65.0,125,124,0.0084207671854984,-0.08529995109751068,0.09773045727334725,0.18303040837085793,-11.183261439991469,11.191682207176967,True,True
-135.0,-55.0,182,175,-0.06243932011298774,-0.14713472991293344,0.01964680526040601,0.16678153517333946,-11.183261439991469,11.120822119878481,True,True
-135.0,-45.0,192,189,-0.06090180710804253,-0.14935416992303246,0.029096850583413186,0.17845102050644565,-11.183261439991469,11.122359632883427,True,True
-135.0,-35.0,187,181,-0.18316965547277658,-0.29595108392068037,-0.07902378153873635,0.21692730238194402,-11.183261439991469,11.000091784518693,True,True
-135.0,-25.0,283,271,-0.09395893832652244,-0.18578585207781853,0.008929474875126124,0.19471532695294466,-11.183261439991469,11.089302501664946,True,True
-135.0,-15.0,449,433,-0.01834590729347801,-0.08934691710305605,0.05806797361566447,0.14741489071872052,-11.183261439991469,11.164915532697991,True,True
-135.0,-5.0,581,546,-0.12267852636010491,-0.19052125497031988,-0.05979849515158261,0.13072275981873727,-11.183261439991469,11.060582913631364,True,True
-135.0,5.0,780,716,-0.08892163598125116,-0.14862850422711898,-0.0313231116764281,0.11730539255069089,-11.183261439991469,11.094339804010218,True,True
-135.0,15.0,847,768,-0.1769970430691675,-0.2355965192297033,-0.12247744885672503,0.11311907037297826,-11.183261439991469,11.006264396922301,True,True
-135.0,25.0,815,759,-0.24461002269080565,-0.3067046647312231,-0.18620787224020363,0.12049679249101947,-11.183261439991469,10.938651417300663,True,True
-135.0,35.0,672,617,-0.3519285679783909,-0.4126547497865589,-0.288279704023732,0.12437504576282693,-11.183261439991469,10.831332872013078,True,True
-135.0,45.0,530,500,-0.3846250169494252,-0.4580384834436955,-0.31359676436474065,0.14444171907895487,-11.183261439991469,10.798636423042044,True,True
-135.0,55.0,745,687,-0.4922569117474638,-0.5530089461312465,-0.429385355524053,0.12362359060719352,-11.183261439991469,10.691004528244004,True,True
-135.0,65.0,1171,1036,-0.4536205762897395,-0.503579251643091,-0.4039945644215653,0.09958468722152575,-11.183261439991469,10.729640863701729,True,True
-135.0,75.0,1270,1124,-0.203685201813674,-0.2545803131430306,-0.153118697391467,0.1014616157515636,-11.183261439991469,10.979576238177795,True,True
-135.0,85.0,1079,961,0.16447120387791073,0.09986722735557091,0.227018133337305,0.1271509059817341,-11.183261439991469,11.34773264386938,True,True
-135.0,95.0,1082,974,0.5449709584096912,0.47845602349634625,0.6151512160905458,0.13669519259419954,-11.183261439991469,11.72823239840116,True,True
-135.0,105.0,1959,1639,0.9244220319223642,0.8679163502878908,0.9795550800093278,0.11163872972143696,-11.183261439991469,12.107683471913834,True,True
-135.0,115.0,4122,2849,1.275027169081727,1.2366275735045127,1.312643952336837,0.07601637883232426,-11.183261439991469,12.458288609073197,True,True
-135.0,125.0,9667,4653,1.471785892252293,1.4461752593973394,1.496854786958262,0.050679527560922644,-11.183261439991469,12.655047332243761,True,True
-135.0,135.0,14392,5534,1.5140974891920778,1.4908958680164874,1.5357249579473493,0.044829089930861876,-11.183261439991469,12.697358929183547,True,True
-135.0,145.0,13929,5451,1.5047424043388595,1.482350798076559,1.527460821399069,0.04511002332251013,-11.183261439991469,12.688003844330328,True,True
-135.0,155.0,14024,5584,1.4539532141670986,1.4313593707055559,1.475713818628032,0.044354447922476226,-11.183261439991469,12.637214654158567,True,True
-135.0,165.0,8464,4579,1.3582238188874252,1.3314698842351618,1.3825376282882793,0.051067744053117536,-11.183261439991469,12.541485258878893,True,True
-135.0,175.0,2697,2106,1.1892443546523572,1.1487396308178761,1.2307625949729653,0.08202296415508914,-11.183261439991469,12.372505794643827,True,True
-125.0,-175.0,807,739,1.1158826366221901,1.0453817969138286,1.1877031413068606,0.142321344393032,-13.731125962142718,14.847008598764909,True,True
-125.0,-165.0,392,374,1.054024091265243,0.9549757835610834,1.1561270520040752,0.2011512684429918,-13.731125962142718,14.78515005340796,True,True
-125.0,-155.0,211,209,0.822714505975607,0.6926446380322676,0.953414853367884,0.2607702153356164,-13.731125962142718,14.553840468118326,True,True
-125.0,-145.0,127,127,0.6767742967800014,0.5550631127822372,0.8084878871057538,0.2534247743235166,-13.731125962142718,14.40790025892272,True,True
-125.0,-135.0,97,96,0.5459704696295077,0.4068263971164241,0.6788216440057157,0.27199524688929155,-13.731125962142718,14.277096431772225,False,True
-125.0,-125.0,87,87,0.4462890555913365,0.3038678182129968,0.5985970688706165,0.2947292506576197,-13.731125962142718,14.177415017734054,False,True
-125.0,-115.0,68,67,0.5334405894133712,0.3788827529318781,0.6870798206912222,0.3081970677593441,-13.731125962142718,14.26456655155609,False,True
-125.0,-105.0,81,79,0.5453445186535257,0.409297458844031,0.6818605873980627,0.27256312855403164,-13.731125962142718,14.276470480796243,False,True
-125.0,-95.0,86,85,0.5952390594601024,0.4725682320442462,0.7383951672557848,0.2658269352115386,-13.731125962142718,14.32636502160282,False,True
-125.0,-85.0,106,104,0.4272821810801534,0.3046797929219178,0.5517018803008519,0.24702208737893405,-13.731125962142718,14.158408143222871,True,True
-125.0,-75.0,119,118,0.23669966955142735,0.12669348096944663,0.3400713506030656,0.21337786963361896,-13.731125962142718,13.967825631694145,True,True
-125.0,-65.0,259,251,0.0587329559718861,-0.01667617494661058,0.1285306622868194,0.14520683723342998,-13.731125962142718,13.789858918114604,True,True
-125.0,-55.0,457,447,0.005197284576493027,-0.044995582465216746,0.0557557131184701,0.10075129558368684,-13.731125962142718,13.736323246719211,True,True
-125.0,-45.0,474,461,-0.03642575099224325,-0.1063738221514826,0.024639220737538218,0.13101304288902083,-13.731125962142718,13.694700211150474,True,True
-125.0,-35.0,574,553,0.011258050806226914,-0.053890111631521784,0.07617829013957475,0.13006840177109652,-13.731125962142718,13.742384012948945,True,True
-125.0,-25.0,984,897,0.022471066754985017,-0.03438107438852568,0.07535706880874653,0.10973814319727221,-13.731125962142718,13.753597028897703,True,True
-125.0,-15.0,1573,1360,0.07489832631659425,0.030715940910876087,0.11990618337682937,0.08919024246595328,-13.731125962142718,13.806024288459312,True,True
-125.0,-5.0,1904,1630,0.0502229554046739,0.005406336414272807,0.09264682265679437,0.08724048624252156,-13.731125962142718,13.781348917547392,True,True
-125.0,5.0,1896,1611,-0.1067214722122428,-0.15298823168578832,-0.06348606838312103,0.08950216330266729,-13.731125962142718,13.624404489930475,True,True
-125.0,15.0,2156,1757,-0.24843825249217907,-0.29319811427730325,-0.20546998419891252,0.08772813007839073,-13.731125962142718,13.48268770965054,True,True
-125.0,25.0,1809,1530,-0.3674089893409546,-0.41811797169294623,-0.31905370231823826,0.09906426937470797,-13.731125962142718,13.363716972801763,True,True
-125.0,35.0,1116,960,-0.36569664815769587,-0.4199250406261853,-0.3034095657689614,0.11651547485722391,-13.731125962142718,13.365429313985022,True,True
-125.0,45.0,588,552,-0.44246211610027464,-0.527974316786233,-0.36172886796855336,0.1662454488176796,-13.731125962142718,13.288663846042443,True,True
-125.0,55.0,506,483,-0.5088550250906732,-0.5936278106808341,-0.42545614357016937,0.16817166711066478,-13.731125962142718,13.222270937052045,True,True
-125.0,65.0,1034,951,-0.40003477628168993,-0.4557582547307771,-0.3448095374100556,0.11094871732072148,-13.731125962142718,13.331091185861029,True,True
-125.0,75.0,1244,1123,-0.20426661926130488,-0.25843135152301494,-0.14779204259236792,0.11063930893064702,-13.731125962142718,13.526859342881414,True,True
-125.0,85.0,1317,1164,0.3632964167567835,0.297907625859564,0.4239860114360354,0.12607838557647144,-13.731125962142718,14.094422378899502,True,True
-125.0,95.0,1754,1475,0.8695560100131065,0.8049504091113862,0.9317046708260556,0.12675426171466941,-13.731125962142718,14.600681972155824,True,True
-125.0,105.0,3157,2346,1.3317156613041188,1.2804997866589283,1.3845378537420099,0.10403806708308161,-13.731125962142718,15.062841623446836,True,True
-125.0,115.0,7954,4242,1.7490664695836526,1.7169737556537334,1.7811892847676052,0.06421552911387174,-13.731125962142718,15.48019243172637,True,True
-125.0,125.0,17162,5884,1.8788277443972008,1.8556135164785754,1.900050965566282,0.04443744908770664,-13.731125962142718,15.609953706539919,True,True
-125.0,135.0,18950,6058,1.8189737065674692,1.7974775500617202,1.8407992498143582,0.043321699752638,-13.731125962142718,15.550099668710187,True,True
-125.0,145.0,14176,5583,1.7064509438259712,1.6821204856428862,1.729682264513547,0.04756177887066082,-13.731125962142718,15.437576905968688,True,True
-125.0,155.0,11785,5255,1.5785603014077052,1.5525008840394356,1.60427528330795,0.05177439926851446,-13.731125962142718,15.309686263550423,True,True
-125.0,165.0,6248,3857,1.4102610799490358,1.3757786616258154,1.443331627320757,0.06755296569494162,-13.731125962142718,15.141387042091754,True,True
-125.0,175.0,2156,1750,1.1734171042785648,1.1257247703018984,1.2198545491947506,0.09412977889285212,-13.731125962142718,14.904543066421283,True,True
-115.0,-175.0,665,621,1.1452643052195863,1.0623308042544526,1.2290496390661902,0.16671883481173766,-12.372041996548525,13.51730630176811,True,True
-115.0,-165.0,340,325,1.080325303805533,0.9675353801413207,1.19952118114114,0.23198580099981925,-12.372041996548525,13.452367300354059,True,True
-115.0,-155.0,246,238,0.8485852716523797,0.7349675472121086,0.9636987221959878,0.2287311749838793,-12.372041996548525,13.220627268200905,True,True
-115.0,-145.0,166,164,0.7110015738723675,0.5861657661511674,0.8441329202643335,0.25796715411316606,-12.372041996548525,13.083043570420893,True,True
-115.0,-135.0,116,114,0.6688666517917262,0.4992497466488894,0.8135918819373424,0.31434213528845306,-12.372041996548525,13.04090864834025,True,True
-115.0,-125.0,83,82,0.6036835042176714,0.4381682222773585,0.7678724189024532,0.32970419662509465,-12.372041996548525,12.975725500766195,False,True
-115.0,-115.0,92,89,0.7638866286460021,0.5937133015793187,0.9472543954240763,0.3535410938447576,-12.372041996548525,13.135928625194527,False,True
-115.0,-105.0,88,87,0.7638755160350691,0.5869160216964538,0.9617523183229632,0.3748362966265093,-12.372041996548525,13.135917512583594,False,True
-115.0,-95.0,113,111,0.5428795120576249,0.35381169620818365,0.7061669259660291,0.3523552297578455,-12.372041996548525,12.914921508606149,True,True
-115.0,-85.0,119,116,0.5567738803245453,0.39113693605709476,0.7079555070735877,0.3168185710164929,-12.372041996548525,12.92881587687307,True,True
-115.0,-75.0,134,130,0.2882450166439063,0.1444525098133716,0.42467819681997265,0.28022568700660105,-12.372041996548525,12.66028701319243,True,True
-115.0,-65.0,295,291,0.12621539736955747,0.03902228956033485,0.20443151021922948,0.16540922065889463,-12.372041996548525,12.498257393918083,True,True
-115.0,-55.0,620,587,0.1051611720208625,0.04429781156213169,0.16218503856442948,0.11788722700229778,-12.372041996548525,12.477203168569387,True,True
-115.0,-45.0,842,775,0.08023005554315973,0.01936358464328003,0.13669515615906555,0.11733157151578552,-12.372041996548525,12.452272052091685,True,True
-115.0,-35.0,1101,1013,0.12222471828527742,0.06763012433734739,0.17820828817720885,0.11057816383986147,-12.372041996548525,12.494266714833802,True,True
-115.0,-25.0,1995,1672,0.1888916740406068,0.145268634332125,0.23552358994955333,0.09025495561742833,-12.372041996548525,12.560933670589131,True,True
-115.0,-15.0,2967,2343,0.23002996151175023,0.1892116429837947,0.27024844347687577,0.08103680049308107,-12.372041996548525,12.602071958060275,True,True
-115.0,-5.0,3320,2521,0.06824162776256913,0.029268423333605974,0.10783426568358696,0.07856584234998099,-12.372041996548525,12.440283624311094,True,True
-115.0,5.0,3698,2721,-0.19108768782618324,-0.2306965855994811,-0.1504282711801741,0.08026831441930701,-12.372041996548525,12.180954308722342,True,True
-115.0,15.0,4143,2890,-0.29607913276377157,-0.332880860782374,-0.26083354079172766,0.07204731999064634,-12.372041996548525,12.075962863784753,True,True
-115.0,25.0,2663,2063,-0.41934390196320304,-0.4660656779775744,-0.3743360546976707,0.09172962327990375,-12.372041996548525,11.952698094585323,True,True
-115.0,35.0,948,864,-0.45902044226070166,-0.5272360274945264,-0.39246093941690063,0.13477508807762573,-12.372041996548525,11.913021554287823,True,True
-115.0,45.0,308,299,-0.37346858668348804,-0.4953918746692791,-0.24440868824348225,0.25098318642579687,-12.372041996548525,11.998573409865037,True,True
-115.0,55.0,161,157,-0.301441865398779,-0.4569670167088996,-0.15589413653954776,0.30107288016935185,-12.372041996548525,12.070600131149746,True,True
-115.0,65.0,152,151,-0.23051281523700398,-0.4125851582764848,-0.06275146419153632,0.34983369408494847,-12.372041996548525,12.14152918131152,True,True
-115.0,75.0,291,282,0.0009783784453181131,-0.13556005959073622,0.13291097776259161,0.26847103735332783,-12.372041996548525,12.373020374993843,True,True
-115.0,85.0,775,721,0.5550044788620105,0.4561285232820849,0.6524227229409784,0.19629419965889344,-12.372041996548525,12.927046475410535,True,True
-115.0,95.0,1967,1624,0.9780204960324826,0.9089261889256945,1.0505661393953414,0.14163995046964684,-12.372041996548525,13.350062492581008,True,True
-115.0,105.0,4517,3039,1.5911070313434812,1.5421777295112884,1.6431750533280916,0.10099732381680315,-12.372041996548525,13.963149027892007,True,True
-115.0,115.0,10357,5001,2.134022775513151,2.1022264252131175,2.165429276639894,0.06320285142677662,-12.372041996548525,14.506064772061675,True,True
-115.0,125.0,19292,6049,2.20677474292064,2.181705669423653,2.2308637536339435,0.049158084210290554,-12.372041996548525,14.578816739469165,True,True
-115.0,135.0,17486,5933,2.0505282878751085,2.024438158563464,2.076035296414898,0.05159713785143394,-12.372041996548525,14.422570284423633,True,True
-115.0,145.0,11278,5152,1.8484531155920507,1.8140541586715166,1.8797549908682745,0.06570083219675782,-12.372041996548525,14.220495112140576,True,True
-115.0,155.0,7513,4251,1.5848629250137354,1.5499357108654783,1.6248087937507325,0.07487308288525418,-12.372041996548525,13.956904921562261,True,True
-115.0,165.0,3860,2800,1.3395617616167317,1.2954472044222896,1.3867144540474954,0.09126724962520583,-12.372041996548525,13.711603758165257,True,True
-115.0,175.0,1512,1319,1.138783164815006,1.07608999925934,1.2034360178322445,0.1273460185729045,-12.372041996548525,13.510825161363531,True,True
-105.0,-175.0,774,729,1.284149900666395,1.1960396201388226,1.3794731174384935,0.18343349729967096,-7.269935127402656,8.55408502806905,True,True
-105.0,-165.0,416,401,1.2329977014900924,1.1124710404122544,1.3499889542601549,0.23751791384790044,-7.269935127402656,8.502932828892748,True,True
-105.0,-155.0,294,286,0.9293008213914226,0.808954337008026,1.0401079425289979,0.23115360552097186,-7.269935127402656,8.199235948794078,True,True
-105.0,-145.0,167,160,0.8947829663187277,0.7331543750483818,1.0624457747758302,0.3292913997274485,-7.269935127402656,8.164718093721383,True,True
-105.0,-135.0,120,116,0.6890444957951221,0.5291101744608789,0.8748773973735998,0.3457672229127209,-7.269935127402656,7.958979623197778,True,True
-105.0,-125.0,90,90,0.839852334607078,0.6568311206985831,1.0379545561439794,0.3811234354453963,-7.269935127402656,8.109787462009734,False,True
-105.0,-115.0,70,70,0.8523321204584589,0.6249365304485546,1.0832575160211886,0.458320985572634,-7.269935127402656,8.122267247861114,False,True
-105.0,-105.0,89,86,0.7426911093716109,0.5578131376960951,0.9366924520181323,0.37887931432203725,-7.269935127402656,8.012626236774267,False,True
-105.0,-95.0,85,84,0.49252194350617134,0.2519394482628585,0.7164674250537248,0.4645279767908663,-7.269935127402656,7.762457070908827,False,True
-105.0,-85.0,110,109,0.6187527328766627,0.41970550272574747,0.8148811815973646,0.3951756788716171,-7.269935127402656,7.888687860279319,True,True
-105.0,-75.0,138,138,0.3140788280238152,0.13372557499513657,0.5041344498316436,0.370408874836507,-7.269935127402656,7.584013955426471,True,True
-105.0,-65.0,299,285,0.27898706059885,0.16746141170438675,0.3867180610822406,0.21925664937785386,-7.269935127402656,7.548922188001506,True,True
-105.0,-55.0,792,725,0.29193168229768285,0.22531488258987134,0.3570217546245519,0.13170687203468054,-7.269935127402656,7.561866809700339,True,True
-105.0,-45.0,1375,1197,0.292727273065114,0.23757415575880955,0.34480200148770207,0.10722784572889252,-7.269935127402656,7.56266240046777,True,True
-105.0,-35.0,1814,1563,0.2524092774616548,0.1994977632594349,0.30955565380513,0.11005789054569509,-7.269935127402656,7.52234440486431,True,True
-105.0,-25.0,2929,2261,0.35111116462587955,0.30222884418130175,0.4004702999189837,0.09824145573768195,-7.269935127402656,7.621046292028535,True,True
-105.0,-15.0,4072,2966,0.3283763655685296,0.28542228088854826,0.3736267438923286,0.08820446300378032,-7.269935127402656,7.5983114929711855,True,True
-105.0,-5.0,5245,3449,-0.048509395816637414,-0.08584216886047273,-0.008474075531124522,0.07736809332934821,-7.269935127402656,7.221425731586018,True,True
-105.0,5.0,7778,4332,-0.2207910387611725,-0.2508816653477417,-0.191368280084288,0.059513385263453705,-7.269935127402656,7.049144088641484,True,True
-105.0,15.0,6718,3940,-0.3583905839376816,-0.3930335222463438,-0.32792311125215307,0.06511041099419074,-7.269935127402656,6.9115445434649745,True,True
-105.0,25.0,2662,2068,-0.652158349642102,-0.7130368686377234,-0.5946558655864679,0.11838100305125554,-7.269935127402656,6.617776777760554,True,True
-105.0,35.0,637,597,-0.7076495742951106,-0.8152323509073447,-0.5934450763611249,0.22178727454621983,-7.269935127402656,6.562285553107545,True,True
-105.0,45.0,210,206,-0.2547105304067923,-0.4211592845027829,-0.08500774680979235,0.33615153769299055,-7.269935127402656,7.015224596995863,True,True
-105.0,55.0,145,143,-0.2390448186413245,-0.4554164871088167,-0.008464272834686579,0.4469522142741301,-7.269935127402656,7.0308903087613315,True,True
-105.0,65.0,155,154,-0.07965933675484094,-0.29251090458179446,0.11765724892612911,0.41016815350792357,-7.269935127402656,7.1902757906478145,True,True
-105.0,75.0,235,232,0.12386249604963599,-0.03805036347772369,0.3079937090477053,0.34604407252542896,-7.269935127402656,7.393797623452292,True,True
-105.0,85.0,559,523,0.35279709798399833,0.23342109261199673,0.47367354255305694,0.2402524499410602,-7.269935127402656,7.622732225386654,True,True
-105.0,95.0,1797,1506,1.1121181620507172,1.0257448525868411,1.198317590439213,0.17257273785237182,-7.269935127402656,8.382053289453372,True,True
-105.0,105.0,5054,3335,1.7895642043847568,1.7299861246987835,1.8427369814750463,0.11275085677626273,-7.269935127402656,9.059499331787412,True,True
-105.0,115.0,10678,5022,2.3737259906005073,2.3341554348049858,2.4090153405052557,0.0748599057002699,-7.269935127402656,9.643661118003163,True,True
-105.0,125.0,16740,5956,2.4739920561860007,2.4418694282883737,2.5057186364594006,0.0638492081710269,-7.269935127402656,9.743927183588657,True,True
-105.0,135.0,13961,5631,2.271365475558515,2.237899520006494,2.305226563069932,0.06732704306343784,-7.269935127402656,9.54130060296117,True,True
-105.0,145.0,8221,4511,1.8713549837869852,1.8324002876423413,1.9120488566953753,0.07964856905303397,-7.269935127402656,9.14129011118964,True,True
-105.0,155.0,5415,3541,1.5309314231739466,1.4825939383578284,1.5790602494308603,0.09646631107303194,-7.269935127402656,8.800866550576602,True,True
-105.0,165.0,3049,2314,1.2958323417129656,1.2400310008743312,1.3502131532658266,0.11018215239149542,-7.269935127402656,8.565767469115622,True,True
-105.0,175.0,1423,1240,1.214006843184473,1.14797398198189,1.2843070323253631,0.1363330503434732,-7.269935127402656,8.483941970587129,True,True
-95.0,-175.0,1159,1028,1.7560927446725825,1.6702460844773883,1.8583321907087844,0.1880861062313961,0.3567127054914998,1.3993800391810827,True,True
-95.0,-165.0,561,528,1.393316849427468,1.2595958514860495,1.5207443495395219,0.2611484980534724,0.3567127054914998,1.0366041439359681,True,True
-95.0,-155.0,341,333,1.1302130952443825,0.9827776184143708,1.2900702982525503,0.30729267983817943,0.3567127054914998,0.7735003897528827,True,True
-95.0,-145.0,199,182,1.0579797203259973,0.8864367391314106,1.2591768107030459,0.37274007157163525,0.3567127054914998,0.7012670148344975,True,True
-95.0,-135.0,107,105,0.7961216650358238,0.5848299338833896,1.047594590263225,0.46276465637983555,0.3567127054914998,0.439408959544324,True,True
-95.0,-125.0,51,50,1.1184496552727796,0.7273163928135646,1.5417323890407129,0.8144159962271482,0.3567127054914998,0.7617369497812798,False,True
-95.0,-115.0,49,49,1.0099653619848796,0.6388826556199331,1.3798685154613786,0.7409858598414455,0.3567127054914998,0.6532526564933798,False,True
-95.0,-105.0,51,51,1.2148039898176237,0.8291128828228886,1.6269121203253754,0.7977992375024867,0.3567127054914998,0.8580912843261239,False,True
-95.0,-95.0,60,60,0.9788925233730746,0.7135004844088727,1.2628029578700748,0.5493024734612021,0.3567127054914998,0.6221798178815748,False,True
-95.0,-85.0,80,76,0.7214973580610986,0.3494707298973156,1.128631341743158,0.7791606118458423,0.3567127054914998,0.3647846525695988,False,False
-95.0,-75.0,130,129,0.6850770190941999,0.41084271248938564,0.9347114142863726,0.523868701796987,0.3567127054914998,0.32836431360270013,True,True
-95.0,-65.0,280,269,0.48533379930969717,0.3074564066020022,0.6605330970086708,0.3530766904066686,0.3567127054914998,0.12862109381819736,True,False
-95.0,-55.0,1022,920,0.5284146970057492,0.45843163356353617,0.6039304851278005,0.1454988515642643,0.3567127054914998,0.17170199151424936,True,True
-95.0,-45.0,2271,1864,0.5154572905165834,0.4631956947798046,0.565613634467404,0.10241793968759938,0.3567127054914998,0.1587445850250836,True,True
-95.0,-35.0,3003,2327,0.5811573414096238,0.5331848122611831,0.635111994254759,0.10192718199357587,0.3567127054914998,0.22444463591812402,True,True
-95.0,-25.0,4105,2936,0.6136386720147279,0.5643901196581883,0.661760977258268,0.09737085760007969,0.3567127054914998,0.2569259665232281,True,True
-95.0,-15.0,5759,3710,0.20657812337870693,0.16085550179435892,0.25481242247073377,0.09395692067637484,0.3567127054914998,-0.15013458211279287,True,True
-95.0,-5.0,10331,5036,-0.06766644457248792,-0.10057539251019183,-0.03519621374450954,0.06537917876568229,0.3567127054914998,-0.42437915006398774,True,True
-95.0,5.0,11875,5411,-0.18338099162185673,-0.21352707155788722,-0.1513715811713048,0.06215549038658241,0.3567127054914998,-0.5400936971133565,True,True
-95.0,15.0,5270,3467,-0.478707286284652,-0.5326389110745819,-0.4306453551229933,0.10199355595158865,0.3567127054914998,-0.8354199917761518,True,True
-95.0,25.0,1291,1143,-0.9084961854953068,-1.0151896588760063,-0.7978031271284468,0.2173865317475595,0.3567127054914998,-1.2652088909868064,True,True
-95.0,35.0,328,315,-0.7850114968433707,-0.9926893825484575,-0.5833892101952076,0.4093001723532499,0.3567127054914998,-1.1417242023348706,True,True
-95.0,45.0,263,253,-0.4066607592555908,-0.650880047519574,-0.19896452106333587,0.4519155264562381,0.3567127054914998,-0.7633734647470907,True,True
-95.0,55.0,347,338,-0.2843039310274574,-0.48294498518240936,-0.07084243061686181,0.41210255456554756,0.3567127054914998,-0.6410166365189571,True,True
-95.0,65.0,623,590,-0.17257660450438875,-0.3086165117754689,-0.03706797601137763,0.27154853576409127,0.3567127054914998,-0.5292893099958885,True,True
-95.0,75.0,807,735,-0.055168425841474716,-0.18693125279226577,0.06083493431570052,0.2477661871079663,0.3567127054914998,-0.41188113133297455,True,True
-95.0,85.0,1063,947,0.5205226147564078,0.3987125430827878,0.6372092298007572,0.23849668671796942,0.3567127054914998,0.16380990926490802,True,True
-95.0,95.0,2018,1661,1.1488283202455545,1.049674759714315,1.2487345648269228,0.1990598051126078,0.3567127054914998,0.7921156147540547,True,True
-95.0,105.0,4889,3233,1.7658523431022697,1.6880593194611015,1.8336722342733898,0.14561291481228822,0.3567127054914998,1.4091396376107699,True,True
-95.0,115.0,9258,4754,2.3252466165789,2.2697437352141177,2.378474204500509,0.10873046928639152,0.3567127054914998,1.9685339110874,True,True
-95.0,125.0,12697,5570,2.550646894515542,2.509756984464218,2.6001175194644746,0.09036053500025654,0.3567127054914998,2.1939341890240422,True,True
-95.0,135.0,10442,5166,2.275268057613237,2.2281887390176234,2.321310211021011,0.0931214720033875,0.3567127054914998,1.9185553521217371,True,True
-95.0,145.0,6878,4041,1.8538937708010104,1.8038732595025264,1.9069071015666486,0.10303384206412214,0.3567127054914998,1.4971810653095106,True,True
-95.0,155.0,4870,3299,1.5239092333928788,1.4688935346604617,1.5806509449071797,0.11175741024671804,0.3567127054914998,1.167196527901379,True,True
-95.0,165.0,3327,2528,1.348782233481456,1.290029359991646,1.4047314288766841,0.1147020688850382,0.3567127054914998,0.9920695279899563,True,True
-95.0,175.0,1879,1591,1.4959022172317338,1.4205228672677375,1.5654288963154162,0.14490602904767869,0.3567127054914998,1.139189511740234,True,True
-85.0,-175.0,1870,1541,3.0552698931612023,2.9320026102370296,3.181911067525282,0.24990845728825262,8.543428273891141,-5.488158380729939,True,True
-85.0,-165.0,623,584,1.954196110013367,1.7769702304456112,2.13426675867571,0.35729652823009883,8.543428273891141,-6.589232163877774,True,True
-85.0,-155.0,249,244,1.4338908630216858,1.2009733671437415,1.6609834813181577,0.4600101141744162,8.543428273891141,-7.109537410869455,True,True
-85.0,-145.0,125,123,1.4240817224678424,1.039654071422355,1.7683719077620994,0.7287178363397444,8.543428273891141,-7.119346551423299,True,True
-85.0,-135.0,34,34,0.9685343527179476,0.5194814379222493,1.4316366800528053,0.912155242130556,8.543428273891141,-7.574893921173194,False,True
-85.0,-125.0,26,26,2.0939518708691804,1.210356590082739,3.066292800507406,1.8559362104246668,8.543428273891141,-6.449476403021961,False,True
-85.0,-115.0,19,18,1.4444032508682512,0.24615962129925414,2.7246621310081873,2.478502509708933,8.543428273891141,-7.09902502302289,False,True
-85.0,-105.0,15,15,1.1322898817128146,0.3669664003461637,1.882439756107397,1.5154733557612334,8.543428273891141,-7.4111383921783265,False,True
-85.0,-95.0,17,17,1.2684866780822786,0.4066579267964488,2.2355183620837753,1.8288604352873266,8.543428273891141,-7.274941595808863,False,True
-85.0,-85.0,44,43,1.6931994964335872,1.0510095208769354,2.4375917870436687,1.3865822661667333,8.543428273891141,-6.850228777457554,False,True
-85.0,-75.0,105,103,1.1500726504922143,0.7464575515552804,1.5803937438160447,0.8339361922607643,8.543428273891141,-7.393355623398927,True,True
-85.0,-65.0,319,300,1.2716379604740697,1.0567190900197234,1.4903517055022077,0.43363261548248433,8.543428273891141,-7.271790313417071,True,True
-85.0,-55.0,1300,1125,0.9761801920481816,0.8533087358727293,1.0905346302275,0.23722589435477082,8.543428273891141,-7.56724808184296,True,True
-85.0,-45.0,4019,2853,0.9706103572468856,0.9022382106345357,1.0397399987181275,0.1375017880835918,8.543428273891141,-7.572817916644256,True,True
-85.0,-35.0,5801,3707,0.9010301690253041,0.8437320795362453,0.9627814657556719,0.11904938621942662,8.543428273891141,-7.642398104865837,True,True
-85.0,-25.0,7079,4156,0.6819777817612188,0.6204633745345681,0.7380433328119915,0.1175799582774234,8.543428273891141,-7.861450492129922,True,True
-85.0,-15.0,10688,5180,0.20338446758471487,0.15461861734186574,0.24947417391740878,0.09485555657554304,8.543428273891141,-8.340043806306426,True,True
-85.0,-5.0,14833,5929,0.05651836760671036,0.019294041693789267,0.09409195101906147,0.0747979093252722,8.543428273891141,-8.486909906284431,True,True
-85.0,5.0,8201,4546,0.015238701760423606,-0.03652514018728509,0.06900002201910668,0.10552516220639177,8.543428273891141,-8.528189572130717,True,True
-85.0,15.0,1525,1316,-0.49541971650359895,-0.6240657428948068,-0.3611053674104627,0.2629603754843441,8.543428273891141,-9.038847990394741,True,True
-85.0,25.0,271,268,-0.8190811273369243,-1.1695971948388366,-0.47429376068683077,0.6953034341520059,8.543428273891141,-9.362509401228065,True,True
-85.0,35.0,189,185,-0.6742934907269056,-1.0546618575405347,-0.29985411782687443,0.7548077397136602,8.543428273891141,-9.217721764618046,True,True
-85.0,45.0,375,353,-0.628327432858201,-0.9559855456576389,-0.32829274577333617,0.6276927998843027,8.543428273891141,-9.171755706749343,True,True
-85.0,55.0,940,852,-0.5339131154982018,-0.7056271324258103,-0.3621073056540148,0.34351982677179554,8.543428273891141,-9.077341389389343,True,True
-85.0,65.0,2111,1722,-0.49620299836370696,-0.613742548275142,-0.37667011795427313,0.23707243032086883,8.543428273891141,-9.039631272254848,True,True
-85.0,75.0,2362,1865,-0.24455758491313342,-0.34527235741228374,-0.137971828177232,0.20730052923505174,8.543428273891141,-8.787985858804275,True,True
-85.0,85.0,1735,1468,0.3087547105231067,0.17414478509914208,0.43625360056064616,0.2621088154615041,8.543428273891141,-8.234673563368034,True,True
-85.0,95.0,2188,1762,0.8623953036817197,0.7286413597621133,0.9882092833978728,0.25956792363575953,8.543428273891141,-7.681032970209421,True,True
-85.0,105.0,3980,2835,1.6078912165828838,1.5071574390795575,1.7142351232909139,0.20707768421135642,8.543428273891141,-6.935537057308258,True,True
-85.0,115.0,7412,4259,2.0990611438737625,2.018542376383524,2.170075370036002,0.15153299365247808,8.543428273891141,-6.444367130017379,True,True
-85.0,125.0,10595,5134,2.4183875830073363,2.354374153182901,2.4768299988520743,0.12245584566917334,8.543428273891141,-6.1250406908838055,True,True
-85.0,135.0,10197,5011,2.357841164099146,2.2971968392432376,2.423779319496979,0.1265824802537412,8.543428273891141,-6.185587109791996,True,True
-85.0,145.0,7686,4365,1.9487791218274881,1.8869017938343655,2.009770770256284,0.12286897642191863,8.543428273891141,-6.594649152063653,True,True
-85.0,155.0,6734,3970,1.6648224460590195,1.6041828742577278,1.7230601371298793,0.1188772628721515,8.543428273891141,-6.878605827832121,True,True
-85.0,165.0,5532,3548,1.7343231599713644,1.6742667267163283,1.7914253422179292,0.1171586155016009,8.543428273891141,-6.809105113919777,True,True
-85.0,175.0,3132,2381,2.304484212769343,2.2146155294334,2.3942204871934454,0.17960495776004537,8.543428273891141,-6.238944061121798,True,True
-75.0,-175.0,1063,938,3.9758660505519,3.732367853940055,4.2675526264633055,0.5351847725232504,15.096587752580287,-11.120721702028387,True,True
-75.0,-165.0,254,243,3.0129367823585116,2.5611805159928727,3.4588037834838747,0.8976232674910021,15.096587752580287,-12.083650970221775,True,True
-75.0,-155.0,52,51,3.2281406655057734,2.1418846364690243,4.379412896474681,2.2375282600056563,15.096587752580287,-11.868447087074514,False,True
-75.0,-145.0,13,13,1.6143254719553999,-0.09225435451162779,3.4393340125425813,3.531588367054209,15.096587752580287,-13.482262280624887,False,True
-75.0,-135.0,2,2,1.2183676293402783,-0.32320249865065004,2.7599377573312065,3.0831402559818564,15.096587752580287,-13.878220123240009,False,True
-75.0,-125.0,4,4,0.08813064739824827,-1.113773043845687,1.6063434203843738,2.7201164642300606,15.096587752580287,-15.008457105182039,False,True
-75.0,-115.0,4,4,8.764675409135274,3.7251814418779134,14.260851601858802,10.535670159980889,15.096587752580287,-6.331912343445014,False,True
-75.0,-105.0,4,4,3.8742673266706262,0.8373527474423956,6.911181905898856,6.07382915845646,15.096587752580287,-11.222320425909661,False,True
-75.0,-95.0,4,4,2.2502850202975693,-0.12850500754143265,4.629075048136571,4.7575800556780035,15.096587752580287,-12.846302732282718,False,True
-75.0,-85.0,15,15,3.166993440068326,1.2416849589341448,5.1914479990023805,3.9497630400682358,15.096587752580287,-11.929594312511961,False,True
-75.0,-75.0,44,43,2.0424882861031803,1.1139558549343815,2.9649018587736538,1.8509460038392722,15.096587752580287,-13.054099466477107,False,True
-75.0,-65.0,280,260,2.1936044079144974,1.6120664047727054,2.7445181458335592,1.132451741060854,15.096587752580287,-12.90298334466579,True,True
-75.0,-55.0,2547,1952,2.0048461736291685,1.8150721711678257,2.2161528214112978,0.40108065024347206,15.096587752580287,-13.091741578951119,True,True
-75.0,-45.0,17511,6015,0.409863361081979,0.3352538593063959,0.49077430160794494,0.15552044230154904,15.096587752580287,-14.68672439149831,True,True
-75.0,-35.0,28722,6837,-0.12052110406243453,-0.17818139730988636,-0.06155348252840753,0.11662791478147883,15.096587752580287,-15.217108856642723,True,True
-75.0,-25.0,17866,6146,0.771207684226986,0.6989284960902298,0.8451288214401546,0.14620032534992478,15.096587752580287,-14.3253800683533,True,True
-75.0,-15.0,19419,6337,0.6641881224655708,0.6035555973359923,0.7219993545332418,0.11844375719724953,15.096587752580287,-14.432399630114716,True,True
-75.0,-5.0,11259,5225,0.32906814564725917,0.24797923677518985,0.4110858947770501,0.16310665800186025,15.096587752580287,-14.767519606933028,True,True
-75.0,5.0,1922,1573,0.046435323947379765,-0.13108418542103015,0.2173454583872253,0.3484296438082555,15.096587752580287,-15.050152428632908,True,True
-75.0,15.0,147,144,-0.8344420191454739,-1.6482437535581385,-0.09488206134641056,1.553361692211728,15.096587752580287,-15.931029771725761,True,True
-75.0,25.0,41,39,-1.4471207703605136,-2.7835126591051838,-0.10198323093205151,2.6815294281731323,15.096587752580287,-16.5437085229408,False,True
-75.0,35.0,37,37,-2.1618658121710483,-3.875869530139166,-0.5772415869956935,3.2986279431434724,15.096587752580287,-17.258453564751335,False,True
-75.0,45.0,85,84,-1.4082460441138012,-2.4243948523968184,-0.4875860473250447,1.9368088050717738,15.096587752580287,-16.50483379669409,False,True
-75.0,55.0,205,195,-1.7309106432293495,-2.284268909684496,-1.1983167952225973,1.0859521144618989,15.096587752580287,-16.827498395809638,True,True
-75.0,65.0,435,417,-1.204566648221629,-1.5740940746005478,-0.8322014344070126,0.7418926401935353,15.096587752580287,-16.301154400801916,True,True
-75.0,75.0,543,511,-0.8516351792938213,-1.1699605038618643,-0.5006066829324883,0.669353820929376,15.096587752580287,-15.948222931874108,True,True
-75.0,85.0,523,494,0.0173978534693904,-0.35793036173437576,0.38182432324457827,0.739754684978954,15.096587752580287,-15.079189899110897,True,True
-75.0,95.0,701,647,0.3297341317601,-0.032477240141534996,0.6790409302251792,0.7115181703667142,15.096587752580287,-14.766853620820187,True,True
-75.0,105.0,1587,1346,1.1061667217601734,0.8686637666427361,1.3611561848708875,0.4924924182281514,15.096587752580287,-13.990421030820114,True,True
-75.0,115.0,4754,3239,2.2222114337814514,2.067660595076978,2.3731856319549713,0.3055250368779934,15.096587752580287,-12.874376318798836,True,True
-75.0,125.0,10086,5035,2.969372749479027,2.862456525969752,3.0729147819913876,0.21045825602163548,15.096587752580287,-12.12721500310126,True,True
-75.0,135.0,13106,5596,2.7892398411991293,2.700970674464699,2.8803103656801996,0.17933969121550053,15.096587752580287,-12.307347911381157,True,True
-75.0,145.0,13022,5598,2.5163254096636636,2.434800900896975,2.5975284240483307,0.16272752315135586,15.096587752580287,-12.580262342916624,True,True
-75.0,155.0,12617,5512,2.342081601086195,2.2604058105152425,2.420663722464773,0.16025791194953065,15.096587752580287,-12.754506151494093,True,True
-75.0,165.0,9019,4698,2.8887602936968557,2.797048832629756,2.9828856598593836,0.18583682722962758,15.096587752580287,-12.207827458883433,True,True
-75.0,175.0,3493,2595,3.5511680078823282,3.3964999767929482,3.6862087426994323,0.2897087659064841,15.096587752580287,-11.54541974469796,True,True
-65.0,-175.0,54,54,5.694508701694219,3.73160377787353,7.424865733930356,3.6932619560568263,18.181196451834044,-12.486687750139826,False,True
-65.0,-165.0,10,10,4.878662286520521,1.216126118707438,8.939502501358826,7.723376382651388,18.181196451834044,-13.302534165313523,False,True
-65.0,-145.0,1,1,9.08890810859797,9.08890810859797,9.08890810859797,0.0,18.181196451834044,-9.092288343236074,False,True
-65.0,-135.0,1,1,0.0,0.0,0.0,0.0,18.181196451834044,-18.181196451834044,False,True
-65.0,-125.0,1,1,0.0,0.0,0.0,0.0,18.181196451834044,-18.181196451834044,False,True
-65.0,-85.0,2,2,9.93009267866613,9.543125326343246,10.317060030989014,0.7739347046457681,18.181196451834044,-8.251103773167914,False,True
-65.0,-75.0,6,6,10.99416959881733,4.781773306007935,18.583654253981074,13.801880947973139,18.181196451834044,-7.1870268530167145,False,False
-65.0,-65.0,53,51,4.216356590249848,0.6417467189952242,6.998939509840694,6.35719279084547,18.181196451834044,-13.964839861584196,False,True
-65.0,-55.0,1098,974,2.8800994922199625,2.3975578852836334,3.3841584238610087,0.9866005385773753,18.181196451834044,-15.301096959614082,True,True
-65.0,-45.0,14653,5564,-0.3312349822122278,-0.44942341218613097,-0.2113852636328176,0.23803814855331337,18.181196451834044,-18.51243143404627,True,True
-65.0,-35.0,18800,6027,-0.4399076870457294,-0.5569339257281959,-0.3316853756670454,0.22524855006115047,18.181196451834044,-18.621104138879772,True,True
-65.0,-25.0,6649,3968,1.68468147483406,1.4722116684379056,1.894040361950569,0.4218286935126634,18.181196451834044,-16.496514976999983,True,True
-65.0,-15.0,5712,3625,1.4565665689950538,1.275180914363846,1.6347739379682484,0.3595930236044025,18.181196451834044,-16.72462988283899,True,True
-65.0,-5.0,1223,1086,0.2767062950533025,-0.2052527313939878,0.7051483498522094,0.9104010812461972,18.181196451834044,-17.904490156780742,True,True
-65.0,5.0,48,47,0.427417458570362,-2.5185786220509656,2.9679138061222408,5.486492428173206,18.181196451834044,-17.753778993263683,False,True
-65.0,15.0,3,3,5.746338881766917,1.065974292974748,11.678362440260996,10.612388147286248,18.181196451834044,-12.434857570067127,False,True
-65.0,25.0,1,1,0.0,0.0,0.0,0.0,18.181196451834044,-18.181196451834044,False,True
-65.0,35.0,3,3,-0.2799958888743281,-0.8399876666229842,0.0,0.8399876666229842,18.181196451834044,-18.461192340708372,False,True
-65.0,45.0,4,4,-3.9108451258057624,-11.3364030225866,0.0,11.3364030225866,18.181196451834044,-22.092041577639804,False,True
-65.0,55.0,4,4,-0.2730780521254026,-10.421460787845835,9.754376108128325,20.175836895974157,18.181196451834044,-18.454274503959446,False,True
-65.0,65.0,2,2,-8.33876383830971,-16.67752767661942,0.0,16.67752767661942,18.181196451834044,-26.519960290143754,False,True
-65.0,75.0,5,5,-7.276709308144319,-13.522752787629837,-1.1595790315279109,12.363173756101926,18.181196451834044,-25.457905759978363,False,True
-65.0,85.0,10,10,-2.069190947136314,-6.096905778538479,2.1561020936880615,8.25300787222654,18.181196451834044,-20.250387398970357,False,True
-65.0,95.0,17,17,1.6316849277211256,-1.8197434191426736,4.902270913692404,6.722014332835077,18.181196451834044,-16.54951152411292,False,True
-65.0,105.0,93,92,0.7874511238133636,-0.9983883171416187,2.8140923724409257,3.8124806895825443,18.181196451834044,-17.39374532802068,False,True
-65.0,115.0,479,462,3.306152113918617,2.3948112538879074,4.225877174409105,1.8310659205211972,18.181196451834044,-14.875044337915426,True,True
-65.0,125.0,1882,1581,4.720048726818981,4.29568969949639,5.127300755659332,0.8316110561629424,18.181196451834044,-13.461147725015064,True,True
-65.0,135.0,3215,2432,4.454705463936812,4.162409067166196,4.764327176456756,0.6019181092905592,18.181196451834044,-13.726490987897233,True,True
-65.0,145.0,3723,2732,3.4352447735677187,3.191587271982507,3.676753345282858,0.4851660733003511,18.181196451834044,-14.745951678266325,True,True
-65.0,155.0,3360,2535,3.481914181090646,3.240176592808595,3.6793694171620532,0.4391928243534582,18.181196451834044,-14.699282270743398,True,True
-65.0,165.0,1779,1496,5.553205724987552,5.224729843099957,5.906409734813326,0.6816798917133688,18.181196451834044,-12.627990726846491,True,True
-65.0,175.0,382,366,6.004728634845473,5.241197639296689,6.829283004526403,1.5880853652297136,18.181196451834044,-12.17646781698857,True,True
-55.0,-175.0,1,1,-0.09566947780681044,-0.09566947780681044,-0.09566947780681044,0.0,16.82211248623985,-16.91778196404666,False,True
-55.0,-155.0,1,1,-0.14769454318386166,-0.14769454318386166,-0.14769454318386166,0.0,16.82211248623985,-16.96980702942371,False,True
-55.0,-145.0,1,1,1.4469043632700496,1.4469043632700496,1.4469043632700496,0.0,16.82211248623985,-15.375208122969799,False,True
-55.0,-125.0,1,1,-0.9857461829540887,-0.9857461829540887,-0.9857461829540887,0.0,16.82211248623985,-17.807858669193937,False,True
-55.0,-95.0,1,1,-43.450567730040156,-43.450567730040156,-43.450567730040156,0.0,16.82211248623985,-60.27268021628001,False,True
-55.0,-85.0,3,3,-2.1000785791495966,-6.30023573744879,0.0,6.30023573744879,16.82211248623985,-18.922191065389445,False,True
-55.0,-75.0,5,5,0.9394323233867684,-0.7527506704517721,2.675416487220361,3.4281671576721333,16.82211248623985,-15.882680162853081,False,True
-55.0,-65.0,191,178,0.3991635379095514,-0.42876848226247294,1.341245496890014,1.770013979152487,16.82211248623985,-16.422948948330298,True,True
-55.0,-55.0,10244,4538,-0.5148078075381609,-0.6345259673640077,-0.399617488519809,0.2349084788441987,16.82211248623985,-17.33692029377801,True,True
-55.0,-45.0,56862,7402,-0.518543926467059,-0.5725636624704398,-0.46354839015745103,0.10901527231298874,16.82211248623985,-17.34065641270691,True,True
-55.0,-35.0,23777,6676,0.25756594368480873,0.15987476891871116,0.3543804398351139,0.19450567091640275,16.82211248623985,-16.56454654255504,True,True
-55.0,-25.0,6334,3717,0.48381651782349777,0.3102441893851731,0.653364266108137,0.3431200767229639,16.82211248623985,-16.33829596841635,True,True
-55.0,-15.0,448,421,0.592931312703075,-0.048434267871446945,1.2504084103396789,1.2988426782111258,16.82211248623985,-16.229181173536773,True,True
-55.0,-5.0,16,16,2.5041072640494586,-0.652098137439248,6.481254311535716,7.133352448974964,16.82211248623985,-14.31800522219039,False,True
-55.0,15.0,1,1,0.0,0.0,0.0,0.0,16.82211248623985,-16.82211248623985,False,True
-55.0,35.0,1,1,-2.740302038152759,-2.740302038152759,-2.740302038152759,0.0,16.82211248623985,-19.562414524392608,False,True
-55.0,45.0,1,1,0.0,0.0,0.0,0.0,16.82211248623985,-16.82211248623985,False,True
-55.0,55.0,1,1,-3.9987293887422095,-3.9987293887422095,-3.9987293887422095,0.0,16.82211248623985,-20.820841874982058,False,True
-55.0,75.0,1,1,18.807905540462993,18.807905540462993,18.807905540462993,0.0,16.82211248623985,1.9857930542231443,False,True
-55.0,85.0,1,1,0.0,0.0,0.0,0.0,16.82211248623985,-16.82211248623985,False,True
-55.0,95.0,2,2,-1.3127457617124856,-6.438769391237344,3.8132778678123724,10.252047259049716,16.82211248623985,-18.134858247952334,False,True
-55.0,105.0,24,24,-0.803503129511991,-4.749209530868777,2.280723447855587,7.029932978724364,16.82211248623985,-17.62561561575184,False,True
-55.0,115.0,487,462,-0.16291296405765834,-0.6977739034372968,0.3448086567161001,1.042582560153397,16.82211248623985,-16.985025450297506,True,True
-55.0,125.0,4473,3022,-1.9495212197019165,-2.1170769223306154,-1.7932013660615829,0.3238755562690325,16.82211248623985,-18.771633705941767,True,True
-55.0,135.0,11484,5188,-1.5889253949906748,-1.6812153378876245,-1.4893598715401033,0.19185546634752115,16.82211248623985,-18.411037881230524,True,True
-55.0,145.0,7253,4094,-1.3398238637195339,-1.4714191629345332,-1.2079389981670312,0.263480164767502,16.82211248623985,-18.161936349959383,True,True
-55.0,155.0,1758,1459,-1.8717593629982734,-2.1300902022988497,-1.6375934669620482,0.4924967353368015,16.82211248623985,-18.69387184923812,True,True
-55.0,165.0,186,182,-3.035114971925036,-3.900515346930894,-2.197759591215944,1.70275575571495,16.82211248623985,-19.857227458164886,True,True
-55.0,175.0,12,12,-3.2622391126336177,-6.651490008875378,0.013972137324048424,6.665462146199426,16.82211248623985,-20.084351598873468,False,True
-45.0,-75.0,17,17,-1.3539269019446294,-2.5501435941981625,-0.01730814514309647,2.532835449055066,11.183261439991465,-12.537188341936094,False,True
-45.0,-65.0,126,116,0.4302268908975399,0.02226851546994712,0.8393091220312209,0.8170406065612738,11.183261439991465,-10.753034549093925,True,True
-45.0,-55.0,1767,1416,0.4048715351081317,0.257018179406407,0.5486868573164801,0.29166867791007317,11.183261439991465,-10.778389904883333,True,True
-45.0,-45.0,4151,2808,0.44800411540217266,0.34470677292069374,0.5492987728423889,0.2045919999216952,11.183261439991465,-10.735257324589293,True,True
-45.0,-35.0,1336,1146,0.29562884829360986,0.12197581550011416,0.48302825594521104,0.3610524404450969,11.183261439991465,-10.887632591697855,True,True
-45.0,-25.0,146,144,0.42800663047976706,-0.10357511511042662,0.9784652880692798,1.0820404031797064,11.183261439991465,-10.755254809511698,True,True
-45.0,-15.0,11,11,-0.14704104117565972,-1.4526132531411766,1.0645465745219556,2.517159827663132,11.183261439991465,-11.330302481167125,False,True
-45.0,5.0,2,2,0.0,0.0,0.0,0.0,11.183261439991465,-11.183261439991465,False,True
-45.0,95.0,5,5,0.9017894299316215,0.0,2.162390041184885,2.162390041184885,11.183261439991465,-10.281472010059844,False,True
-45.0,105.0,13,13,-1.1453074601201352,-2.7222513729445623,0.20124045155657785,2.92349182450114,11.183261439991465,-12.3285689001116,False,True
-45.0,115.0,205,201,-0.2010958021058211,-0.6306715143574977,0.23997100751657596,0.8706425218740736,11.183261439991465,-11.384357242097286,True,True
-45.0,125.0,1380,1196,-0.6700583013996558,-0.7964373996781613,-0.5339981956055389,0.26243920407262245,11.183261439991465,-11.853319741391122,True,True
-45.0,135.0,2134,1734,-0.890958124917251,-1.0045097337607427,-0.7699237447649163,0.2345859889958264,11.183261439991465,-12.074219564908717,True,True
-45.0,145.0,521,490,-0.6511524650689786,-0.87106993708526,-0.4209976305428318,0.45007230654242825,11.183261439991465,-11.834413905060444,True,True
-45.0,155.0,62,62,-0.7592327487030114,-1.487378864124287,-0.013986292838820302,1.4733925712854667,11.183261439991465,-11.942494188694477,False,True
-45.0,165.0,6,6,-1.4256952234995837,-4.246714112521208,0.7370955191344494,4.9838096316556575,11.183261439991465,-12.60895666349105,False,True
-45.0,175.0,2,2,0.19140001679941399,0.0,0.38280003359882797,0.38280003359882797,11.183261439991465,-10.991861423192052,False,True
-35.0,-175.0,1,1,1.107123937581706,1.107123937581706,1.107123937581706,0.0,2.547864522151251,-1.440740584569545,False,True
-35.0,-115.0,2,2,-0.8251943487639448,-2.074007094496221,0.4236183969683314,2.4976254914645524,2.547864522151251,-3.3730588709151954,False,True
-35.0,-85.0,3,3,1.6743434828204948,0.0,3.7024788969025253,3.7024788969025253,2.547864522151251,-0.873521039330756,False,False
-35.0,-75.0,5,5,-0.18505898555070527,-2.3181115802868506,1.2974215965232438,3.6155331768100947,2.547864522151251,-2.732923507701956,False,True
-35.0,-65.0,47,47,0.30586837349381013,-0.017484162898948632,0.614748095374207,0.6322322582731557,2.547864522151251,-2.2419961486574405,False,True
-35.0,-55.0,149,147,-0.002151072464223036,-0.311630131727912,0.3150586964993319,0.6266888282272438,2.547864522151251,-2.550015594615474,True,True
-35.0,-45.0,95,89,0.12044283426123063,-0.23302484900959153,0.5211422092195745,0.7541670582291661,2.547864522151251,-2.4274216878900203,False,True
-35.0,-35.0,17,17,-0.19222898085505502,-1.3989023599751058,0.833427612652016,2.232329972627122,2.547864522151251,-2.740093503006306,False,True
-35.0,-15.0,1,1,0.0,0.0,0.0,0.0,2.547864522151251,-2.547864522151251,False,True
-35.0,65.0,1,1,0.0,0.0,0.0,0.0,2.547864522151251,-2.547864522151251,False,True
-35.0,75.0,1,1,-1.1682859351427441,-1.1682859351427441,-1.1682859351427441,0.0,2.547864522151251,-3.716150457293995,False,True
-35.0,95.0,1,1,-0.8967181930643366,-0.8967181930643366,-0.8967181930643366,0.0,2.547864522151251,-3.4445827152155877,False,True
-35.0,105.0,9,9,0.6017707407810997,0.15836402164458166,1.0681256058143307,0.9097615841697491,2.547864522151251,-1.946093781370151,False,True
-35.0,115.0,58,57,0.14043962054239226,-0.3798557620995627,0.6761912438668564,1.056047005966419,2.547864522151251,-2.4074249016088585,False,True
-35.0,125.0,119,114,-0.25069774891706426,-0.5185978835359932,0.011213155420868186,0.5298110389568614,2.547864522151251,-2.798562271068315,True,True
-35.0,135.0,67,67,-0.48373799506014126,-0.853956471666156,-0.11825976590650956,0.7356967057596464,2.547864522151251,-3.0316025172113923,False,True
-35.0,145.0,11,11,-0.43497774894241226,-1.2617887031870638,0.17777035373142094,1.4395590569184848,2.547864522151251,-2.982842271093663,False,True
-35.0,155.0,3,3,-0.9023273916704171,-2.7069821750112513,0.0,2.7069821750112513,2.547864522151251,-3.450191913821668,False,True
-35.0,165.0,2,2,-1.7920914198072382,-4.32256070523883,0.7383778656243537,5.0609385708631835,2.547864522151251,-4.339955941958489,False,True
-25.0,-95.0,1,1,-0.5422523315777256,-0.5422523315777256,-0.5422523315777256,0.0,-6.9979350118425785,6.455682680264853,False,True
-25.0,-85.0,1,1,-0.6984576749255293,-0.6984576749255293,-0.6984576749255293,0.0,-6.9979350118425785,6.299477336917049,False,True
-25.0,-75.0,5,5,0.23179555313386083,-0.7522143146355117,0.9281417470865175,1.6803560617220292,-6.9979350118425785,7.229730564976439,False,True
-25.0,-65.0,20,20,-0.21358275996141635,-0.622148892530733,0.22007013368240294,0.8422190262131359,-6.9979350118425785,6.784352251881162,False,True
-25.0,-55.0,7,7,-0.3605466976815089,-1.1518307112224664,0.5371489809239368,1.688979692146403,-6.9979350118425785,6.637388314161069,False,True
-25.0,-45.0,1,1,-0.5006904466797573,-0.5006904466797573,-0.5006904466797573,0.0,-6.9979350118425785,6.497244565162822,False,True
-25.0,-25.0,1,1,0.8963904896734589,0.8963904896734589,0.8963904896734589,0.0,-6.9979350118425785,7.894325501516038,False,True
-25.0,65.0,1,1,0.0,0.0,0.0,0.0,-6.9979350118425785,6.9979350118425785,False,True
-25.0,75.0,1,1,1.2937408303850622,1.2937408303850622,1.2937408303850622,0.0,-6.9979350118425785,8.29167584222764,False,True
-25.0,85.0,1,1,0.0,0.0,0.0,0.0,-6.9979350118425785,6.9979350118425785,False,True
-25.0,105.0,7,7,1.0732684828158574,0.29523323697612674,1.8216544211735253,1.5264211841973985,-6.9979350118425785,8.071203494658436,False,True
-25.0,115.0,17,17,0.23444223901536132,-0.4714823185333115,0.832774292534994,1.3042566110683056,-6.9979350118425785,7.23237725085794,False,True
-25.0,125.0,18,18,-0.49624259331769444,-1.092107742507403,0.054502274532307715,1.1466100170397109,-6.9979350118425785,6.501692418524884,False,True
-25.0,135.0,2,2,0.382987478158043,0.0,0.765974956316086,0.765974956316086,-6.9979350118425785,7.380922490000621,False,True
-25.0,145.0,3,3,0.26374488838970184,0.0,0.7740725955476436,0.7740725955476436,-6.9979350118425785,7.261679900232281,False,True
-25.0,155.0,1,1,-0.25338846064613524,-0.25338846064613524,-0.25338846064613524,0.0,-6.9979350118425785,6.744546551196443,False,True
-15.0,-85.0,2,2,-0.14827274325090928,-0.29654548650181856,0.0,0.29654548650181856,-15.096587752580286,14.948315009329376,False,True
-15.0,-65.0,3,3,0.39748113380824784,0.0,0.920490778998469,0.920490778998469,-15.096587752580286,15.494068886388533,False,True
-15.0,-55.0,2,2,0.47809250738792824,0.0,0.9561850147758565,0.9561850147758565,-15.096587752580286,15.574680259968213,False,True
-15.0,-35.0,1,1,1.6273229922709775,1.6273229922709775,1.6273229922709775,0.0,-15.096587752580286,16.723910744851263,False,True
-15.0,-25.0,1,1,0.0,0.0,0.0,0.0,-15.096587752580286,15.096587752580286,False,True
-15.0,-15.0,1,1,0.0,0.0,0.0,0.0,-15.096587752580286,15.096587752580286,False,True
-15.0,95.0,2,2,0.7499731271535235,0.0,1.499946254307047,1.499946254307047,-15.096587752580286,15.84656087973381,False,True
-15.0,105.0,10,10,-0.06488345453176124,-0.8519019900220307,0.6690737944403718,1.5209757844624026,-15.096587752580286,15.031704298048524,False,True
-15.0,115.0,2,2,-0.5375454258776415,-0.6547072256406546,-0.4203836261146284,0.23432359952602627,-15.096587752580286,14.559042326702643,False,True
-15.0,125.0,3,3,-0.259938486400981,-1.0538915882114928,0.27407612900854983,1.3279677172200426,-15.096587752580286,14.836649266179304,False,True
-15.0,145.0,1,1,-1.2182474472133489,-1.2182474472133489,-1.2182474472133489,0.0,-15.096587752580286,13.878340305366937,False,True
-15.0,155.0,1,1,-0.3970206086464907,-0.3970206086464907,-0.3970206086464907,0.0,-15.096587752580286,14.699567143933795,False,True
-5.0,-95.0,1,1,0.0,0.0,0.0,0.0,-19.72668971388261,19.72668971388261,False,True
-5.0,-85.0,2,2,-0.44222210142434776,-0.6997661053349207,-0.18467809751377487,0.5150880078211458,-19.72668971388261,19.28446761245826,False,True
-5.0,-75.0,4,4,-0.25068163260822696,-0.7471550822524986,0.14777673845427486,0.8949318207067735,-19.72668971388261,19.476008081274383,False,True
-5.0,75.0,1,1,-0.12339322768346012,-0.12339322768346012,-0.12339322768346012,0.0,-19.72668971388261,19.60329648619915,False,True
-5.0,95.0,1,1,-0.680330763826264,-0.680330763826264,-0.680330763826264,0.0,-19.72668971388261,19.046358950056348,False,True
-5.0,105.0,2,2,0.9189352056245921,-0.060821624517945934,1.8986920357671302,1.9595136602850762,-19.72668971388261,20.645624919507203,False,True
-5.0,115.0,2,2,0.6350546588870479,0.0,1.2701093177740959,1.2701093177740959,-19.72668971388261,20.361744372769657,False,True
-5.0,125.0,1,1,0.34495485592560726,0.34495485592560726,0.34495485592560726,0.0,-19.72668971388261,20.071644569808218,False,True
-5.0,135.0,1,1,0.0,0.0,0.0,0.0,-19.72668971388261,19.72668971388261,False,True
5.0,-95.0,2,2,-0.07279420673238135,-0.11517689510407624,-0.03041151836068648,0.08476537674338976,-19.72668971388261,19.653895507150228,False,True
5.0,-85.0,2,2,-0.46366683377956247,-0.7532827547905399,-0.1740509127685851,0.5792318420219548,-19.72668971388261,19.263022880103048,False,True
5.0,-75.0,1,1,0.3555757294932548,0.3555757294932548,0.3555757294932548,0.0,-19.72668971388261,20.082265443375864,False,True
5.0,-15.0,1,1,0.0,0.0,0.0,0.0,-19.72668971388261,19.72668971388261,False,True
5.0,55.0,1,1,0.0,0.0,0.0,0.0,-19.72668971388261,19.72668971388261,False,True
5.0,65.0,2,2,0.7702000476155781,0.0,1.5404000952311563,1.5404000952311563,-19.72668971388261,20.49688976149819,False,True
5.0,75.0,4,4,0.38202919403681523,0.04984971306562452,0.9216240984259347,0.8717743853603103,-19.72668971388261,20.108718907919425,False,True
5.0,85.0,1,1,0.08643532203242064,0.08643532203242064,0.08643532203242064,0.0,-19.72668971388261,19.813125035915032,False,True
5.0,95.0,2,2,0.21992362606097804,0.0,0.4398472521219561,0.4398472521219561,-19.72668971388261,19.94661333994359,False,True
5.0,115.0,1,1,-0.7428413659356945,-0.7428413659356945,-0.7428413659356945,0.0,-19.72668971388261,18.983848347946918,False,True
5.0,135.0,1,1,0.02004892158420632,0.02004892158420632,0.02004892158420632,0.0,-19.72668971388261,19.746738635466816,False,True
15.0,-105.0,1,1,0.14580822427215928,0.14580822427215928,0.14580822427215928,0.0,-15.096587752580286,15.242395976852444,False,True
15.0,-95.0,1,1,0.33260266924476006,0.33260266924476006,0.33260266924476006,0.0,-15.096587752580286,15.429190421825046,False,True
15.0,-85.0,1,1,-0.3102331963522527,-0.3102331963522527,-0.3102331963522527,0.0,-15.096587752580286,14.786354556228034,False,True
15.0,-45.0,2,2,-0.335421250366409,-0.6494052563296543,-0.021437244403163747,0.6279680119264905,-15.096587752580286,14.761166502213877,False,True
15.0,-35.0,1,1,0.0,0.0,0.0,0.0,-15.096587752580286,15.096587752580286,False,True
15.0,-15.0,1,1,0.045509495343197835,0.045509495343197835,0.045509495343197835,0.0,-15.096587752580286,15.142097247923484,False,True
15.0,-5.0,1,1,0.5436784262735113,0.5436784262735113,0.5436784262735113,0.0,-15.096587752580286,15.640266178853796,False,True
15.0,35.0,1,1,0.0,0.0,0.0,0.0,-15.096587752580286,15.096587752580286,False,True
15.0,65.0,2,2,-1.0806438088568255,-1.4721714073692571,-0.689116210344394,0.7830551970248631,-15.096587752580286,14.01594394372346,False,True
15.0,75.0,5,5,0.28846236035376027,-0.2361442763108684,0.8193715683877001,1.0555158446985684,-15.096587752580286,15.385050112934046,False,True
15.0,85.0,5,5,0.40636244287337336,0.028370532350568495,0.9447160949163571,0.9163455625657886,-15.096587752580286,15.502950195453659,False,True
15.0,95.0,3,3,0.0,0.0,0.0,0.0,-15.096587752580286,15.096587752580286,False,True
15.0,135.0,1,1,0.0,0.0,0.0,0.0,-15.096587752580286,15.096587752580286,False,True
25.0,-175.0,1,1,0.0,0.0,0.0,0.0,-6.9979350118425785,6.9979350118425785,False,True
25.0,-135.0,2,2,-0.12004424854521693,-0.17904218563857247,-0.061046311451861394,0.11799587418671106,-6.9979350118425785,6.877890763297361,False,True
25.0,-115.0,2,2,-0.4009215687941029,-0.618179200953285,-0.18366393663492075,0.4345152643183643,-6.9979350118425785,6.597013443048476,False,True
25.0,-105.0,2,2,-0.7234129912583965,-1.6127683396341945,0.16594235711740143,1.778710696751596,-6.9979350118425785,6.274522020584182,False,True
25.0,-95.0,1,1,-1.2920373873462954,-1.2920373873462954,-1.2920373873462954,0.0,-6.9979350118425785,5.705897624496283,False,True
25.0,-85.0,2,2,-0.3598315075910786,-0.7253385727661003,0.005675557583942992,0.7310141303500433,-6.9979350118425785,6.6381035042515,False,True
25.0,-55.0,1,1,0.2787222117717824,0.2787222117717824,0.2787222117717824,0.0,-6.9979350118425785,7.276657223614361,False,True
25.0,-35.0,1,1,-0.10187307556417731,-0.10187307556417731,-0.10187307556417731,0.0,-6.9979350118425785,6.896061936278401,False,True
25.0,55.0,6,6,0.6802115323098681,-0.001994809736779781,1.2596068613528884,1.261601671089668,-6.9979350118425785,7.678146544152447,False,True
25.0,65.0,24,24,0.2607094162186164,0.020010456847929188,0.5446334078139237,0.5246229509659944,-6.9979350118425785,7.258644428061195,False,True
25.0,75.0,13,13,0.14337718230681193,-0.029503359916045736,0.3496346346823927,0.37913799459843844,-6.9979350118425785,7.14131219414939,False,True
25.0,85.0,3,3,0.2628723310071494,-0.20448331222539715,0.9931003052468453,1.1975836174722425,-6.9979350118425785,7.260807342849728,False,True
25.0,95.0,3,3,-0.09128804180598309,-1.2732659747205506,0.8560436079343084,2.129309582654859,-6.9979350118425785,6.906646970036595,False,True
25.0,125.0,1,1,-0.07084682431619063,-0.07084682431619063,-0.07084682431619063,0.0,-6.9979350118425785,6.927088187526388,False,True
25.0,175.0,1,1,-0.718171295736592,-0.718171295736592,-0.718171295736592,0.0,-6.9979350118425785,6.279763716105986,False,True
35.0,-145.0,1,1,-0.2726543573216036,-0.2726543573216036,-0.2726543573216036,0.0,2.547864522151251,-2.8205188794728544,False,True
35.0,-135.0,3,3,-0.1947022154745677,-0.46991969414349605,0.02807980634915937,0.4979995004926554,2.547864522151251,-2.7425667376258187,False,True
35.0,-125.0,24,24,-0.18786949156330923,-0.30937181158689103,-0.06690304268555347,0.24246876890133756,2.547864522151251,-2.73573401371456,False,True
35.0,-115.0,19,19,-0.3392819470031544,-0.5352247898358319,-0.1280254818050895,0.4071993080307424,2.547864522151251,-2.887146469154405,False,True
35.0,-105.0,8,8,-0.6970972602065912,-1.0811549402306915,-0.3759559526172121,0.7051989876134794,2.547864522151251,-3.244961782357842,False,True
35.0,-95.0,1,1,-1.4882471943481619,-1.4882471943481619,-1.4882471943481619,0.0,2.547864522151251,-4.036111716499413,False,True
35.0,-85.0,1,1,-0.22416734118287288,-0.22416734118287288,-0.22416734118287288,0.0,2.547864522151251,-2.772031863334124,False,True
35.0,15.0,1,1,0.7288638867710355,0.7288638867710355,0.7288638867710355,0.0,2.547864522151251,-1.8190006353802153,False,True
35.0,25.0,2,2,-0.2568017825898464,-0.5136035651796927,0.0,0.5136035651796927,2.547864522151251,-2.8046663047410973,False,True
35.0,35.0,5,5,0.16288328917646525,0.004037722510470295,0.3598034357520404,0.3557657132415701,2.547864522151251,-2.3849812329747855,False,True
35.0,45.0,40,40,-0.13052776567392732,-0.2710787128317126,0.008804317704422778,0.2798830305361354,2.547864522151251,-2.678392287825178,False,True
35.0,55.0,163,163,0.05923297142126027,-0.043345251783334336,0.1488034916899956,0.19214874347332994,2.547864522151251,-2.4886315507299903,True,True
35.0,65.0,116,114,0.13998981053977763,0.024262140644657017,0.2495256342436554,0.2252634935989984,2.547864522151251,-2.4078747116114734,True,True
35.0,75.0,20,20,0.191243155673218,-0.11306579790286683,0.5193329775656399,0.6323987754685068,2.547864522151251,-2.356621366478033,False,True
35.0,85.0,7,7,0.5246479819180304,0.09593715461017709,0.9741962647441066,0.8782591101339295,2.547864522151251,-2.0232165402332205,False,True
35.0,95.0,1,1,0.8706158106880968,0.8706158106880968,0.8706158106880968,0.0,2.547864522151251,-1.677248711463154,False,True
35.0,115.0,2,2,-0.07529554513886356,-0.15059109027772713,0.0,0.15059109027772713,2.547864522151251,-2.6231600672901143,False,True
35.0,155.0,1,1,-0.7181389055417929,-0.7181389055417929,-0.7181389055417929,0.0,2.547864522151251,-3.2660034276930436,False,True
35.0,175.0,2,2,-0.13254658140754116,-0.26509316281508233,0.0,0.26509316281508233,2.547864522151251,-2.680411103558792,False,True
45.0,-175.0,1,1,-0.07707160060338714,-0.07707160060338714,-0.07707160060338714,0.0,11.183261439991465,-11.260333040594853,False,True
45.0,-165.0,3,3,-0.020640584657302452,-0.2436212203841525,0.18169946641224513,0.4253206867963976,11.183261439991465,-11.203902024648768,False,True
45.0,-155.0,4,4,-0.050461676929614355,-0.3156141644412941,0.12620737192246698,0.4418215363637611,11.183261439991465,-11.23372311692108,False,True
45.0,-145.0,26,26,-0.25095620525698376,-0.36458035860778215,-0.13806219716234563,0.22651816144543652,11.183261439991465,-11.434217645248449,False,True
45.0,-135.0,163,162,-0.3068262709007173,-0.36351385638278244,-0.2529457780311194,0.11056807835166305,11.183261439991465,-11.490087710892183,True,True
45.0,-125.0,254,241,-0.3232793030072947,-0.3674251906805741,-0.28062043514031987,0.08680475554025424,11.183261439991465,-11.50654074299876,True,True
45.0,-115.0,94,94,-0.3023129393024223,-0.38710344939577956,-0.21643410767105425,0.1706693417247253,11.183261439991465,-11.485574379293888,False,True
45.0,-105.0,17,17,-0.422504978937076,-0.6012211755183404,-0.23679767853529923,0.3644234969830412,11.183261439991465,-11.60576641892854,False,True
45.0,-95.0,1,1,-0.1784375052687031,-0.1784375052687031,-0.1784375052687031,0.0,11.183261439991465,-11.36169894526017,False,True
45.0,-85.0,1,1,0.0,0.0,0.0,0.0,11.183261439991465,-11.183261439991465,False,True
45.0,-25.0,3,3,-0.057553002515817596,-0.17265900754745278,0.0,0.17265900754745278,11.183261439991465,-11.240814442507283,False,True
45.0,5.0,2,2,-0.23716381955619575,-0.4743276391123915,0.0,0.4743276391123915,11.183261439991465,-11.420425259547661,False,True
45.0,15.0,2,2,0.0,0.0,0.0,0.0,11.183261439991465,-11.183261439991465,False,True
45.0,25.0,40,40,-0.012056691151233256,-0.12236352531751997,0.10087070014016288,0.22323422545768284,11.183261439991465,-11.195318131142699,False,True
45.0,35.0,394,375,-0.024757588463113076,-0.07373178915871366,0.025014687017988355,0.09874647617670201,11.183261439991465,-11.20801902845458,True,True
45.0,45.0,1955,1632,-0.11616034465044361,-0.13881998293192738,-0.09317683455426942,0.045643148377657955,11.183261439991465,-11.29942178464191,True,True
45.0,55.0,1629,1385,0.02738947515044468,0.0021040422117841995,0.051885698045224554,0.04978165583344035,11.183261439991465,-11.15587196484102,True,True
45.0,65.0,364,352,0.024451130784603772,-0.025582497582312513,0.08000149479201009,0.1055839923743226,11.183261439991465,-11.158810309206862,True,True
45.0,75.0,28,27,0.06852825766084636,-0.14408863740646305,0.275472125595773,0.41956076300223605,11.183261439991465,-11.11473318233062,False,True
45.0,85.0,3,3,0.37111781025272195,0.0,0.8917650044529638,0.8917650044529638,11.183261439991465,-10.812143629738744,False,True
45.0,95.0,1,1,0.5368202733190474,0.5368202733190474,0.5368202733190474,0.0,11.183261439991465,-10.646441166672417,False,True
45.0,105.0,2,2,0.1490427888129025,0.0,0.298085577625805,0.298085577625805,11.183261439991465,-11.034218651178563,False,True
45.0,145.0,1,1,-0.1896231630077436,-0.1896231630077436,-0.1896231630077436,0.0,11.183261439991465,-11.372884602999209,False,True
45.0,155.0,1,1,-0.13722595147825745,-0.13722595147825745,-0.13722595147825745,0.0,11.183261439991465,-11.320487391469722,False,True
55.0,-175.0,14,14,-0.030706731936795167,-0.17875211637470304,0.10271756074467028,0.2814696771193733,16.82211248623985,-16.852819218176645,False,True
55.0,-165.0,33,33,-0.2633900116962715,-0.37297501710111736,-0.16521797697508403,0.20775704012603333,16.82211248623985,-17.08550249793612,False,True
55.0,-155.0,117,115,-0.22185594340604378,-0.27797641599164374,-0.1718282592724784,0.10614815671916533,16.82211248623985,-17.043968429645894,True,True
55.0,-145.0,366,346,-0.27291470427019865,-0.30646058579372193,-0.2427616536274847,0.06369893216623723,16.82211248623985,-17.09502719051005,True,True
55.0,-135.0,1117,995,-0.3152698625838876,-0.3348782432133841,-0.2972405662276717,0.03763767698571241,16.82211248623985,-17.137382348823735,True,True
55.0,-125.0,1065,950,-0.33601915706847785,-0.35696940776397174,-0.31438578907917225,0.042583618684799485,16.82211248623985,-17.158131643308327,True,True
55.0,-115.0,306,292,-0.39025876086821265,-0.4408327175049683,-0.34441159606667704,0.09642112143829124,16.82211248623985,-17.212371247108063,True,True
55.0,-105.0,56,54,-0.3202863474553431,-0.43006994120586395,-0.22389442395724093,0.206175517248623,16.82211248623985,-17.142398833695193,False,True
55.0,-95.0,7,7,-0.38209242270060617,-0.7485343707966713,-0.08210487060065924,0.6664295001960121,16.82211248623985,-17.204204908940454,False,True
55.0,-85.0,1,1,0.27141389383302167,0.27141389383302167,0.27141389383302167,0.0,16.82211248623985,-16.550698592406828,False,True
55.0,-75.0,1,1,0.11553363223024594,0.11553363223024594,0.11553363223024594,0.0,16.82211248623985,-16.706578854009603,False,True
55.0,-55.0,1,1,0.17011654479354357,0.17011654479354357,0.17011654479354357,0.0,16.82211248623985,-16.651995941446305,False,True
55.0,-45.0,1,1,0.11498786941887876,0.11498786941887876,0.11498786941887876,0.0,16.82211248623985,-16.70712461682097,False,True
55.0,-35.0,2,2,0.06923096411655276,0.0,0.13846192823310552,0.13846192823310552,16.82211248623985,-16.752881522123296,False,True
55.0,-25.0,1,1,0.7353389570699669,0.7353389570699669,0.7353389570699669,0.0,16.82211248623985,-16.086773529169882,False,True
55.0,-15.0,2,2,-0.07361139765780154,-0.1472227953156031,0.0,0.1472227953156031,16.82211248623985,-16.895723883897652,False,True
55.0,-5.0,2,2,-0.3403194110348415,-0.5297540883170442,-0.1508847337526388,0.3788693545644054,16.82211248623985,-17.16243189727469,False,True
55.0,5.0,6,6,0.037790393944310136,-0.12241343733561494,0.20296817854232585,0.3253816158779408,16.82211248623985,-16.78432209229554,False,True
55.0,15.0,247,235,0.044254540383837866,-0.010329194368703082,0.09878234433976404,0.10911153870846713,16.82211248623985,-16.77785794585601,True,True
55.0,25.0,1654,1367,0.059470434539761356,0.036346097003667255,0.08177458671786825,0.04542848971420099,16.82211248623985,-16.762642051700087,True,True
55.0,35.0,5094,3335,-0.012608088412346622,-0.02537231375252005,0.0012060908856948173,0.026578404638214866,16.82211248623985,-16.834720574652195,True,True
55.0,45.0,5714,3662,-0.010646154536982071,-0.023148533708437266,0.0018837878556158178,0.025032321564053085,16.82211248623985,-16.83275864077683,True,True
55.0,55.0,2318,1841,0.05436870072424987,0.036627413499365595,0.0737500746805726,0.037122661181207,16.82211248623985,-16.7677437855156,True,True
55.0,65.0,501,460,0.03219643980508935,-0.014154147608256088,0.07987868068899875,0.09403282829725484,16.82211248623985,-16.789916046434758,True,True
55.0,75.0,63,63,-0.0028123536610427315,-0.16686620708648528,0.14404374102074385,0.31090994810722916,16.82211248623985,-16.82492483990089,False,True
55.0,85.0,14,14,0.05150336012971662,-0.17814746769342615,0.25551096780662885,0.433658435500055,16.82211248623985,-16.77060912611013,False,True
55.0,95.0,3,3,0.12374676082723134,-0.0306759996509534,0.4019162821326474,0.4325922817836008,16.82211248623985,-16.698365725412618,False,True
55.0,105.0,1,1,-0.16255507859113646,-0.16255507859113646,-0.16255507859113646,0.0,16.82211248623985,-16.984667564830985,False,True
55.0,115.0,1,1,0.2501516487319916,0.2501516487319916,0.2501516487319916,0.0,16.82211248623985,-16.571960837507856,False,True
55.0,125.0,1,1,0.0,0.0,0.0,0.0,16.82211248623985,-16.82211248623985,False,True
55.0,155.0,2,2,0.012979431471673616,-0.19696249265338353,0.22292135559673076,0.41988384825011427,16.82211248623985,-16.809133054768175,False,True
55.0,165.0,1,1,-0.40619515982507043,-0.40619515982507043,-0.40619515982507043,0.0,16.82211248623985,-17.22830764606492,False,True
55.0,175.0,8,8,-0.24832574795027812,-0.5064997256162891,0.0012898866662074265,0.5077896122824965,16.82211248623985,-17.070438234190128,False,True
65.0,-175.0,151,148,-0.21931824091680577,-0.2695427306131971,-0.16691457002176935,0.10262816059142776,18.181196451834044,-18.40051469275085,True,True
65.0,-165.0,350,334,-0.172401437043341,-0.20132889157748465,-0.14518061417510614,0.056148277402378516,18.181196451834044,-18.353597888877385,True,True
65.0,-155.0,538,496,-0.18678836006711472,-0.21058988736509449,-0.16385924045040962,0.04673064691468487,18.181196451834044,-18.36798481190116,True,True
65.0,-145.0,490,464,-0.21462258394957973,-0.24042694918800525,-0.18985123526539058,0.05057571392261467,18.181196451834044,-18.395819035783624,True,True
65.0,-135.0,536,516,-0.2829846130658416,-0.30974240614606047,-0.2563179395300508,0.05342446661600969,18.181196451834044,-18.464181064899886,True,True
65.0,-125.0,590,548,-0.2986962665373859,-0.32890609045190394,-0.2688462186894493,0.06005987176245464,18.181196451834044,-18.47989271837143,True,True
65.0,-115.0,191,185,-0.3712977333126916,-0.4386835330792936,-0.31198645035154116,0.12669708272775243,18.181196451834044,-18.552494185146735,True,True
65.0,-105.0,31,31,-0.2742755423303749,-0.39807396096619263,-0.16937063032029628,0.22870333064589635,18.181196451834044,-18.45547199416442,False,True
65.0,-95.0,13,13,-0.10134532876484233,-0.2251345506562223,-0.005895205937098795,0.21923934471912349,18.181196451834044,-18.282541780598887,False,True
65.0,-85.0,7,7,-0.21309966735707775,-0.4626758273024327,-0.024985606016784893,0.4376902212856478,18.181196451834044,-18.39429611919112,False,True
65.0,-75.0,20,20,-0.006918992983763139,-0.19801933642624311,0.18520458503136308,0.3832239214576062,18.181196451834044,-18.188115444817807,False,True
65.0,-65.0,40,40,-0.08899869851419234,-0.19511246088758796,0.026428023444871003,0.22154048433245896,18.181196451834044,-18.270195150348236,False,True
65.0,-55.0,64,64,0.025279252885774123,-0.06896046713533117,0.12566749232314559,0.19462795945847677,18.181196451834044,-18.15591719894827,False,True
65.0,-45.0,41,41,-0.02671751435409759,-0.14293327834148517,0.10552310225310083,0.248456380594586,18.181196451834044,-18.20791396618814,False,True
65.0,-35.0,29,28,-0.011408343089859633,-0.1580995276809449,0.12741196682181868,0.2855114945027636,18.181196451834044,-18.192604794923902,False,True
65.0,-25.0,18,18,0.16744280379901977,-0.04658943549102004,0.3696567277931677,0.41624616328418773,18.181196451834044,-18.013753648035024,False,True
65.0,-15.0,17,17,-0.05089028340057061,-0.22047572515857117,0.143447682275647,0.36392340743421814,18.181196451834044,-18.232086735234613,False,True
65.0,-5.0,78,76,0.16111220075488833,0.07377518463732664,0.2581247585876295,0.18434957395030288,18.181196451834044,-18.020084251079155,False,True
65.0,5.0,752,679,0.07562431822094699,0.042546352966189735,0.10843439094641612,0.06588803798022638,18.181196451834044,-18.105572133613098,True,True
65.0,15.0,2785,2138,0.08855555049819527,0.07005250428412332,0.10515116127447703,0.03509865699035371,18.181196451834044,-18.092640901335848,True,True
65.0,25.0,4245,2933,0.08770025807401623,0.0746770354880684,0.10128987458087531,0.026612839092806914,18.181196451834044,-18.09349619376003,True,True
65.0,35.0,3473,2556,0.05505967890638638,0.04113383967753594,0.06835065379285608,0.02721681411532014,18.181196451834044,-18.12613677292766,True,True
65.0,45.0,1291,1112,0.07343890500375193,0.05202897398363863,0.09525640460765655,0.043227430624017925,18.181196451834044,-18.107757546830292,True,True
65.0,55.0,454,424,0.08101165670076657,0.0432387326199654,0.11863933898809502,0.07540060636812962,18.181196451834044,-18.100184795133277,True,True
65.0,65.0,186,172,-0.025556111521806098,-0.09434099967184398,0.04271254120009675,0.13705354087194072,18.181196451834044,-18.20675256335585,True,True
65.0,75.0,80,77,-0.14248380391138538,-0.2556889533525523,-0.033284114209663866,0.22240483914288844,18.181196451834044,-18.32368025574543,False,True
65.0,85.0,22,22,-0.05196024311439706,-0.21094092245456364,0.11300576218065589,0.32394668463521953,18.181196451834044,-18.23315669494844,False,True
65.0,95.0,12,12,-0.133748402511056,-0.36664352982198667,0.07913062709927557,0.4457741569212622,18.181196451834044,-18.3149448543451,False,True
65.0,105.0,3,3,0.3880597704235493,0.15052464878067043,0.8104074443879513,0.6598827956072809,18.181196451834044,-17.793136681410495,False,True
65.0,115.0,5,5,-0.06878396848122074,-0.32341797800487165,0.1649368402921576,0.48835481829702926,18.181196451834044,-18.249980420315264,False,True
65.0,125.0,1,1,-0.14737490158854477,-0.14737490158854477,-0.14737490158854477,0.0,18.181196451834044,-18.32857135342259,False,True
65.0,135.0,4,4,-0.04938529661239087,-0.34894844392213376,0.18248896527632882,0.5314374091984626,18.181196451834044,-18.230581748446436,False,True
65.0,145.0,1,1,0.0,0.0,0.0,0.0,18.181196451834044,-18.181196451834044,False,True
65.0,155.0,14,14,-0.12433484240305828,-0.2814123125277864,0.02894062220052956,0.310352934728316,18.181196451834044,-18.305531294237102,False,True
65.0,165.0,44,44,-0.16606641969282684,-0.2476646789684061,-0.07797423311664346,0.16969044585176263,18.181196451834044,-18.34726287152687,False,True
65.0,175.0,70,68,-0.2510798716627074,-0.3311288447934451,-0.1711309175345631,0.159997927258882,18.181196451834044,-18.43227632349675,False,True
75.0,-175.0,547,519,-0.15960716305320988,-0.18017543291779486,-0.14006277341763326,0.0401126595001616,15.096587752580287,-15.256194915633497,True,True
75.0,-165.0,634,585,-0.18230511028177773,-0.20307767645300293,-0.1610624836060127,0.042015192846990235,15.096587752580287,-15.278892862862065,True,True
75.0,-155.0,480,450,-0.17221775782262064,-0.19594975039836893,-0.14892208106223487,0.04702766933613406,15.096587752580287,-15.268805510402908,True,True
75.0,-145.0,224,221,-0.2480862721951169,-0.2920160576348961,-0.2067295783018654,0.08528647933303068,15.096587752580287,-15.344674024775404,True,True
75.0,-135.0,105,103,-0.23238778318537553,-0.2976044180345911,-0.17066812773523182,0.12693629029935927,15.096587752580287,-15.328975535765663,True,True
75.0,-125.0,76,73,-0.25918981618945164,-0.3279657149121317,-0.19915257085086763,0.1288131440612641,15.096587752580287,-15.355777568769739,False,True
75.0,-115.0,47,47,-0.12626022770578016,-0.20001273558096658,-0.055748426075680695,0.14426430950528588,15.096587752580287,-15.222847980286067,False,True
75.0,-105.0,20,20,-0.08517007858464636,-0.16635011819406104,-0.009166316995201942,0.1571838011988591,15.096587752580287,-15.181757831164933,False,True
75.0,-95.0,9,8,-0.39049453337433604,-0.6128418487818568,-0.20992937072591614,0.40291247805594066,15.096587752580287,-15.487082285954623,False,True
75.0,-85.0,11,11,-0.2939324101679684,-0.5513870558967814,-0.07296289488597546,0.4784241610108059,15.096587752580287,-15.390520162748256,False,True
75.0,-75.0,39,37,-0.15635564374036406,-0.2452026456872251,-0.06762519319180961,0.1775774524954155,15.096587752580287,-15.252943396320651,False,True
75.0,-65.0,88,85,-0.10825510690288302,-0.17319665714670648,-0.04349697191581887,0.12969968523088762,15.096587752580287,-15.20484285948317,False,True
75.0,-55.0,201,198,-0.026152421126685626,-0.06471277394666636,0.01536562664273142,0.08007840058939777,15.096587752580287,-15.122740173706973,True,True
75.0,-45.0,147,145,0.0021837579013038485,-0.05976362783483312,0.06415241749182593,0.12391604532665905,15.096587752580287,-15.094403994678984,True,True
75.0,-35.0,66,66,0.04747708598982958,-0.021426770376596023,0.11885099397866662,0.14027776435526265,15.096587752580287,-15.049110666590458,False,True
75.0,-25.0,60,60,-0.04068346790682244,-0.11867172723545302,0.039569630682765346,0.15824135791821836,15.096587752580287,-15.13727122048711,False,True
75.0,-15.0,151,150,0.039104849798711705,-0.020801420608579854,0.10380400654892466,0.12460542715750451,15.096587752580287,-15.057482902781576,True,True
75.0,-5.0,1253,1126,0.04038258297926429,0.021568830796658695,0.059167182171692784,0.03759835137503409,15.096587752580287,-15.056205169601023,True,True
75.0,5.0,3792,2718,0.06330112260596171,0.05114304663183371,0.07478653909002304,0.023643492458189336,15.096587752580287,-15.033286629974326,True,True
75.0,15.0,3810,2723,0.07561830628304925,0.06480671592719368,0.0866338473444692,0.02182713141727552,15.096587752580287,-15.020969446297238,True,True
75.0,25.0,2695,2121,0.0347980666379725,0.021336428166663552,0.048317089279611966,0.026980661112948414,15.096587752580287,-15.061789685942315,True,True
75.0,35.0,896,820,0.07494571237566282,0.05159951863415071,0.09889490580197591,0.0472953871678252,15.096587752580287,-15.021642040204625,True,True
75.0,45.0,185,180,0.10000891233503266,0.04988936358510244,0.15139345832357007,0.10150409473846764,15.096587752580287,-14.996578840245254,True,True
75.0,55.0,70,70,0.06390695597313302,-0.015732781019946362,0.15176238833777358,0.16749516935771994,15.096587752580287,-15.032680796607155,False,True
75.0,65.0,46,45,0.09443142640415664,-0.04583448362155939,0.23725414264934797,0.28308862627090736,15.096587752580287,-15.00215632617613,False,True
75.0,75.0,33,33,-0.10460547903013058,-0.21425694205933687,0.009977279914336229,0.2242342219736731,15.096587752580287,-15.201193231610418,False,True
75.0,85.0,27,27,-0.06912957838836606,-0.18450000491155358,0.042616557489947506,0.22711656240150108,15.096587752580287,-15.165717330968654,False,True
75.0,95.0,18,18,-0.16968848507094483,-0.31196968963717825,-0.0035135188792885146,0.3084561707578897,15.096587752580287,-15.266276237651232,False,True
75.0,105.0,20,20,0.031012728187518622,-0.10908192783035485,0.18297276891862307,0.29205469674897794,15.096587752580287,-15.06557502439277,False,True
75.0,115.0,24,24,-0.16619519794466642,-0.33786228191428147,-0.017438534592087544,0.3204237473221939,15.096587752580287,-15.262782950524954,False,True
75.0,125.0,12,12,-0.16464415252170192,-0.3524617845146705,-0.038026579019812136,0.3144352054948583,15.096587752580287,-15.261231905101988,False,True
75.0,135.0,21,21,-0.09293886804653945,-0.22514509845215097,0.01912523542267844,0.2442703338748294,15.096587752580287,-15.189526620626827,False,True
75.0,145.0,31,31,-0.2434598866030147,-0.36358305922263684,-0.12721234743014276,0.23637071179249408,15.096587752580287,-15.340047639183302,False,True
75.0,155.0,82,82,-0.14579731727029696,-0.20921033491983254,-0.08814420284863317,0.12106613207119937,15.096587752580287,-15.242385069850585,False,True
75.0,165.0,173,170,-0.1406927753314661,-0.1814816432698465,-0.09805827162043018,0.08342337164941632,15.096587752580287,-15.237280527911754,True,True
75.0,175.0,348,329,-0.14074879664331802,-0.17131904744927579,-0.11241774604308603,0.05890130140618975,15.096587752580287,-15.237336549223606,True,True
85.0,-175.0,535,503,-0.15401458824862968,-0.17477345699264143,-0.13374664080323873,0.04102681618940271,8.543428273891141,-8.697442862139772,True,True
85.0,-165.0,413,395,-0.18127150542220197,-0.20779519046332712,-0.15616294876134398,0.051632241701983134,8.543428273891141,-8.724699779313344,True,True
85.0,-155.0,300,293,-0.22210571357375686,-0.2536034956475038,-0.18943440593813643,0.06416908970936736,8.543428273891141,-8.765533987464899,True,True
85.0,-145.0,161,158,-0.2396625613985169,-0.2845988110626869,-0.19530422135030182,0.0892945897123851,8.543428273891141,-8.783090835289658,True,True
85.0,-135.0,82,82,-0.3008602613592891,-0.3734726192902131,-0.23195511131696644,0.14151750797324664,8.543428273891141,-8.844288535250431,False,True
85.0,-125.0,38,38,-0.1918532574919028,-0.2792121726741532,-0.10162621626939519,0.17758595640475802,8.543428273891141,-8.735281531383045,False,True
85.0,-115.0,25,25,-0.14857696603049642,-0.3036260384175607,-0.006057063734890904,0.2975689746826698,8.543428273891141,-8.692005239921638,False,True
85.0,-105.0,12,12,-0.2074005014323642,-0.3097342803064489,-0.11342835237477017,0.19630592793167873,8.543428273891141,-8.750828775323505,False,True
85.0,-95.0,12,12,-0.2732311313814129,-0.4684432242439496,-0.08535161518610664,0.38309160905784295,8.543428273891141,-8.816659405272555,False,True
85.0,-85.0,24,24,-0.1483163780001379,-0.2517945941470463,-0.055669797651443226,0.19612479649560308,8.543428273891141,-8.691744651891279,False,True
85.0,-75.0,40,40,-0.14999576346814167,-0.2496753748352794,-0.04012155704978306,0.20955381778549634,8.543428273891141,-8.693424037359282,False,True
85.0,-65.0,64,64,-0.09980529216741423,-0.1630790947581237,-0.03770983199132861,0.1253692627667951,8.543428273891141,-8.643233566058555,False,True
85.0,-55.0,77,77,-0.033900557917029284,-0.09904496732955709,0.030500970432623103,0.12954593776218018,8.543428273891141,-8.57732883180817,False,True
85.0,-45.0,52,52,0.00679487821344625,-0.06876608941752244,0.09262362198219204,0.16138971139971447,8.543428273891141,-8.536633395677695,False,True
85.0,-35.0,51,51,-0.0007590285750304833,-0.08365695680858236,0.07857514734991414,0.16223210415849648,8.543428273891141,-8.544187302466172,False,True
85.0,-25.0,136,132,0.015500830769041352,-0.044335141678960105,0.07660997934769283,0.12094512102665293,8.543428273891141,-8.5279274431221,True,True
85.0,-15.0,1069,983,0.0030680685911058463,-0.01643979563562135,0.02393365604235041,0.04037345167797176,8.543428273891141,-8.540360205300036,True,True
85.0,-5.0,3543,2600,0.022098468589930295,0.011252017468774448,0.03289478008257401,0.021642762613799563,8.543428273891141,-8.52132980530121,True,True
85.0,5.0,3746,2717,0.06406464091372814,0.05372880151664412,0.07540082642966642,0.021672024913022295,8.543428273891141,-8.479363632977414,True,True
85.0,15.0,2464,1945,0.039150440035859525,0.027553441230060302,0.05238339805843847,0.024829956828378165,8.543428273891141,-8.504277833855282,True,True
85.0,25.0,795,729,0.03930884800308399,0.0170297810750577,0.06306105348612273,0.04603127241106503,8.543428273891141,-8.504119425888057,True,True
85.0,35.0,185,179,0.07541447033204102,0.02052208098352529,0.13128143339019177,0.11075935240666648,8.543428273891141,-8.468013803559101,True,True
85.0,45.0,77,75,0.11559215785997502,0.028833573582391536,0.20128549284419775,0.17245191926180622,8.543428273891141,-8.427836116031166,False,True
85.0,55.0,36,36,0.15092733755171686,0.01956169866970095,0.2887021071178854,0.26914040844818443,8.543428273891141,-8.392500936339424,False,True
85.0,65.0,14,14,0.1681710903406288,-0.013870276805027741,0.3712340840190675,0.3851043608240952,8.543428273891141,-8.375257183550513,False,True
85.0,75.0,10,10,0.08523866189188395,-0.18197551447039464,0.3640336285870094,0.546009143057404,8.543428273891141,-8.458189611999257,False,True
85.0,85.0,12,11,-0.04621809278230186,-0.26430984562503057,0.22145877916455736,0.48576862478958793,8.543428273891141,-8.589646366673444,False,True
85.0,95.0,10,10,-0.21445118011570546,-0.4712608558966505,0.10975240291428015,0.5810132588109307,8.543428273891141,-8.757879454006847,False,True
85.0,105.0,22,22,-0.027047242321967233,-0.15065316533799855,0.08492751878410063,0.23558068412209918,8.543428273891141,-8.570475516213108,False,True
85.0,115.0,16,16,-0.14226529582290948,-0.2935889556216235,-0.023568005757802938,0.2700209498638206,8.543428273891141,-8.68569356971405,False,True
85.0,125.0,17,17,-0.1328575118208379,-0.2985661366253402,0.013004202826125898,0.3115703394514661,8.543428273891141,-8.676285785711979,False,True
85.0,135.0,53,53,-0.027385558361477165,-0.0869665854077076,0.032816669639001095,0.1197832550467087,8.543428273891141,-8.570813832252618,False,True
85.0,145.0,103,101,-0.0861251423445933,-0.13404181103499577,-0.03248239619877353,0.10155941483622224,8.543428273891141,-8.629553416235735,True,True
85.0,155.0,250,243,-0.11388049120600344,-0.1438073946765408,-0.08262106197523858,0.06118633270130222,8.543428273891141,-8.657308765097145,True,True
85.0,165.0,374,350,-0.12251266544271099,-0.14813752866879898,-0.09651645165083851,0.05162107701796047,8.543428273891141,-8.665940939333852,True,True
85.0,175.0,494,467,-0.1391513319271138,-0.16304915232199185,-0.11717299633163428,0.045876155990357576,8.543428273891141,-8.682579605818255,True,True
95.0,-175.0,317,310,-0.144905364217945,-0.17464672285588673,-0.1185186045143411,0.05612811834154563,0.3567127054914998,-0.5016180697094448,True,True
95.0,-165.0,233,230,-0.2429552132171719,-0.27971171638321257,-0.2094789545366696,0.07023276184654298,0.3567127054914998,-0.5996679187086718,True,True
95.0,-155.0,172,169,-0.2555855011721842,-0.30096893238458733,-0.2076503489996332,0.09331858338495413,0.3567127054914998,-0.612298206663684,True,True
95.0,-145.0,100,100,-0.3800082883754263,-0.4462993389086519,-0.3158623039488011,0.13043703495985082,0.3567127054914998,-0.7367209938669261,True,True
95.0,-135.0,46,44,-0.35710757394686643,-0.452748151530161,-0.2660145695807812,0.18673358194937983,0.3567127054914998,-0.7138202794383662,False,True
95.0,-125.0,30,30,-0.2511778014272393,-0.35821863864592474,-0.14750792208857863,0.2107107165573461,0.3567127054914998,-0.607890506918739,False,True
95.0,-115.0,15,14,-0.4473291186736329,-0.6645152017879437,-0.21629639855374191,0.4482188032342017,0.3567127054914998,-0.8040418241651327,False,True
95.0,-105.0,12,12,-0.2515447884442559,-0.4342427671414946,-0.08271202797671719,0.35153073916477745,0.3567127054914998,-0.6082574939357557,False,True
95.0,-95.0,12,12,-0.300649239211812,-0.4658933513563956,-0.15195072436143767,0.3139426269949579,0.3567127054914998,-0.6573619447033119,False,True
95.0,-85.0,8,8,-0.06328491153845137,-0.21361785148437315,0.12631564133639703,0.3399334928207702,0.3567127054914998,-0.4199976170299512,False,True
95.0,-75.0,11,11,-0.07507147819727952,-0.23939840159049852,0.07539728768713806,0.31479568927763657,0.3567127054914998,-0.43178418368877935,False,True
95.0,-65.0,8,8,-0.2575838566764698,-0.45804921425205597,-0.08656522505653269,0.3714839891955233,0.3567127054914998,-0.6142965621679697,False,True
95.0,-55.0,14,14,-0.016204879585885172,-0.10966415383371278,0.07223071197698588,0.18189486581069866,0.3567127054914998,-0.372917585077385,False,True
95.0,-45.0,15,15,-0.10399195623753445,-0.22808448237674603,0.010629026673916754,0.23871350905066277,0.3567127054914998,-0.46070466172903424,False,True
95.0,-35.0,57,57,0.07944585314570597,0.010850247583384116,0.15115085128048342,0.1403006036970993,0.3567127054914998,-0.27726685234579385,False,True
95.0,-25.0,369,353,0.01170427651573808,-0.02502440066257112,0.05262519698158096,0.07764959764415208,0.3567127054914998,-0.3450084289757617,True,True
95.0,-15.0,1995,1657,-0.07005520849361942,-0.08589072144033706,-0.05500170858270538,0.03088901285763168,0.3567127054914998,-0.4267679139851192,True,True
95.0,-5.0,2258,1850,0.020492702608584143,0.0065239769562556735,0.03411108026184167,0.027587103305585996,0.3567127054914998,-0.33622000288291565,True,True
95.0,5.0,1772,1477,0.047451951131394284,0.033612601205451426,0.06219731176412099,0.02858471055866956,0.3567127054914998,-0.3092607543601055,True,True
95.0,15.0,1001,908,0.04831654988093351,0.029682781959211167,0.06670163774057424,0.03701885578136307,0.3567127054914998,-0.3083961556105663,True,True
95.0,25.0,245,239,0.15842993335088848,0.10849236192379208,0.21122302274163726,0.10273066081784518,0.3567127054914998,-0.19828277214061132,True,True
95.0,35.0,69,68,0.10570862102422351,0.03073490698770313,0.18263290171131313,0.15189799472361,0.3567127054914998,-0.2510040844672763,False,True
95.0,45.0,25,24,0.11438825223634852,-0.03868736173641502,0.2968266947476646,0.3355140564840796,0.3567127054914998,-0.24232445325515128,False,True
95.0,55.0,14,14,0.14843869178750096,-0.054801193735788734,0.363764777401424,0.4185659711372127,0.3567127054914998,-0.20827401370399884,False,False
95.0,65.0,19,19,0.0977630202441274,-0.0579998836458256,0.26446688217500014,0.32246676582082573,0.3567127054914998,-0.2589496852473724,False,True
95.0,75.0,5,5,-0.04489552449930417,-0.11924057370173277,0.04502462920955032,0.1642652029112831,0.3567127054914998,-0.401608229990804,False,True
95.0,85.0,18,17,-0.03954518159856996,-0.18076108028068258,0.08869614914825116,0.26945722942893374,0.3567127054914998,-0.39625788709006976,False,True
95.0,95.0,17,16,-0.34747379383085925,-0.4851045664130632,-0.2200961983498842,0.265008368063179,0.3567127054914998,-0.704186499322359,False,True
95.0,105.0,24,24,-0.21844878407249366,-0.3415106970605865,-0.10092568122923593,0.24058501583135058,0.3567127054914998,-0.5751614895639935,False,True
95.0,115.0,34,34,-0.06505622808885876,-0.17158752690445872,0.051266859874662736,0.22285438677912145,0.3567127054914998,-0.42176893358035855,False,True
95.0,125.0,56,54,-0.05827579822745055,-0.12392146510577441,0.0121784715101441,0.13609993661591852,0.3567127054914998,-0.41498850371895035,False,True
95.0,135.0,77,75,-0.05538037814461783,-0.11792188321303601,0.0010486646325174847,0.1189705478455535,0.3567127054914998,-0.41209308363611763,False,True
95.0,145.0,210,206,-0.0562296454349012,-0.09168258416246515,-0.02002996548522403,0.07165261867724113,0.3567127054914998,-0.412942350926401,True,True
95.0,155.0,317,303,-0.10010452874769435,-0.1292616463612293,-0.07135002218433296,0.05791162417689634,0.3567127054914998,-0.4568172342391942,True,True
95.0,165.0,394,376,-0.14900652405927703,-0.17480951072923417,-0.12376097142651345,0.05104853930272073,0.3567127054914998,-0.5057192295507769,True,True
95.0,175.0,375,359,-0.147479566282224,-0.17205327765981687,-0.12343434869327624,0.04861892896654063,0.3567127054914998,-0.5041922717737238,True,True
105.0,-175.0,209,204,-0.23937324604593377,-0.2821321656674801,-0.19742634333155187,0.08470582233592824,-7.269935127402656,7.030561881356722,True,True
105.0,-165.0,183,180,-0.3110887973908785,-0.36253227173291275,-0.26016707621471297,0.10236519551819978,-7.269935127402656,6.958846330011777,True,True
105.0,-155.0,114,112,-0.3670692569961861,-0.43549917006404276,-0.30514177361756245,0.1303573964464803,-7.269935127402656,6.90286587040647,True,True
105.0,-145.0,73,73,-0.2947947841109403,-0.37568343082342676,-0.20882309318423734,0.16686033763918942,-7.269935127402656,6.975140343291716,False,True
105.0,-135.0,41,41,-0.33212085892074755,-0.45226610337228673,-0.21834654815162824,0.2339195552206585,-7.269935127402656,6.937814268481908,False,True
105.0,-125.0,22,22,-0.34359149041261533,-0.4557228685070286,-0.23492945436941004,0.22079341413761855,-7.269935127402656,6.92634363699004,False,True
105.0,-115.0,6,6,-0.4167130484891836,-0.7275900020834234,-0.13821452368289197,0.5893754784005314,-7.269935127402656,6.853222078913472,False,True
105.0,-105.0,11,11,-0.12928765496058855,-0.22618000623961917,-0.043010544285411206,0.18316946195420797,-7.269935127402656,7.140647472442067,False,True
105.0,-95.0,8,8,-0.21319312485652955,-0.39848771406508604,-0.056310145641476655,0.34217756842360936,-7.269935127402656,7.056742002546126,False,True
105.0,-85.0,4,4,-0.04756096320205646,-0.14268288960616937,0.0,0.14268288960616937,-7.269935127402656,7.222374164200599,False,True
105.0,-65.0,1,1,-0.10139221819503909,-0.10139221819503909,-0.10139221819503909,0.0,-7.269935127402656,7.168542909207616,False,True
105.0,-55.0,3,3,-0.29335651600274026,-0.7282835607827303,0.0,0.7282835607827303,-7.269935127402656,6.9765786113999155,False,True
105.0,-45.0,13,13,-0.10697161433753469,-0.19726689731181124,-0.033446362696836464,0.16382053461497478,-7.269935127402656,7.1629635130651215,False,True
105.0,-35.0,69,69,0.03931721559937506,-0.0385919949572129,0.12198750410523987,0.16057949906245278,-7.269935127402656,7.309252343002031,False,True
105.0,-25.0,390,375,-0.011589616533109684,-0.04429215716008106,0.020283312852278593,0.06457547001235965,-7.269935127402656,7.258345510869546,True,True
105.0,-15.0,738,688,0.013077620677033863,-0.008021297132370774,0.03544851671336442,0.0434698138457352,-7.269935127402656,7.28301274807969,True,True
105.0,-5.0,689,633,0.03611865040289595,0.015464259937501883,0.05758343013667809,0.04211917019917621,-7.269935127402656,7.306053777805552,True,True
105.0,5.0,740,687,0.024019358730448227,0.003971522466771359,0.044988179830292956,0.0410166573635216,-7.269935127402656,7.293954486133104,True,True
105.0,15.0,315,299,0.05399196975995954,0.023837514312628386,0.08858348759117947,0.06474597327855108,-7.269935127402656,7.323927097162615,True,True
105.0,25.0,87,85,0.16843266978775862,0.0780506272035012,0.2569614133094112,0.17891078610591,-7.269935127402656,7.4383677971904145,False,True
105.0,35.0,28,28,0.21871687956374636,0.09419325691905879,0.3447665626307299,0.25057330571167113,-7.269935127402656,7.488652006966402,False,True
105.0,45.0,20,20,0.16565292933300677,0.04271074110437989,0.3021828858293275,0.2594721447249476,-7.269935127402656,7.4355880567356625,False,True
105.0,55.0,16,16,0.3115675298603033,0.1491426167342104,0.4962812930019113,0.3471386762677009,-7.269935127402656,7.581502657262959,False,True
105.0,65.0,9,9,0.25563882885918243,0.023454593150365202,0.5117236017029613,0.4882690085525961,-7.269935127402656,7.525573956261838,False,True
105.0,75.0,6,6,0.29595513643177235,-0.008627243312605962,0.5962981690025771,0.6049254123151832,-7.269935127402656,7.5658902638344285,False,True
105.0,85.0,12,12,0.0030795259018545212,-0.12928294723438846,0.14367186018530076,0.27295480741968925,-7.269935127402656,7.27301465330451,False,True
105.0,95.0,10,10,-0.3219569615444332,-0.48579851024689724,-0.12301444661756983,0.3627840636293274,-7.269935127402656,6.947978165858222,False,True
105.0,105.0,22,22,-0.13369610701626958,-0.2522599613911573,-0.020428237151318387,0.23183172423983892,-7.269935127402656,7.136239020386387,False,True
105.0,115.0,43,42,-0.14571862515249656,-0.24382201986716628,-0.05519742871822763,0.18862459114893865,-7.269935127402656,7.124216502250159,False,True
105.0,125.0,88,86,-0.1641265390334761,-0.23065421506402303,-0.1036525772269815,0.12700163783704155,-7.269935127402656,7.10580858836918,False,True
105.0,135.0,122,120,-0.11637859068527971,-0.159207222501219,-0.0682123587774822,0.09099486372373679,-7.269935127402656,7.153556536717376,True,True
105.0,145.0,134,130,-0.04904401120714504,-0.08987206686923861,-0.008623323753748885,0.08124874311548973,-7.269935127402656,7.220891116195511,True,True
105.0,155.0,191,189,-0.08339377386823903,-0.11669870838911263,-0.052471057976665465,0.06422765041244716,-7.269935127402656,7.186541353534417,True,True
105.0,165.0,205,201,-0.13082162224330146,-0.16730451400561921,-0.09367384081417995,0.07363067319143926,-7.269935127402656,7.139113505159354,True,True
105.0,175.0,238,234,-0.14594710829582985,-0.17773223419111425,-0.11519824681950391,0.06253398737161034,-7.269935127402656,7.123988019106826,True,True
115.0,-175.0,180,177,-0.08566916153112647,-0.14564807706130337,-0.02800648263100438,0.11764159443029898,-12.372041996548525,12.2863728350174,True,True
115.0,-165.0,125,121,-0.09765112756825038,-0.18708881950804027,-0.005197342251979092,0.18189147725606117,-12.372041996548525,12.274390868980275,True,True
115.0,-155.0,103,99,-0.09668016610925641,-0.1830822442163179,-0.009868175172711722,0.1732140690436062,-12.372041996548525,12.275361830439268,True,True
115.0,-145.0,54,52,-0.11393264537131463,-0.24047693877456666,0.019651386785658483,0.26012832556022514,-12.372041996548525,12.258109351177211,False,True
115.0,-135.0,31,31,-0.31669830299999463,-0.4768852235085056,-0.14129422393572402,0.3355909995727816,-12.372041996548525,12.05534369354853,False,True
115.0,-125.0,17,17,-0.13089964095680026,-0.3736401132125303,0.09731168705019706,0.47095180026272737,-12.372041996548525,12.241142355591725,False,True
115.0,-115.0,5,5,-0.0857793933638288,-0.427508629899849,0.17467390807609023,0.6021825379759392,-12.372041996548525,12.286262603184696,False,True
115.0,-105.0,7,7,-0.27567841973045076,-0.5713072505175149,-0.06221006827273008,0.5090971822447847,-12.372041996548525,12.096363576818074,False,True
115.0,-95.0,2,2,-0.035540615111498426,-0.07108123022299685,0.0,0.07108123022299685,-12.372041996548525,12.336501381437026,False,True
115.0,-85.0,9,9,-0.07067945330237517,-0.17173365619279068,0.018045371267338614,0.1897790274601293,-12.372041996548525,12.30136254324615,False,True
115.0,-75.0,2,2,-0.10429138384704043,-0.12731059285413343,-0.08127217483994742,0.04603841801418601,-12.372041996548525,12.267750612701484,False,True
115.0,-65.0,4,4,-0.020130832204868304,-0.35021375975685165,0.27627469600610727,0.6264884557629589,-12.372041996548525,12.351911164343656,False,True
115.0,-55.0,8,8,-0.03656880963828191,-0.19804554642680794,0.14399742883937916,0.3420429752661871,-12.372041996548525,12.335473186910242,False,True
115.0,-45.0,16,16,0.040771346809579986,-0.04144349704134037,0.16111304731754983,0.2025565443588902,-12.372041996548525,12.412813343358104,False,True
115.0,-35.0,57,57,0.04924685982357647,-0.033482602530339224,0.13965238140684388,0.1731349839371831,-12.372041996548525,12.421288856372101,False,True
115.0,-25.0,161,158,0.0005094659198360998,-0.051911453185953235,0.05455456930244272,0.10646602248839596,-12.372041996548525,12.37255146246836,True,True
115.0,-15.0,221,213,0.03530184220348346,0.00010401510905030537,0.07114320499268945,0.07103918988363914,-12.372041996548525,12.40734383875201,True,True
115.0,-5.0,269,260,-0.025362098219077426,-0.0547253129079202,0.0017643350171735522,0.056489647925093756,-12.372041996548525,12.346679898329448,True,True
115.0,5.0,257,252,0.010285484444581399,-0.019703167262016354,0.039149349342293,0.05885251660430935,-12.372041996548525,12.382327480993107,True,True
115.0,15.0,104,104,0.11247640786798817,0.040871016871629896,0.1887376932504303,0.1478666763788004,-12.372041996548525,12.484518404416512,True,True
115.0,25.0,39,39,0.057046179687513215,-0.1168820552709302,0.23470786613810507,0.3515899214090353,-12.372041996548525,12.429088176236037,False,True
115.0,35.0,16,16,0.022769616679379545,-0.193815246932607,0.24061205258572535,0.43442729951833237,-12.372041996548525,12.394811613227905,False,True
115.0,45.0,10,10,0.08686119754215013,-0.08550521700264334,0.2637821219898448,0.34928733899248815,-12.372041996548525,12.458903194090675,False,True
115.0,55.0,6,6,-0.004502964106927854,-0.19142322819916047,0.2838897218600349,0.4753129500591954,-12.372041996548525,12.367539032441597,False,True
115.0,65.0,2,2,0.09301421435108297,0.0,0.18602842870216593,0.18602842870216593,-12.372041996548525,12.465056210899608,False,True
115.0,85.0,2,2,-0.028436799397542893,-0.049466963337032606,-0.00740663545805318,0.042060327878979425,-12.372041996548525,12.343605197150982,False,True
115.0,95.0,13,13,-0.04192073096216317,-0.18629307501788758,0.11771745071005123,0.3040105257279388,-12.372041996548525,12.330121265586362,False,True
115.0,105.0,11,11,0.11882975597373219,-0.02933117993495542,0.25373867844552483,0.28306985838048027,-12.372041996548525,12.490871752522256,False,True
115.0,115.0,33,33,-0.11176550343564087,-0.21491561827005107,-0.010763685204312048,0.20415193306573903,-12.372041996548525,12.260276493112883,False,True
115.0,125.0,49,49,-0.08192566579352069,-0.16374786525855603,-0.0020496941906805095,0.1616981710678755,-12.372041996548525,12.290116330755005,False,True
115.0,135.0,63,62,-0.0489047968934471,-0.11658017747212829,0.027309161284976353,0.14388933875710463,-12.372041996548525,12.323137199655077,False,True
115.0,145.0,99,96,-0.03320259210977092,-0.07882597942053467,0.01083894690848451,0.08966492632901918,-12.372041996548525,12.338839404438755,False,True
115.0,155.0,147,143,0.003046618359526434,-0.037229120992618346,0.04478756633627248,0.08201668732889084,-12.372041996548525,12.375088614908051,True,True
115.0,165.0,142,141,-0.052816361177181526,-0.09916889960453187,-0.006700247415898309,0.09246865218863357,-12.372041996548525,12.319225635371343,True,True
115.0,175.0,141,141,-0.10833751982056145,-0.1647840520682336,-0.050577270503275484,0.11420678156495812,-12.372041996548525,12.263704476727963,True,True
125.0,-175.0,153,150,0.3314500313411403,0.28113614971858597,0.38954519754156713,0.10840904782298116,-13.731125962142718,14.062575993483858,True,True
125.0,-165.0,134,129,0.47614977633214445,0.40179923406057927,0.5455987197350991,0.14379948567451983,-13.731125962142718,14.207275738474863,True,True
125.0,-155.0,100,100,0.4527675219651803,0.38072268023370187,0.532350332296585,0.15162765206288314,-13.731125962142718,14.183893484107898,True,True
125.0,-145.0,64,64,0.45022136168893695,0.37016130889710236,0.5466237352070958,0.17646242630999348,-13.731125962142718,14.181347323831655,False,True
125.0,-135.0,27,27,0.569406116074944,0.42330304856191664,0.7052652704686333,0.28196222190671666,-13.731125962142718,14.300532078217662,False,True
125.0,-125.0,13,13,0.35559777518224006,0.1300823241665957,0.5762361046099723,0.4461537804433766,-13.731125962142718,14.086723737324958,False,True
125.0,-115.0,6,6,0.18222009479470247,0.005445991409188361,0.4161298541469836,0.4106838627377952,-13.731125962142718,13.91334605693742,False,True
125.0,-105.0,3,3,0.44478087058240107,-0.07498945116305551,0.7803946179682514,0.8553840691313069,-13.731125962142718,14.175906832725119,False,True
125.0,-95.0,4,4,0.1586668567781221,-0.08233981016734748,0.5658892748002484,0.6482290849675959,-13.731125962142718,13.88979281892084,False,True
125.0,-85.0,5,5,0.09340508994138559,0.0,0.2047986596499874,0.2047986596499874,-13.731125962142718,13.824531052084103,False,True
125.0,-75.0,7,7,0.16701176279577964,0.034120620265088795,0.3469505762063857,0.3128299559412969,-13.731125962142718,13.898137724938497,False,True
125.0,-65.0,10,10,0.24277217672642407,0.05606284606568253,0.41273143158109765,0.35666858551541514,-13.731125962142718,13.973898138869142,False,True
125.0,-55.0,15,15,0.05244252140698292,-0.020447226989563094,0.13093818538877874,0.15138541237834183,-13.731125962142718,13.7835684835497,False,True
125.0,-45.0,17,17,0.08181173159557635,-0.03398450014350646,0.19299601992146911,0.22698052006497557,-13.731125962142718,13.812937693738295,False,True
125.0,-35.0,24,24,-0.110333276731078,-0.20044636971094074,-0.02694606670268402,0.17350030300825672,-13.731125962142718,13.62079268541164,False,True
125.0,-25.0,80,80,-0.061037796415385356,-0.12109462635501676,0.0013556434998951887,0.12245026985491195,-13.731125962142718,13.670088165727332,False,True
125.0,-15.0,106,106,-0.037384437302786136,-0.08288431136240643,0.007734865453263717,0.09061917681567014,-13.731125962142718,13.693741524839933,True,True
125.0,-5.0,134,133,-0.017506924986985053,-0.06907598259445047,0.029283519783299582,0.09835950237775005,-13.731125962142718,13.713619037155732,True,True
125.0,5.0,102,102,0.031222834067322715,-0.02576791910992694,0.081747760880061,0.10751567998998794,-13.731125962142718,13.762348796210041,True,True
125.0,15.0,26,25,-0.1818058391740047,-0.36901975571040796,-0.018912795777115465,0.3501069599332925,-13.731125962142718,13.549320122968714,False,True
125.0,25.0,19,19,-0.4178913155900132,-0.5806959511584946,-0.2469771584693617,0.3337187926891329,-13.731125962142718,13.313234646552704,False,True
125.0,35.0,6,6,-0.08694029689539384,-0.43089112680024083,0.18333748630552674,0.6142286131057676,-13.731125962142718,13.644185665247324,False,True
125.0,55.0,3,3,-0.1492960680905195,-0.6298904174705144,0.18316662934519465,0.8130570468157091,-13.731125962142718,13.581829894052198,False,True
125.0,65.0,3,3,-0.03356794611237187,-0.5120687074322074,0.23393799554470207,0.7460067029769095,-13.731125962142718,13.697558016030346,False,True
125.0,75.0,1,1,0.0,0.0,0.0,0.0,-13.731125962142718,13.731125962142718,False,True
125.0,85.0,2,2,-0.06662840267282112,-0.3269867942384245,0.19372998889278228,0.5207167831312068,-13.731125962142718,13.664497559469897,False,True
125.0,95.0,8,8,-0.029788509924301734,-0.17093325656291083,0.10863521228165937,0.2795684688445702,-13.731125962142718,13.701337452218416,False,True
125.0,105.0,13,13,0.11863120394418449,-0.03412118531211559,0.26714665727658277,0.3012678425886984,-13.731125962142718,13.849757166086903,False,True
125.0,115.0,14,14,-0.1351172510607915,-0.2474905652521636,0.02218414371992852,0.2696747089720921,-13.731125962142718,13.596008711081927,False,True
125.0,125.0,38,38,0.12220823886886674,0.044065924860440926,0.20532281159270863,0.1612568867322677,-13.731125962142718,13.853334201011585,False,True
125.0,135.0,44,44,0.11349881515216831,0.03483621468669903,0.19197488134061108,0.15713866665391205,-13.731125962142718,13.844624777294886,False,True
125.0,145.0,80,78,0.12458155783633842,0.060169595910691126,0.1864945306514161,0.12632493474072498,-13.731125962142718,13.855707519979056,False,True
125.0,155.0,116,110,0.16985868600695075,0.12402660670074865,0.22391070219233872,0.09988409549159007,-13.731125962142718,13.900984648149668,True,True
125.0,165.0,115,113,0.18673904234276217,0.1367982333284872,0.24219891446661634,0.10540068113812914,-13.731125962142718,13.91786500448548,True,True
125.0,175.0,154,154,0.20421292474491637,0.16157847749853693,0.24904938106135088,0.08747090356281395,-13.731125962142718,13.935338886887635,True,True
135.0,-175.0,169,166,0.46528252834489586,0.3979510410425175,0.530153998780139,0.13220295773762153,-11.183261439991469,11.648543968336364,True,True
135.0,-165.0,155,151,0.5144025331478983,0.4490348099369307,0.5877057621453983,0.1386709522084676,-11.183261439991469,11.697663973139367,True,True
135.0,-155.0,129,126,0.5203452860228808,0.455607303514033,0.5886646430596691,0.13305733954563614,-11.183261439991469,11.70360672601435,True,True
135.0,-145.0,69,68,0.5886533082558878,0.5034444407902522,0.6650742041336931,0.16162976334344092,-11.183261439991469,11.771914748247356,False,True
135.0,-135.0,30,30,0.6683907876471482,0.48723985697463446,0.8486138474024024,0.36137399042776797,-11.183261439991469,11.851652227638617,False,True
135.0,-125.0,13,13,0.5232023840591383,0.25573957669956215,0.8075258174910317,0.5517862407914695,-11.183261439991469,11.706463824050607,False,True
135.0,-115.0,4,4,0.40869844981306136,0.024721953845069818,0.7935686556961892,0.7688467018511194,-11.183261439991469,11.59195988980453,False,True
135.0,-105.0,5,5,0.15769529269861363,-0.12672657587604308,0.4352786771486551,0.5620052530246982,-11.183261439991469,11.340956732690083,False,True
135.0,-95.0,2,2,0.432023294025932,0.18749432301726865,0.6765522650345953,0.48905794201732666,-11.183261439991469,11.6152847340174,False,True
135.0,-75.0,7,7,0.027668189957787304,-0.09504289547567525,0.13317209274702807,0.2282149882227033,-11.183261439991469,11.210929629949256,False,True
135.0,-65.0,4,4,0.026197094564012896,-0.35028734287620966,0.5232373349597967,0.8735246778360064,-11.183261439991469,11.209458534555482,False,True
135.0,-55.0,10,10,-0.0005151669514798469,-0.21111810177702495,0.2331128332645088,0.44423093504153377,-11.183261439991469,11.182746273039989,False,True
135.0,-45.0,14,14,0.03818935971884158,-0.08005884612413303,0.15790987262925935,0.23796871875339237,-11.183261439991469,11.221450799710311,False,True
135.0,-35.0,35,35,-0.09984213218611747,-0.18401125628672704,-0.028327182387734066,0.15568407389899297,-11.183261439991469,11.083419307805352,False,True
135.0,-25.0,49,49,-0.08235573282583987,-0.16858732748345642,-0.004123877109389006,0.16446345037406743,-11.183261439991469,11.100905707165628,False,True
135.0,-15.0,57,56,0.02985599551589042,-0.02801110967517456,0.08608434546984514,0.1140954551450197,-11.183261439991469,11.213117435507359,False,True
135.0,-5.0,54,52,0.015774172295545535,-0.035294409967515275,0.06389748422356617,0.09919189419108145,-11.183261439991469,11.199035612287014,False,True
135.0,5.0,34,34,-0.01696954056172518,-0.15645288616775685,0.11945669603305434,0.2759095822008112,-11.183261439991469,11.166291899429744,False,True
135.0,15.0,8,8,-0.18499754685835879,-0.48804330490395553,0.12180906935264274,0.6098523742565982,-11.183261439991469,10.99826389313311,False,True
135.0,25.0,4,4,-0.34619631466316864,-0.8237643541028608,0.19306838987758268,1.0168327439804434,-11.183261439991469,10.8370651253283,False,True
135.0,35.0,4,4,-0.6214759706185922,-1.0875543956548062,-0.08613108022979937,1.0014233154250067,-11.183261439991469,10.561785469372877,False,True
135.0,45.0,3,3,-0.060955952264604894,-0.10202970922698601,0.0,0.10202970922698601,-11.183261439991469,11.122305487726864,False,True
135.0,55.0,3,3,-0.11576949022666312,-0.22591496615431042,0.0,0.22591496615431042,-11.183261439991469,11.067491949764806,False,True
135.0,75.0,1,1,0.0,0.0,0.0,0.0,-11.183261439991469,11.183261439991469,False,True
135.0,85.0,3,3,0.09987407873513089,-0.07300613138110046,0.24162164356991508,0.31462777495101557,-11.183261439991469,11.2831355187266,False,True
135.0,95.0,5,5,-0.010686653985443079,-0.17422882261238587,0.09693921920468201,0.2711680418170679,-11.183261439991469,11.172574786006026,False,True
135.0,105.0,7,7,0.12060681117086332,-0.04875918343897566,0.287929880879943,0.33668906431891865,-11.183261439991469,11.303868251162331,False,True
135.0,115.0,13,13,0.14313094476439647,0.0049965347806823325,0.2929407087015521,0.28794417392086974,-11.183261439991469,11.326392384755865,False,True
135.0,125.0,21,21,0.017698733284130165,-0.09104303882360475,0.12598090145552907,0.2170239402791338,-11.183261439991469,11.200960173275599,False,True
135.0,135.0,23,23,0.13669978300560856,0.043029996195532536,0.246795366038759,0.20376536984322646,-11.183261439991469,11.319961222997078,False,True
135.0,145.0,45,45,0.18826941009440695,0.105400386773862,0.272968375650406,0.167567988876544,-11.183261439991469,11.371530850085875,False,True
135.0,155.0,78,76,0.21160894916513634,0.14647209269701986,0.283667253358437,0.13719516066141715,-11.183261439991469,11.394870389156605,False,True
135.0,165.0,110,108,0.24562921626819226,0.18842680039188467,0.30595499144817445,0.11752819105628978,-11.183261439991469,11.42889065625966,True,True
135.0,175.0,152,148,0.3037876574063933,0.25059207681040774,0.355336720524793,0.10474464371438524,-11.183261439991469,11.487049097397863,True,True
145.0,-175.0,216,209,0.6109178565958018,0.5489051296840176,0.6761872059493964,0.1272820762653788,-5.638851046248386,6.249768902844188,True,True
145.0,-165.0,211,201,0.5486046648733348,0.4855489831197127,0.6177373244658436,0.13218834134613094,-5.638851046248386,6.187455711121721,True,True
145.0,-155.0,164,160,0.6042626545406397,0.5334246977392236,0.6772668209378206,0.14384212319859702,-5.638851046248386,6.243113700789026,True,True
145.0,-145.0,89,84,0.5022626841793563,0.4101210576726625,0.5981619671704679,0.1880409094978054,-5.638851046248386,6.141113730427742,False,True
145.0,-135.0,36,36,0.6359539686066733,0.47609865720885813,0.7995537254858721,0.323455068277014,-5.638851046248386,6.27480501485506,False,True
145.0,-125.0,20,20,0.570731672635943,0.3953429863141089,0.7571151059244089,0.3617721196103,-5.638851046248386,6.209582718884329,False,True
145.0,-115.0,9,9,0.600899135648625,0.3745323922340682,0.775407452639505,0.40087506040543675,-5.638851046248386,6.239750181897011,False,True
145.0,-105.0,3,3,0.2843196720243945,-0.07900983376410853,0.7254442964955677,0.8044541302596763,-5.638851046248386,5.923170718272781,False,True
145.0,-95.0,5,5,0.2746038354701404,0.06319366848193236,0.5806500152131451,0.5174563467312128,-5.638851046248386,5.913454881718526,False,True
145.0,-85.0,2,2,0.08693364734486343,-0.0020804899787281,0.17594778466845495,0.17802827464718304,-5.638851046248386,5.7257846935932495,False,True
145.0,-75.0,4,4,0.2386238411481696,0.06720432941760614,0.3805442297104942,0.31333990029288805,-5.638851046248386,5.877474887396556,False,True
145.0,-65.0,8,8,-0.01766219605865394,-0.10960618438464932,0.0630591320919791,0.17266531647662842,-5.638851046248386,5.621188850189732,False,True
145.0,-55.0,9,9,0.019709407723748164,-0.15863806041980325,0.16498912962355736,0.3236271900433606,-5.638851046248386,5.658560453972134,False,True
145.0,-45.0,11,11,0.08259281428779058,-0.06166114086774295,0.22626759792752138,0.2879287387952643,-5.638851046248386,5.721443860536177,False,True
145.0,-35.0,19,19,0.022699965077782314,-0.06863936665447268,0.10887747171813693,0.17751683837260962,-5.638851046248386,5.661551011326169,False,True
145.0,-25.0,28,28,-0.011987325234730535,-0.13431547230560395,0.11993021566722493,0.25424568797282887,-5.638851046248386,5.626863721013656,False,True
145.0,-15.0,16,16,-0.056219030320878945,-0.1902871008016319,0.08993769211938345,0.2802247929210153,-5.638851046248386,5.582632015927508,False,True
145.0,-5.0,16,16,-0.011603861557962558,-0.24748444610981907,0.18991506583713647,0.43739951194695553,-5.638851046248386,5.6272471846904235,False,True
145.0,5.0,3,3,-0.3011421942211901,-1.0335031479400538,0.08135997608276875,1.1148631240228226,-5.638851046248386,5.3377088520271965,False,True
145.0,15.0,3,3,0.3664808500599086,0.0660076101819355,0.7426372281415773,0.6766296179596418,-5.638851046248386,6.005331896308295,False,True
145.0,25.0,1,1,-0.3873281213276368,-0.3873281213276368,-0.3873281213276368,0.0,-5.638851046248386,5.251522924920749,False,True
145.0,35.0,1,1,0.12112141786139125,0.12112141786139125,0.12112141786139125,0.0,-5.638851046248386,5.759972464109778,False,True
145.0,45.0,1,1,-0.8014723013884973,-0.8014723013884973,-0.8014723013884973,0.0,-5.638851046248386,4.837378744859889,False,True
145.0,55.0,1,1,-0.2512177945920985,-0.2512177945920985,-0.2512177945920985,0.0,-5.638851046248386,5.387633251656288,False,True
145.0,85.0,1,1,-0.09568810792524123,-0.09568810792524123,-0.09568810792524123,0.0,-5.638851046248386,5.543162938323145,False,True
145.0,95.0,2,2,0.033807371691043996,-0.049911602523707244,0.11752634590579523,0.1674379484295025,-5.638851046248386,5.67265841793943,False,True
145.0,105.0,5,5,0.18139998442941868,0.0552573896701418,0.30757158467800244,0.2523141950078606,-5.638851046248386,5.820251030677805,False,True
145.0,115.0,6,6,0.012446682014642363,-0.23497057521337963,0.24471495468088267,0.4796855298942623,-5.638851046248386,5.651297728263029,False,True
145.0,125.0,9,9,0.13648474042486666,-0.03600561710797172,0.350835506612499,0.38684112372047075,-5.638851046248386,5.775335786673253,False,True
145.0,135.0,23,22,0.1432284857214664,0.047647542715711144,0.2359831589978313,0.18833561628212014,-5.638851046248386,5.782079531969853,False,True
145.0,145.0,45,45,0.1307046221897232,0.05414124063929897,0.19709010855614023,0.14294886791684125,-5.638851046248386,5.76955566843811,False,True
145.0,155.0,53,52,0.23584315493673977,0.16286745521693036,0.3162095424784637,0.15334208726153337,-5.638851046248386,5.874694201185126,False,True
145.0,165.0,115,113,0.29055892255462235,0.22993601854701795,0.36747936952210436,0.1375433509750864,-5.638851046248386,5.929409968803009,True,True
145.0,175.0,142,141,0.3947494011230618,0.3189698852654719,0.4733610197260263,0.1543911344605544,-5.638851046248386,6.033600447371448,True,True
155.0,-175.0,280,274,0.6521929327156196,0.5929408348066092,0.7083199061317051,0.11537907132509595,1.1887805565570515,-0.5365876238414319,True,True
155.0,-165.0,288,277,0.6589050086396259,0.5987140540228001,0.7159361059521875,0.1172220519293874,1.1887805565570515,-0.5298755479174256,True,True
155.0,-155.0,176,172,0.7028413514246117,0.626369864964048,0.7817373844496548,0.1553675194856068,1.1887805565570515,-0.4859392051324398,True,True
155.0,-145.0,97,94,0.6863856389066247,0.5753541804469802,0.796410369273458,0.22105618882647782,1.1887805565570515,-0.5023949176504268,False,True
155.0,-135.0,34,34,0.623087343335786,0.47584513633779607,0.7784356601323684,0.30259052379457235,1.1887805565570515,-0.5656932132212655,False,True
155.0,-125.0,18,18,0.7375202158144499,0.4927939917901596,0.9613409907658345,0.46854699897567487,1.1887805565570515,-0.4512603407426016,False,True
155.0,-115.0,8,8,0.5996574938067614,0.3784604605071504,0.8017315320617352,0.4232710715545848,1.1887805565570515,-0.5891230627502901,False,True
155.0,-105.0,5,5,0.48910842423316125,0.26128596719768027,0.7419048810066683,0.480618913808988,1.1887805565570515,-0.6996721323238903,False,True
155.0,-95.0,2,2,0.24602380307949678,-0.09571274712985925,0.5877603532888528,0.683473100418712,1.1887805565570515,-0.9427567534775547,False,True
155.0,-85.0,4,4,0.036198142462321475,-0.18576705427208515,0.2943614816590496,0.4801285359311347,1.1887805565570515,-1.15258241409473,False,True
155.0,-75.0,4,4,0.3318113783072355,0.14854433741282616,0.5150784192016449,0.36653408178881874,1.1887805565570515,-0.856969178249816,False,True
155.0,-65.0,3,3,0.18429431887127282,0.12139620516244154,0.2935066957415673,0.17211049057912575,1.1887805565570515,-1.0044862376857786,False,True
155.0,-55.0,6,6,-0.13405856305840338,-0.545009368708945,0.1497710722790288,0.6947804409879739,1.1887805565570515,-1.322839119615455,False,True
155.0,-45.0,6,6,0.05615766761586089,-0.04295139702290695,0.13528167343785935,0.1782330704607663,1.1887805565570515,-1.1326228889411907,False,True
155.0,-35.0,20,18,0.0070887616283714485,-0.09663635989171407,0.09977023229099219,0.19640659218270626,1.1887805565570515,-1.18169179492868,False,True
155.0,-25.0,11,11,-0.13663627834329592,-0.3357472936775068,0.054035942584275604,0.38978323626178235,1.1887805565570515,-1.3254168349003475,False,True
155.0,-15.0,5,5,-0.1640566728345945,-0.541197323243487,0.04893224513381646,0.5901295683773035,1.1887805565570515,-1.352837229391646,False,True
155.0,-5.0,4,4,0.186043030465039,-0.1770848208229822,0.4228962199179341,0.5999810407409163,1.1887805565570515,-1.0027375260920124,False,True
155.0,5.0,5,5,-0.1716199794217945,-0.44831677029255845,0.14846285926297229,0.5967796295555308,1.1887805565570515,-1.360400535978846,False,True
155.0,35.0,1,1,0.0,0.0,0.0,0.0,1.1887805565570515,-1.1887805565570515,False,True
155.0,55.0,1,1,-0.08585501973474968,-0.08585501973474968,-0.08585501973474968,0.0,1.1887805565570515,-1.2746355762918011,False,True
155.0,65.0,2,2,-0.20835109441617117,-0.5709425289120102,0.15424034007966791,0.7251828689916782,1.1887805565570515,-1.3971316509732228,False,True
155.0,75.0,1,1,-0.8847389461727283,-0.8847389461727283,-0.8847389461727283,0.0,1.1887805565570515,-2.0735195027297797,False,True
155.0,85.0,1,1,0.11276485680208588,0.11276485680208588,0.11276485680208588,0.0,1.1887805565570515,-1.0760156997549657,False,True
155.0,95.0,4,4,-0.04588492843630114,-0.2468795809168297,0.18360610926411192,0.4304856901809416,1.1887805565570515,-1.2346654849933527,False,True
155.0,105.0,3,3,-0.4401469050987629,-0.6169119320443179,-0.21323493681731823,0.40367699522699974,1.1887805565570515,-1.6289274616558145,False,True
155.0,115.0,5,5,0.12622825126005338,-0.16216089681571985,0.35678841746053225,0.5189493142762521,1.1887805565570515,-1.062552305296998,False,True
155.0,125.0,11,11,0.1070834120146036,-0.05624318901650659,0.29959397609704524,0.35583716511355185,1.1887805565570515,-1.081697144542448,False,True
155.0,135.0,15,14,0.04040830657295932,-0.07934696879429971,0.1522397949517495,0.2315867637460492,1.1887805565570515,-1.1483722499840923,False,True
155.0,145.0,32,32,0.20281065151534522,0.11375034103545398,0.2932793763649122,0.17952903532945821,1.1887805565570515,-0.9859699050417063,False,True
155.0,155.0,62,61,0.32212111655626446,0.22542575480923568,0.427725147718807,0.2022993929095713,1.1887805565570515,-0.866659440000787,False,True
155.0,165.0,110,110,0.4248538181487157,0.34457932688543713,0.5039027530797594,0.15932342619432227,1.1887805565570515,-0.7639267384083358,True,True
155.0,175.0,207,202,0.5094319958013531,0.4474818019505635,0.5749659306122282,0.12748412866166475,1.1887805565570515,-0.6793485607556984,True,True
165.0,-175.0,410,396,0.6657735572933458,0.612344902200818,0.7234138740099618,0.11106897180914377,7.269935127402635,-6.60416157010929,True,True
165.0,-165.0,357,346,0.7403553275026623,0.6793016358558917,0.7961526129951664,0.11685097713927473,7.269935127402635,-6.529579799899973,True,True
165.0,-155.0,223,216,0.8761548917657669,0.7944867556912675,0.9508252283300778,0.1563384726388103,7.269935127402635,-6.393780235636869,True,True
165.0,-145.0,110,110,0.9024343496466166,0.7966038255594889,1.008273892388896,0.21167006682940714,7.269935127402635,-6.367500777756018,True,True
165.0,-135.0,41,41,1.0329502324987971,0.882345378384157,1.1764904191822494,0.29414504079809234,7.269935127402635,-6.236984894903838,False,True
165.0,-125.0,17,17,0.9358422315481005,0.7036680473460735,1.136968565979476,0.43330051863340246,7.269935127402635,-6.334092895854535,False,True
165.0,-115.0,9,9,0.7264965520782711,0.5259346693376952,0.9703296845495574,0.4443950152118622,7.269935127402635,-6.543438575324364,False,True
165.0,-105.0,5,5,0.6910492863167548,0.6131540656593566,0.7652963596058788,0.15214229394652223,7.269935127402635,-6.578885841085881,False,True
165.0,-95.0,2,2,0.01082827623806685,0.0,0.0216565524761337,0.0216565524761337,7.269935127402635,-7.259106851164568,False,True
165.0,-85.0,1,1,0.0,0.0,0.0,0.0,7.269935127402635,-7.269935127402635,False,True
165.0,-75.0,4,4,0.09396194875643171,-0.16753250816932025,0.4877703898747771,0.6553028980440974,7.269935127402635,-7.1759731786462035,False,True
165.0,-65.0,2,2,0.30068697055264537,0.05400101871517179,0.5473729223901189,0.49337190367494715,7.269935127402635,-6.96924815684999,False,True
165.0,-55.0,3,3,-0.08723160657360092,-0.46876197645023804,0.2070671567294353,0.6758291331796733,7.269935127402635,-7.3571667339762366,False,True
165.0,-45.0,7,7,-0.12292101338816673,-0.4035964648616925,0.11403054508028325,0.5176270099419757,7.269935127402635,-7.392856140790802,False,True
165.0,-35.0,8,6,0.016250866333967454,-0.381880135026674,0.20754925599388133,0.5894293910205554,7.269935127402635,-7.253684261068668,False,True
165.0,-25.0,3,3,0.08487633550102285,0.0,0.2546290065030685,0.2546290065030685,7.269935127402635,-7.1850587919016125,False,True
165.0,-15.0,6,6,0.1178780131547814,-0.09035030993595727,0.30157069095971434,0.3919210008956716,7.269935127402635,-7.152057114247854,False,True
165.0,-5.0,3,3,-0.22832017902031013,-0.8363400224090293,0.46829688910807676,1.3046369115171061,7.269935127402635,-7.498255306422945,False,True
165.0,25.0,1,1,0.0,0.0,0.0,0.0,7.269935127402635,-7.269935127402635,False,True
165.0,45.0,2,2,0.06889678040896413,-0.04841848554930165,0.1862120463672299,0.23463053191653155,7.269935127402635,-7.201038346993672,False,True
165.0,55.0,1,1,0.4917444000991911,0.4917444000991911,0.4917444000991911,0.0,7.269935127402635,-6.7781907273034445,False,True
165.0,65.0,1,1,-0.009573197569190698,-0.009573197569190698,-0.009573197569190698,0.0,7.269935127402635,-7.279508324971826,False,True
165.0,75.0,1,1,0.025599247961260032,0.025599247961260032,0.025599247961260032,0.0,7.269935127402635,-7.244335879441375,False,True
165.0,95.0,4,4,0.19807182998764689,-0.21604028291869842,0.6121839428939921,0.8282242258126906,7.269935127402635,-7.071863297414988,False,True
165.0,105.0,1,1,-0.5373421864186412,-0.5373421864186412,-0.5373421864186412,0.0,7.269935127402635,-7.8072773138212765,False,True
165.0,115.0,3,3,-0.12493384535301566,-0.5137264977107603,0.1334585180112745,0.6471850157220348,7.269935127402635,-7.394868972755651,False,True
165.0,125.0,7,7,0.5193831154651589,0.1757706675078518,0.839943816061265,0.6641731485534133,7.269935127402635,-6.750552011937477,False,True
165.0,135.0,14,14,0.2127609335094303,0.010283963017039785,0.4541134267874098,0.44382946377037,7.269935127402635,-7.057174193893205,False,True
165.0,145.0,30,30,0.4315889599474135,0.2621157966745946,0.6176682713522645,0.3555524746776699,7.269935127402635,-6.838346167455222,False,True
165.0,155.0,67,66,0.49504036079593494,0.3695491362479061,0.6157537792114683,0.24620464296356226,7.269935127402635,-6.7748947666067005,False,True
165.0,165.0,129,128,0.45830728534803783,0.38170104471631694,0.5493073187928552,0.16760627407653828,7.269935127402635,-6.811627842054597,True,True
165.0,175.0,295,287,0.6317091078199005,0.5658464772305474,0.6964792124575906,0.13063273522704322,7.269935127402635,-6.638226019582735,True,True
175.0,-175.0,558,538,0.7559081669612897,0.703132867409906,0.806356333608743,0.10322346619883704,10.826548734499958,-10.07064056753867,True,True
175.0,-165.0,399,385,0.8308713370980952,0.7698395273992711,0.8924234955126301,0.12258396811335903,10.826548734499958,-9.995677397401863,True,True
175.0,-155.0,244,237,1.0329193361586937,0.9577070408579166,1.1086048989970823,0.15089785813916567,10.826548734499958,-9.793629398341265,True,True
175.0,-145.0,105,102,1.1204947320311316,1.008127156573404,1.232891064094698,0.22476390752129394,10.826548734499958,-9.706054002468827,True,True
175.0,-135.0,35,34,0.9786635437037444,0.7841100142281353,1.161027173450976,0.37691715922284075,10.826548734499958,-9.847885190796214,False,True
175.0,-125.0,16,16,0.6357443993372358,0.378546064136673,0.9175623366586823,0.5390162725220092,10.826548734499958,-10.190804335162722,False,True
175.0,-115.0,4,4,0.31201303314385714,0.11886316116618093,0.6194475855876441,0.5005844244214632,10.826548734499958,-10.5145357013561,False,True
175.0,-105.0,1,1,1.8970687488706333,1.8970687488706333,1.8970687488706333,0.0,10.826548734499958,-8.929479985629325,False,True
175.0,-95.0,1,1,0.5020629447654602,0.5020629447654602,0.5020629447654602,0.0,10.826548734499958,-10.324485789734497,False,True
175.0,-85.0,5,5,0.057206412460789294,-0.10692290918719652,0.1803522853041554,0.2872751944913519,10.826548734499958,-10.769342322039169,False,True
175.0,-75.0,1,1,0.0,0.0,0.0,0.0,10.826548734499958,-10.826548734499958,False,True
175.0,-65.0,1,1,0.0,0.0,0.0,0.0,10.826548734499958,-10.826548734499958,False,True
175.0,-55.0,7,7,-0.019462611399627388,-0.21535108923215993,0.16975478376741507,0.385105872999575,10.826548734499958,-10.846011345899585,False,True
175.0,-45.0,2,2,0.19110426316712464,0.1500453318452253,0.232163194489024,0.0821178626437987,10.826548734499958,-10.635444471332834,False,True
175.0,-35.0,2,2,-0.37054122341512125,-0.8093247656803775,0.06824231885013503,0.8775670845305125,10.826548734499958,-11.197089957915079,False,True
175.0,-25.0,3,3,-0.31726772484802807,-0.9518031745440844,0.0,0.9518031745440844,10.826548734499958,-11.143816459347986,False,True
175.0,-15.0,2,2,0.06337660953227015,0.0,0.1267532190645403,0.1267532190645403,10.826548734499958,-10.763172124967689,False,True
175.0,5.0,1,1,0.09418754110126569,0.09418754110126569,0.09418754110126569,0.0,10.826548734499958,-10.732361193398694,False,True
175.0,15.0,2,2,0.01156046712478128,0.0,0.02312093424956256,0.02312093424956256,10.826548734499958,-10.814988267375178,False,True
175.0,25.0,1,1,-2.3141612758673697,-2.3141612758673697,-2.3141612758673697,0.0,10.826548734499958,-13.140710010367329,False,True
175.0,45.0,1,1,-0.2471158649836866,-0.2471158649836866,-0.2471158649836866,0.0,10.826548734499958,-11.073664599483646,False,True
175.0,55.0,2,2,-0.09295984845856038,-0.32067344889528615,0.1347537519781654,0.45542720087345157,10.826548734499958,-10.91950858295852,False,True
175.0,65.0,2,2,-0.2411119211038403,-0.4822238422076806,0.0,0.4822238422076806,10.826548734499958,-11.067660655603799,False,True
175.0,75.0,3,3,-0.07563315973816502,-0.47960045471014584,0.25270097549565085,0.7323014302057966,10.826548734499958,-10.902181894238124,False,True
175.0,85.0,4,4,-0.08222420115022157,-0.2753472765397401,0.1311713172165182,0.4065185937562583,10.826548734499958,-10.90877293565018,False,True
175.0,95.0,8,8,-0.5234882176948179,-0.9077529842271036,-0.2117626631995211,0.6959903210275825,10.826548734499958,-11.350036952194776,False,True
175.0,105.0,4,4,-0.24115592638763,-0.6160128535565669,0.08690551050058673,0.7029183640571536,10.826548734499958,-11.067704660887589,False,True
175.0,115.0,5,5,0.10387224994831537,-0.18221708007865772,0.40942002162328794,0.5916371017019457,10.826548734499958,-10.722676484551643,False,True
175.0,125.0,12,12,0.6448896739522387,0.26049224156305345,1.0208883565325921,0.7603961149695386,10.826548734499958,-10.18165906054772,False,True
175.0,135.0,20,20,0.2725956498269312,0.014237397401022785,0.5278190543455533,0.5135816569445305,10.826548734499958,-10.553953084673028,False,True
175.0,145.0,45,45,0.5813370422055559,0.41468377798806383,0.7499382794495237,0.3352545014614599,10.826548734499958,-10.245211692294403,False,True
175.0,155.0,106,106,0.5494999185417192,0.43294699858016256,0.6527889796254255,0.21984198104526292,10.826548734499958,-10.277048815958238,True,True
175.0,165.0,279,276,0.6323495302694476,0.571458476719806,0.6999702951195899,0.12851181839978387,10.826548734499958,-10.194199204230511,True,True
175.0,175.0,492,469,0.6486819379917332,0.5934696647413628,0.7050156037994026,0.11154593905803989,10.826548734499958,-10.177866796508225,True,True
