pdb_id,chain,n_res,cls,note
1A1X,A,98,exact,
1A62,A,107,exact,
1A8L,A,189,exact,
1AE9,A,140,exact,
1AH7,A,231,exact,
1AHO,A,62,exact,
1AL3,A,192,exact,
1ALU,A,109,exact,
1AOL,A,219,exact,
1ATZ,A,182,exact,
1AYO,A,67,exact,
1AZO,A,178,exact,
1B5E,A,218,exact,
1BAZ,A,26,exact,
1BBP,A,171,exact,
1BEA,A,56,exact,
1BF2,A,729,exact,
1BGF,A,122,exact,
1BKR,A,106,exact,
1BM8,A,33,exact,
1BU8,A,425,exact,
1BXO,A,315,exact,
1BXY,A,31,exact,
1BYI,A,222,exact,
1C0P,A,340,exact,
1C1K,A,215,exact,
1C1X,A,340,exact,
1C3C,A,363,exact,
1C5E,A,93,exact,
1C7K,A,130,exact,
1C7S,A,788,exact,
1C8U,A,236,exact,
1CB8,A,418,exact,
1CC8,A,70,exact,
1CCW,A,132,exact,
1CHD,A,196,exact,
1CHM,A,399,exact,
1CL8,A,130,exact,
1CQ3,A,175,exact,
1CVR,A,404,exact,
1CXQ,A,139,exact,
1CY5,A,87,exact,
1CY9,A,151,exact,
1D2N,A,201,exact,
1D2O,A,76,exact,
1D2S,A,126,exact,
1D2T,A,192,exact,
1D2Z,A,13,exact,
1D3B,A,48,exact,
1D3Y,A,250,exact,
1D4O,A,167,exact,
1D5T,A,426,exact,
1D8H,A,105,exact,
1D8W,A,344,exact,
1D9C,A,69,exact,
1DBW,A,105,exact,
1DC1,A,285,exact,
1DCS,A,249,exact,
1DD9,A,278,exact,
1DFM,A,208,exact,
1DFU,P,77,exact,
1DG6,A,137,exact,
1DI6,A,166,exact,
1DJ0,A,258,exact,
1DJ8,A,41,exact,
1DM9,A,38,exact,
1DMG,A,139,exact,
1DP4,A,295,exact,
1DP7,P,70,exact,
1DQG,A,131,exact,
1DQP,A,192,exact,
1DS1,A,321,exact,
1DVO,A,116,exact,
1DZF,A,184,exact,
1E2K,A,208,exact,
1E58,A,242,exact,
1E5K,A,178,exact,
1E6U,A,282,exact,
1E7L,A,103,exact,
1EAQ,A,110,exact,
1EAZ,A,90,exact,
1EB6,A,175,exact,
1EER,A,121,exact,
1EG3,A,199,exact,
1EGP,A,37,exact,
1EGW,A,61,exact,
1EI5,A,485,exact,
1EJ8,A,122,exact,
1EKQ,A,233,exact,
1EL6,A,35,exact,
1ELK,A,151,exact,
1ELU,A,350,exact,
1EOK,A,280,exact,
1EQ2,A,131,exact,
1ES5,A,258,exact,
1ES9,A,198,exact,
1EU1,A,758,exact,
1EUW,A,134,exact,
1EVL,A,388,exact,
1EVY,A,162,exact,
1EWF,A,364,exact,
1EZG,A,80,exact,
1EZW,A,270,exact,
1F0K,A,129,exact,
1F0X,A,388,exact,
1F32,A,119,exact,
1F3U,A,34,exact,
1F3V,A,59,exact,
1F46,A,124,exact,
1F9V,A,293,exact,
1FC3,A,81,exact,
1FD3,A,39,exact,
1FIU,A,245,exact,
1FJH,A,231,exact,
1FN9,A,363,exact,
1FO8,A,326,exact,
1FPO,A,96,exact,
1FSG,A,231,exact,
1FT5,A,202,exact,
1FTR,A,273,exact,
1FYE,A,216,exact,
1G2R,A,92,exact,
1G3K,A,148,exact,
1G3P,A,185,exact,
1G5A,A,626,exact,
1G5H,A,124,exact,
1G61,A,223,exact,
1G66,A,205,exact,
1G6G,A,112,exact,
1G6X,A,56,exact,
1G73,A,101,exact,
1G8A,A,218,exact,
1G8E,A,55,exact,
1G8M,A,539,exact,
1GAK,A,110,exact,
1GCI,A,267,exact,
1GHE,A,156,exact,
1GKM,B,472,exact,
1GMI,A,101,exact,
1GMU,A,136,exact,
1GMX,A,103,exact,
1GNL,A,541,exact,
1GNY,A,151,exact,
1GO3,E,162,exact,
1GP0,A,125,exact,
1GPP,A,206,exact,
1GPR,A,151,exact,
1GQE,A,265,exact,
1GQI,A,704,exact,
1GSA,A,296,exact,
1GU2,A,122,exact,
1GU7,A,314,exact,
1GUI,A,153,exact,
1GUT,A,65,exact,
1GV9,A,219,exact,
1GVE,A,295,exact,
1GVP,A,64,exact,
1GWE,A,496,exact,
1GWM,A,151,exact,
1GXM,A,322,exact,
1GXR,A,240,exact,
1GXY,A,212,exact,
1GY7,A,110,exact,
1H12,A,402,exact,
1H16,A,744,exact,
1H4X,A,106,exact,
1H6F,A,171,exact,
1H6K,A,209,exact,
1H8P,A,86,exact,
1H8U,A,100,exact,
1H97,A,145,exact,
1H99,A,209,exact,
1HCZ,A,217,exact,
1HDO,A,203,exact,
1HE1,A,122,exact,
1HH8,A,185,exact,
1HTR,P,17,exact,
1HUW,A,117,exact,
1HX6,A,273,exact,
1HXI,A,98,exact,
1HXN,A,123,exact,
1HXR,A,100,exact,
1HYO,A,412,exact,
1HYP,A,73,exact,
1HZ4,A,363,exact,
1HZ6,A,65,exact,
1HZT,A,139,exact,
1I0R,A,150,exact,
1I1W,A,300,exact,
1I24,A,391,exact,
1I27,A,71,exact,
1I2T,A,59,exact,
1I4U,A,173,exact,
1I60,A,264,exact,
1I8A,A,187,exact,
1IAP,A,132,exact,
1IDK,A,200,exact,
1IDP,A,139,exact,
1IFR,A,111,exact,
1IGQ,A,52,exact,
1II5,A,186,exact,
1IIB,A,96,exact,
1ILK,A,140,exact,
1IO0,A,160,exact,
1IQ4,A,91,exact,
1IQZ,A,79,exact,
1IRQ,A,35,exact,
1IS3,A,132,exact,
1ISU,A,60,exact,
1IT2,A,143,exact,
1IUQ,A,304,exact,
1IX9,A,203,exact,
1IXH,A,319,exact,
1IZC,A,283,exact,
1J0P,A,106,exact,
1J1T,A,226,exact,
1J24,A,123,exact,
1J27,A,96,exact,
1J3A,A,108,exact,
1J3W,A,128,exact,
1J5P,A,123,exact,
1J5U,A,112,exact,
1J77,A,140,exact,
1J7X,A,212,exact,
1J83,A,172,exact,
1J8B,A,58,exact,
1J98,A,149,exact,
1JB3,A,115,exact,
1JB7,A,309,exact,
1JBE,A,123,exact,
1JCD,A,48,exact,
1JCL,A,250,exact,
1JE5,A,128,exact,
1JEK,A,38,exact,
1JEO,A,161,exact,
1JET,A,495,exact,
1JF3,A,145,exact,
1JFB,A,397,exact,
1JH6,A,142,exact,
1JHJ,A,122,exact,
1JHS,A,175,exact,
1JID,A,107,exact,
1JKE,A,114,exact,
1JMK,C,168,exact,
1JMV,A,103,exact,
1JNI,A,60,exact,
1JO0,A,88,exact,
1JOS,A,98,exact,
1JOV,A,185,exact,
1JR2,A,130,exact,
1JS1,X,150,exact,
1JU2,A,516,exact,
1JUH,A,330,exact,
1JUV,A,159,exact,
1JX6,A,318,exact,
1JYA,A,78,exact,
1JYH,A,153,exact,
1JYO,A,26,exact,
1K32,A,750,exact,
1K4I,A,207,exact,
1K4N,A,163,exact,
1K5C,A,331,exact,
1K68,A,21,exact,
1K6K,A,118,exact,
1K6X,A,315,exact,
1K77,A,238,exact,
1K7C,A,231,exact,
1K7J,A,185,exact,
1K8U,A,82,exact,
1K8W,A,246,exact,
1KA1,A,344,exact,
1KAF,A,106,exact,
1KCM,A,230,exact,
1KDG,A,539,exact,
1KEB,A,106,exact,
1KGD,A,146,exact,
1KHY,A,125,exact,
1KJQ,A,384,exact,
1KKO,A,382,exact,
1KMT,A,136,exact,
1KNM,A,127,exact,
1KO7,A,241,exact,
1KOE,A,170,exact,
1KPT,A,98,exact,
1KQ3,A,362,exact,
1KQ6,A,87,exact,
1KQP,A,269,exact,
1KS9,A,206,exact,
1KT6,A,168,exact,
1KWF,A,361,exact,
1KXG,A,104,exact,
1KYF,A,237,exact,
1KZF,A,86,exact,
1L1L,A,134,exact,
1L7A,A,316,exact,
1L9X,A,275,exact,
1LDD,A,72,exact,
1LFP,A,155,exact,
1LFW,A,466,exact,
1LJ8,A,451,exact,
1LKI,A,151,exact,
1LMI,A,116,exact,
1LNI,A,94,exact,
1LO7,A,131,exact,
1LQ9,A,110,exact,
1LQT,A,446,exact,
1LQV,A,160,exact,
1LR0,A,84,exact,
1LS1,A,268,exact,
1LV7,A,242,exact,
1LWB,A,120,exact,
1M15,A,348,exact,
1M1H,A,141,exact,
1M1Q,A,88,exact,
1M22,A,483,exact,
1M2D,A,95,exact,
1M2X,A,217,exact,
1M4L,A,299,exact,
1M5W,A,96,exact,
1M65,A,218,exact,
1M7G,A,202,exact,
1M9Z,A,103,exact,
1MAI,A,99,exact,
1MC2,A,120,exact,
1MG7,A,328,exact,
1MJ5,A,296,exact,
1MJN,A,177,exact,
1MK4,A,151,exact,
1MKI,A,189,exact,
1MKK,A,87,exact,
1MN8,A,93,exact,
1MNN,A,272,exact,
1MO9,A,520,exact,
1MPG,A,279,exact,
1MQV,A,96,exact,
1MSC,A,81,exact,
1MTP,A,318,exact,
1MUS,A,318,exact,
1MUW,A,384,exact,
1MVL,A,148,exact,
1MWQ,A,95,exact,
1MXR,A,337,exact,
1MY7,A,97,exact,
1N08,A,138,exact,
1N12,A,127,exact,
1N3L,A,241,exact,
1N40,A,393,exact,
1N57,A,257,exact,
1N62,A,159,exact,
1N67,A,303,exact,
1N7Z,A,159,exact,
1N93,X,276,exact,
1N9P,A,159,exact,
1NC7,A,97,exact,
1NEP,A,128,exact,
1NFP,A,218,exact,
1NG6,A,146,exact,
1NIG,A,26,exact,
1NIJ,A,18,exact,
1NJH,A,76,exact,
1NJR,A,103,exact,
1NKD,A,57,exact,
1NKG,A,506,exact,
1NKI,A,132,exact,
1NKZ,A,45,exact,
1NLF,A,248,exact,
1NLQ,A,90,exact,
1NNL,A,162,exact,
1NNW,A,55,exact,
1NR0,A,582,exact,
1NSZ,A,301,exact,
1NTH,A,454,exact,
1NTV,A,146,exact,
1NUY,A,278,exact,
1NWZ,A,123,exact,
1NXM,A,192,exact,
1NXU,A,223,exact,
1NYC,A,97,exact,
1NZ0,A,103,exact,
1NZJ,A,269,exact,
1O66,A,194,exact,
1O69,A,316,exact,
1O75,A,56,exact,
1O7I,A,113,exact,
1O7J,A,323,exact,
1O94,A,520,exact,
1OA8,A,110,exact,
1OAI,A,57,exact,
1OCY,A,187,exact,
1OD3,A,130,exact,
1ODM,A,327,exact,
1OF8,A,335,exact,
1OFL,A,471,exact,
1OH4,A,172,exact,
1OI0,A,92,exact,
1OI7,A,266,exact,
1OJH,A,33,exact,
1OK0,A,72,exact,
1OKS,A,19,exact,
1ONW,A,357,exact,
1OO0,A,57,exact,
1OQ1,A,197,exact,
1ORU,A,164,exact,
1OSY,A,109,exact,
1OTK,A,193,exact,
1OU9,A,86,exact,
1OUW,A,144,exact,
1OW4,A,118,exact,
1P1J,A,492,exact,
1P1M,A,380,exact,
1P3C,A,213,exact,
1P5Z,B,159,exact,
1P6O,A,154,exact,
1P90,A,116,exact,
1P9G,A,38,exact,
1PBW,A,137,exact,
1PDO,A,127,exact,
1PG6,A,138,exact,
1PKO,A,114,exact,
1PM4,A,107,exact,
1PMH,X,175,exact,
1PN0,A,644,exact,
1PO5,A,332,exact,
1PP0,A,141,exact,
1PSR,A,93,exact,
1PU6,A,204,exact,
1PV5,A,225,exact,
1PZ4,A,107,exact,
1PZW,A,10,exact,
1Q0P,A,92,exact,
1Q2H,A,53,exact,
1Q42,A,112,exact,
1Q5Y,A,57,exact,
1Q5Z,A,142,exact,
1Q6O,A,211,exact,
1Q6Z,A,522,exact,
1Q7E,A,378,exact,
1Q7L,A,190,exact,
1Q8B,A,77,exact,
1Q8D,A,86,exact,
1QCS,A,156,exact,
1QD1,A,310,exact,
1QDD,A,130,exact,
1QF8,A,126,exact,
1QFT,A,171,exact,
1QG8,A,230,exact,
1QHD,A,321,exact,
1QJP,A,66,exact,
1QKR,A,143,exact,
1QKS,A,557,exact,
1QLW,A,312,exact,
1QNR,A,342,exact,
1QQ5,A,212,exact,
1QQF,A,238,exact,
1QQP,1,176,exact,
1QR0,A,174,exact,
1QST,A,146,exact,
1QW2,A,83,exact,
1QW9,A,486,exact,
1QWI,A,134,exact,
1QWO,A,430,exact,
1QZG,A,65,exact,
1QZM,A,52,exact,
1R0D,A,102,exact,
1R0M,A,356,exact,
1R0U,A,138,exact,
1R45,A,199,exact,
1R4V,A,121,exact,
1R4X,A,255,exact,
1R5M,A,341,exact,
1R62,A,114,exact,
1R6D,A,315,exact,
1R6J,A,80,exact,
1R6W,A,306,exact,
1R6X,A,374,exact,
1R75,A,73,exact,
1R7J,A,88,exact,
1R7L,A,70,exact,
1R89,A,344,exact,
1R9L,A,307,exact,
1R9W,A,134,exact,
1RA0,A,421,exact,
1RCQ,A,345,exact,
1RFY,A,87,exact,
1RG8,A,139,exact,
1RGX,A,70,exact,
1RH6,A,45,exact,
1RIF,A,221,exact,
1RJD,A,320,exact,
1RK6,A,472,exact,
1RKT,A,177,exact,
1RKU,A,194,exact,
1RL0,A,253,exact,
1RLI,A,114,exact,
1RLM,A,204,exact,
1RO0,A,83,exact,
1RO7,A,102,exact,
1ROC,A,149,exact,
1ROW,A,91,exact,
1RTQ,A,289,exact,
1RTT,A,172,exact,
1RWH,A,745,exact,
1RWZ,A,223,exact,
1RXQ,A,136,exact,
1RY9,A,122,exact,
1RYI,A,275,exact,
1RYL,A,145,exact,
1S12,A,57,exact,
1S1D,A,311,exact,
1S21,A,79,exact,
1S2O,A,242,exact,
1S2W,A,228,exact,
1S2X,A,38,exact,
1S3C,A,136,exact,
1S5U,A,105,exact,
1S7Z,A,91,exact,
1S99,A,120,exact,
1S9R,A,407,exact,
1S9U,A,188,exact,
1SA3,A,239,exact,
1SAU,A,112,exact,
1SBX,A,96,exact,
1SBY,A,252,exact,
1SD4,A,58,exact,
1SDI,A,211,exact,
1SDO,A,184,exact,
1SEI,A,110,exact,
1SEN,A,133,exact,
1SFP,A,103,exact,
1SFS,A,211,exact,
1SG4,A,197,exact,
1SG6,A,299,exact,
1SGM,A,156,exact,
1SKZ,A,88,exact,
1SLU,A,28,exact,
1SMX,A,45,exact,
1SQ9,A,319,exact,
1SQH,A,151,exact,
1SQW,A,106,exact,
1SR4,A,165,exact,
1SR8,A,161,exact,
1STM,A,138,exact,
1SUM,B,195,exact,
1SX5,A,212,exact,
1SZH,A,119,exact,
1T07,A,63,exact,
1T0B,A,234,exact,
1T0F,A,160,exact,
1T1I,A,355,exact,
1T1U,A,529,exact,
1T2W,A,120,exact,
1T4B,A,365,exact,
1T61,A,221,exact,
1T6C,A,292,exact,
1T6L,A,138,exact,
1T6U,A,115,exact,
1T8K,A,75,exact,
1T92,A,94,exact,
1T9I,A,139,exact,
1TBF,A,324,exact,
1TE5,A,106,exact,
1TFE,A,103,exact,
1TH7,A,61,exact,
1TIQ,A,150,exact,
1TKE,A,222,exact,
1TKJ,A,275,exact,
1TQG,A,103,exact,
1TQJ,A,213,exact,
1TS9,A,79,exact,
1TT8,A,162,exact,
1TU1,A,73,exact,
1TU9,A,129,exact,
1TUK,A,65,exact,
1TUV,A,90,exact,
1TVG,A,134,exact,
1TZP,A,236,exact,
1U07,A,88,exact,
1U14,A,162,exact,
1U2H,A,94,exact,
1U2K,A,257,exact,
1U53,A,191,exact,
1U58,A,135,exact,
1U5U,A,353,exact,
1U7B,A,229,exact,
1U7G,A,342,exact,
1U7I,A,121,exact,
1U7L,A,185,exact,
1U84,A,79,exact,
1U9K,A,108,exact,
1UAI,A,221,exact,
1UCD,A,188,exact,
1UCR,A,72,exact,
1UCS,A,62,exact,
1UD9,A,159,exact,
1UF5,A,301,exact,
1UFI,A,44,exact,
1UFO,A,226,exact,
1UFY,A,119,exact,
1UGI,A,81,exact,
1UIX,A,45,exact,
1UKF,A,186,exact,
1UM0,A,251,exact,
1UNQ,A,116,exact,
1UPK,A,199,exact,
1URQ,A,50,exact,
1US0,A,312,exact,
1USC,A,176,exact,
1USG,A,333,exact,
1USM,A,73,exact,
1UTG,A,68,exact,
1UV7,A,68,exact,
1UVJ,A,402,exact,
1UWK,A,552,exact,
1UX6,A,288,exact,
1UXO,A,178,exact,
1UZ3,A,100,exact,
1V05,A,94,exact,
1V0W,A,490,exact,
1V2Z,A,83,exact,
1V33,A,223,exact,
1V4A,A,192,exact,
1V4P,A,149,exact,
1V58,A,227,exact,
1V5V,A,397,exact,
1V6P,A,60,exact,
1V6T,A,234,exact,
1V77,A,155,exact,
1V7W,A,775,exact,
1V7Z,A,240,exact,
1V84,A,212,exact,
1V8H,A,104,exact,
1V96,A,95,exact,
1V9M,A,266,exact,
1V9Y,A,99,exact,
1VBK,A,246,exact,
1VBW,A,66,exact,
1VCC,A,75,exact,
1VCH,A,43,exact,
1VD6,A,215,exact,
1VDW,A,243,exact,
1VE4,A,197,exact,
1VH4,A,327,exact,
1VH5,A,136,exact,
1VHN,A,259,exact,
1VHQ,A,194,exact,
1VJF,A,152,exact,
1VJU,A,273,exact,
1VK1,A,203,exact,
1VKE,A,100,exact,
1VKH,A,198,exact,
1VKK,A,135,exact,
1VKY,A,143,exact,
1VL1,A,216,exact,
1VL7,A,124,exact,
1VLY,A,291,exact,
1VMB,A,101,exact,
1VMH,A,127,exact,
1VPM,A,119,exact,
1VPR,A,274,exact,
1VPT,A,219,exact,
1VQS,A,94,exact,
1VR7,A,113,exact,
1VR8,A,117,exact,
1VYK,A,109,exact,
1VYR,A,361,exact,
1VZY,A,161,exact,
1W0N,A,118,exact,
1W0P,A,751,exact,
1W1H,A,134,exact,
1W23,A,352,exact,
1W2W,A,189,exact,
1W2Y,A,45,exact,
1W41,A,98,exact,
1W4S,A,144,exact,
1W5Q,A,310,exact,
1W5R,A,257,exact,
1W66,A,216,exact,
1W6S,A,594,exact,
1W7C,A,667,exact,
1W85,A,328,exact,
1W99,A,437,exact,
1WB4,A,281,exact,
1WC9,A,150,exact,
1WCK,A,134,exact,
1WCW,A,252,exact,
1WDD,A,460,exact,
1WDJ,A,130,exact,
1WEH,A,160,exact,
1WER,A,250,exact,
1WHI,A,120,exact,
1WIW,A,261,exact,
1WJX,A,88,exact,
1WKC,A,127,exact,
1WKQ,A,156,exact,
1WL8,A,180,exact,
1WLJ,A,159,exact,
1WLU,A,115,exact,
1WLZ,A,83,exact,
1WN2,A,116,exact,
1WNA,A,100,exact,
1WOL,A,91,exact,
1WPA,A,105,exact,
1WPB,A,49,exact,
1WPU,A,132,exact,
1WQ6,A,26,exact,
1WTE,A,267,exact,
1WTJ,A,293,exact,
1WV3,A,171,exact,
1WVF,A,513,exact,
1WVG,A,269,exact,
1WVH,A,91,exact,
1WVQ,A,158,exact,
1WWI,A,140,exact,
1WZ3,A,68,exact,
1X0T,A,104,exact,
1X54,A,398,exact,
1X6I,A,87,exact,
1X6Z,A,118,exact,
1X7D,A,314,exact,
1X8Q,A,182,exact,
1X91,A,147,exact,
1X9I,A,298,exact,
1X9U,A,102,exact,
1XAK,A,17,exact,
1XBI,A,116,exact,
1XCR,A,306,exact,
1XD3,A,227,exact,
1XDN,A,254,exact,
1XE7,A,118,exact,
1XFF,A,225,exact,
1XFK,A,258,exact,
1XFS,A,134,exact,
1XG0,A,71,exact,
1XG5,A,240,exact,
1XHN,A,158,exact,
1XJU,A,152,exact,
1XJV,A,139,exact,
1XKP,A,94,exact,
1XKR,A,190,exact,
1XLQ,A,104,exact,
1XMK,A,77,exact,
1XMT,A,93,exact,
1XO0,A,11,exact,
1XQO,A,251,exact,
1XSZ,A,333,exact,
1XTE,A,110,exact,
1XV5,A,356,exact,
1XW3,A,103,exact,
1Y08,A,268,exact,
1Y0H,A,99,exact,
1Y0K,A,172,exact,
1Y60,A,133,exact,
1Y6X,A,82,exact,
1Y6Z,A,103,exact,
1Y88,A,153,exact,
1Y8A,A,311,exact,
1Y93,A,156,exact,
1Y9I,A,124,exact,
1Y9L,A,108,exact,
1YAC,A,202,exact,
1YB3,A,126,exact,
1YC9,A,317,exact,
1YE8,A,161,exact,
1YFQ,A,325,exact,
1YG9,A,319,exact,
1YGA,A,324,exact,
1YGT,A,87,exact,
1YIX,A,250,exact,
1YJ7,A,141,exact,
1YLL,A,181,exact,
1YLM,A,123,exact,
1YMT,A,224,exact,
1YN3,A,96,exact,
1YNF,A,367,exact,
1YOC,A,139,exact,
1YOZ,A,71,exact,
1YPY,A,149,exact,
1YQS,A,343,exact,
1YRB,A,125,exact,
1YRK,A,124,exact,
1YSR,A,23,exact,
1YTB,A,100,exact,
1YTL,A,121,exact,
1YU0,A,374,exact,
1YW4,A,211,exact,
1YX1,A,236,exact,
1Z0P,A,46,exact,
1Z0S,A,247,exact,
1Z0W,A,190,exact,
1Z1S,A,134,exact,
1Z2N,X,309,exact,
1Z2U,A,148,exact,
1Z5G,A,163,exact,
1Z6N,A,164,exact,
1Z6O,A,172,exact,
1Z72,A,203,exact,
1Z84,A,284,exact,
1ZA0,A,55,exact,
1ZAR,A,258,exact,
1ZB1,A,181,exact,
1ZCE,A,123,exact,
1ZD0,A,89,exact,
1ZEL,A,252,exact,
1ZHS,A,111,exact,
1ZHV,A,124,exact,
1ZI8,A,231,exact,
1ZJC,A,398,exact,
1ZK4,A,249,exact,
1ZK5,A,168,exact,
1ZL0,A,304,exact,
1ZLD,A,81,exact,
1ZN6,A,189,exact,
1ZOI,A,273,exact,
1ZPS,A,84,exact,
1ZS9,A,228,exact,
1ZSQ,A,83,exact,
1ZUU,A,54,exact,
1ZV1,A,48,exact,
1ZVT,A,241,exact,
1ZX8,A,90,exact,
1ZXX,A,40,exact,
1ZY7,A,370,exact,
1ZZK,A,78,exact,
2A0B,A,100,exact,
2A1K,A,139,exact,
2A26,A,46,exact,
2A2M,A,179,exact,
2A35,A,204,exact,
2A65,A,401,exact,
2A6Z,A,220,exact,
2ABS,A,332,exact,
2ABW,A,194,exact,
2AEU,A,181,exact,
2AGK,A,222,exact,
2AHU,A,375,exact,
2AIB,A,96,exact,
2AKZ,A,433,exact,
2AMH,A,165,exact,
2AML,A,342,exact,
2ANX,A,144,exact,
2AOT,A,140,exact,
2AP3,A,163,exact,
2APJ,A,239,exact,
2AQ6,A,141,exact,
2ARC,A,144,exact,
2ASF,A,120,exact,
2ASK,A,91,exact,
2ATM,A,256,exact,
2AVT,A,89,exact,
2AXC,A,205,exact,
2AXQ,A,353,exact,
2AXW,A,132,exact,
2AYD,A,74,exact,
2AZ4,A,377,exact,
2AZW,A,29,exact,
2B0A,A,125,exact,
2B0T,A,453,exact,
2B0V,A,137,exact,
2B1Y,A,22,exact,
2B3Y,A,686,exact,
2B4H,A,146,exact,
2B78,A,348,exact,
2B7U,A,234,exact,
2B8M,A,96,exact,
2B97,A,68,exact,
2B9W,A,42,exact,
2BA2,A,68,exact,
2BAY,A,54,exact,
2BBE,A,101,exact,
2BBH,A,123,exact,
2BBR,A,185,exact,
2BCM,B,136,same_seq,PISCES=A
2BDR,A,145,exact,
2BHG,A,69,exact,
2BHU,A,572,exact,
2BJI,A,269,exact,
2BJQ,A,333,exact,
2BJU,A,276,exact,
2BK9,A,151,exact,
2BKM,A,126,exact,
2BKX,A,240,exact,
2BL0,A,61,exact,
2BL8,A,83,exact,
2BLE,A,316,exact,
2BLN,A,294,exact,
2BMO,A,432,exact,
2BNL,A,10,exact,
2BO4,A,371,exact,
2BOU,A,73,exact,
2BRY,A,456,exact,
2BSJ,A,102,exact,
2BSY,A,245,exact,
2BT9,A,88,exact,
2BW3,A,378,exact,
2BWR,A,399,exact,
2BZ1,A,145,exact,
2C0G,A,184,exact,
2C0N,A,177,exact,
2C1L,A,293,exact,
2C2U,A,176,exact,
2C3G,A,70,exact,
2C3V,A,86,exact,
2C60,A,75,exact,
2C61,A,426,exact,
2C71,A,203,exact,
2C8S,A,85,exact,
2C92,A,144,exact,
2CAR,A,194,exact,
2CAY,A,125,exact,
2CB8,A,84,exact,
2CBO,A,113,exact,
2CBZ,A,229,exact,
2CC6,A,62,exact,
2CCQ,A,97,exact,
2CCV,A,76,exact,
2CDC,A,355,exact,
2CDP,A,130,exact,
2CG7,A,88,exact,
2CH5,A,298,exact,
2CI1,A,267,exact,
2CIB,A,377,exact,
2CIU,A,121,exact,
2CIW,A,296,exact,
2CJ4,A,145,exact,
2CJT,A,117,exact,
2CKK,A,118,exact,
2CMG,A,260,exact,
2CNQ,A,297,exact,
2CO3,A,133,exact,
2COV,D,90,exact,
2CUL,A,221,exact,
2CW9,A,96,exact,
2CX7,A,117,exact,
2CXA,A,199,exact,
2CXH,A,168,exact,
2CXI,A,308,exact,
2CXK,A,78,exact,
2CXY,A,98,exact,
2CZC,A,276,exact,
2CZL,A,262,exact,
2D0O,A,240,exact,
2D1G,A,462,exact,
2D1L,A,135,exact,
2D1S,A,534,exact,
2D28,C,113,exact,
2D3D,A,81,exact,
2D4P,A,124,exact,
2D58,A,105,exact,
2D5M,A,179,exact,
2D5W,A,600,exact,
2D68,A,71,exact,
2D7V,A,70,exact,
2DC4,A,143,exact,
2DDR,A,277,exact,
2DDX,A,322,exact,
2DE3,A,342,exact,
2DHO,A,213,exact,
2DKA,A,363,exact,
2DKJ,A,400,exact,
2DKO,A,144,exact,
2DLB,A,65,exact,
2DM9,A,110,exact,
2DOK,A,108,exact,
2DP9,A,84,exact,
2DPL,A,273,exact,
2DPM,A,103,exact,
2DSK,A,298,exact,
2DT4,A,141,exact,
2DTC,A,108,exact,
2DTJ,A,155,exact,
2DWK,A,58,exact,
2DWU,A,263,exact,
2DXA,A,138,exact,
2DXQ,A,139,exact,
2DXU,A,223,exact,
2DYJ,A,89,exact,
2DYO,A,128,exact,
2E0N,A,128,exact,
2E1V,A,343,exact,
2E3H,A,77,exact,
2E3N,A,222,exact,
2E4T,A,507,exact,
2E52,A,285,exact,
2E56,A,63,exact,
2E5F,A,323,exact,
2E5Y,A,90,exact,
2E8B,A,172,exact,
2E8E,A,127,exact,
2E8V,A,178,exact,
2EAB,A,886,exact,
2EBE,A,102,exact,
2EBF,X,237,exact,
2ECE,A,367,exact,
2ECU,A,147,exact,
2EFV,A,77,exact,
2EGJ,A,124,exact,
2EGV,A,227,exact,
2EHP,A,119,exact,
2EHZ,A,297,exact,
2EI9,A,201,exact,
2EIY,A,293,exact,
2ELC,A,317,exact,
2END,A,135,exact,
2EPL,X,553,exact,
2ERF,A,191,exact,
2ERV,A,114,exact,
2ES9,A,34,exact,
2ETB,A,244,exact,
2ETV,A,260,exact,
2EW0,A,167,exact,
2EX2,A,311,exact,
2EYU,A,121,exact,
2F01,A,119,exact,
2F02,A,190,exact,
2F1F,A,42,exact,
2F1N,A,228,exact,
2F22,A,126,exact,
2F23,A,147,exact,
2F46,A,136,exact,
2F5G,A,122,exact,
2F5T,X,231,exact,
2F5V,A,560,exact,
2F60,K,56,exact,
2F69,A,231,exact,
2F7V,A,343,exact,
2F9H,A,104,exact,
2F9I,A,94,exact,
2FA1,A,139,exact,
2FA5,A,104,exact,
2FAO,A,293,exact,
2FB6,A,99,exact,
2FBA,A,490,exact,
2FCJ,A,112,exact,
2FCL,A,115,exact,
2FCO,A,130,exact,
2FCT,A,300,exact,
2FE7,A,137,exact,
2FEF,A,185,exact,
2FGQ,X,328,exact,
2FHP,A,164,exact,
2FHZ,A,104,exact,
2FI1,A,185,exact,
2FIP,A,61,exact,
2FIU,A,48,exact,
2FJ8,A,118,exact,
2FJR,A,99,exact,
2FKK,A,173,exact,
2FMA,A,57,exact,
2FNA,A,15,exact,
2FNO,A,216,exact,
2FNU,A,371,exact,
2FPH,X,130,exact,
2FQ3,A,83,exact,
2FRE,A,151,exact,
2FSJ,A,295,exact,
2FT0,A,213,exact,
2FTR,A,74,exact,
2FUL,A,157,exact,
2FUP,A,105,exact,
2FVY,A,303,exact,
2FW5,A,108,exact,
2FWH,A,115,exact,
2FX5,A,245,exact,
2FY7,A,251,exact,
2FYF,A,364,exact,
2FZP,A,132,exact,
2G0W,A,255,exact,
2G40,A,160,exact,
2G5C,A,111,exact,
2G5G,X,125,exact,
2G7O,A,66,exact,
2G7S,A,179,exact,
2GAK,A,236,exact,
2GAU,A,155,exact,
2GAX,A,51,exact,
2GB4,A,198,exact,
2GB7,A,235,exact,
2GDM,A,145,exact,
2GDQ,A,353,exact,
2GFF,A,80,exact,
2GFQ,A,259,exact,
2GGC,A,261,exact,
2GHS,A,275,exact,
2GIA,A,89,exact,
2GIG,A,189,exact,
2GKE,A,272,exact,
2GKG,A,120,exact,
2GKP,A,157,exact,
2GLZ,A,109,exact,
2GMQ,A,61,exact,
2GMY,A,145,exact,
2GNO,A,67,exact,
2GOM,A,59,exact,
2GQT,A,265,exact,
2GQW,A,385,exact,
2GR8,A,76,exact,
2GS5,A,169,exact,
2GSV,A,24,exact,
2GT1,A,244,exact,
2GU3,A,126,exact,
2GU9,A,107,exact,
2GUD,A,119,exact,
2GUF,A,250,exact,
2GUI,A,174,exact,
2GUK,A,52,exact,
2GWM,A,190,exact,
2GXQ,A,205,exact,
2GYQ,A,155,exact,
2GZ4,A,198,exact,
2GZS,A,231,exact,
2H1T,A,181,exact,
2H30,A,143,exact,
2H5C,A,196,exact,
2H6E,A,282,exact,
2H8E,A,116,exact,
2H8G,A,193,exact,
2H9A,A,381,exact,
2H9D,A,58,exact,
2HA8,A,157,exact,
2HAL,A,205,exact,
2HBA,A,50,exact,
2HCF,A,209,exact,
2HD9,A,143,exact,
2HDO,A,177,exact,
2HDZ,A,51,exact,
2HEU,A,389,exact,
2HEW,F,126,exact,
2HFS,A,303,exact,
2HHC,A,71,exact,
2HIN,A,64,exact,
2HJE,A,206,exact,
2HKU,A,85,exact,
2HLJ,A,127,exact,
2HNG,A,76,exact,
2HOX,A,397,exact,
2HP0,A,390,exact,
2HQ4,A,97,exact,
2HQ7,A,44,exact,
2HQ9,A,88,exact,
2HQY,A,280,exact,
2HTD,A,115,exact,
2HU9,A,47,exact,
2HUH,A,136,exact,
2HUJ,A,88,exact,
2HW4,A,82,exact,
2HX5,A,135,exact,
2HXT,A,420,exact,
2HY5,A,128,exact,
2HY7,A,357,exact,
2HZL,A,332,exact,
2I02,A,87,exact,
2I0K,A,529,exact,
2I2O,A,195,exact,
2I3D,A,201,exact,
2I49,A,396,exact,
2I53,A,206,exact,
2I5I,A,194,exact,
2I5U,A,66,exact,
2I5V,O,244,exact,
2I6D,A,80,exact,
2I6H,A,161,exact,
2I71,A,329,exact,
2I74,A,176,exact,
2I7G,A,223,exact,
2I8D,A,92,exact,
2I9C,A,45,exact,
2I9I,A,202,exact,
2I9W,A,144,exact,
2I9X,A,62,exact,
2IA1,A,60,exact,
2IA7,A,104,exact,
2IAY,A,101,exact,
2IBL,A,106,exact,
2IBN,A,184,exact,
2IC6,A,69,exact,
2ICC,A,117,exact,
2ICG,A,110,exact,
2ICH,A,254,exact,
2ID4,A,434,exact,
2IDL,A,98,exact,
2IF6,A,180,exact,
2IFC,A,370,exact,
2IG8,A,133,exact,
2IGP,A,112,exact,
2IHT,A,526,exact,
2II2,A,302,exact,
2IID,A,475,exact,
2IIH,A,112,exact,
2IJ2,A,427,exact,
2IJQ,A,131,exact,
2IKK,A,109,exact,
2IKS,A,245,exact,
2ILR,A,140,exact,
2IMF,A,195,exact,
2IMJ,A,150,exact,
2IMQ,X,263,exact,
2IMR,A,335,exact,
2IN9,A,130,exact,
2INW,A,108,exact,
2IP1,A,340,exact,
2IP6,A,85,exact,
2IS9,A,160,exact,
2IT2,A,157,exact,
2IU4,A,265,exact,
2IU5,A,178,exact,
2IUM,A,206,exact,
2IUW,A,187,exact,
2IVN,A,323,exact,
2IW1,A,368,exact,
2IWR,A,143,exact,
2IXS,A,281,exact,
2IYV,A,176,exact,
2IZR,A,268,exact,
2IZX,A,37,exact,
2J0A,A,207,exact,
2J1V,A,140,exact,
2J2J,A,180,exact,
2J43,A,201,exact,
2J5G,A,247,exact,
2J6B,A,107,exact,
2J6Y,A,81,exact,
2J7J,A,72,exact,
2J7Q,A,215,exact,
2J8K,A,179,exact,
2J9O,A,151,exact,
2J9W,A,99,exact,
2JAE,A,468,exact,
2JBM,A,288,exact,
2JC9,A,434,exact,
2JCB,A,93,exact,
2JDA,A,137,exact,
2JDJ,A,74,exact,
2JE6,A,173,exact,
2JE8,A,782,exact,
2JEK,A,138,exact,
2JFR,A,232,exact,
2JG0,A,503,exact,
2JH1,A,196,exact,
2JH3,A,236,exact,
2JHF,A,372,exact,
2JII,A,40,exact,
2JIS,A,468,exact,
2JLJ,A,113,exact,
2MHR,A,116,exact,
2NLR,A,220,exact,
2NLV,A,101,exact,
2NN5,A,157,exact,
2NNU,A,189,exact,
2NOG,A,28,exact,
2NPT,A,71,exact,
2NQ3,A,69,exact,
2NQW,A,82,exact,
2NR4,A,110,exact,
2NR5,A,48,exact,
2NR7,A,189,exact,
2NRK,A,133,exact,
2NRR,A,131,exact,
2NS9,A,146,exact,
2NSA,A,124,exact,
2NSF,A,199,exact,
2NSZ,A,127,exact,
2NUH,A,99,exact,
2NUJ,A,126,exact,
2NVO,A,371,exact,
2NW8,A,232,exact,
2NWF,A,139,exact,
2NWH,A,210,exact,
2NWR,A,249,exact,
2NX2,A,160,exact,
2NX4,A,183,exact,
2NX9,A,378,exact,
2NXF,A,291,exact,
2NXV,A,247,exact,
2NXW,A,519,exact,
2O0A,A,245,exact,
2O0M,A,214,exact,
2O0Q,A,112,exact,
2O1K,A,35,exact,
2O2G,A,174,exact,
2O2X,A,188,exact,
2O30,A,63,exact,
2O38,A,42,exact,
2O4A,A,20,exact,
2O57,A,241,exact,
2O62,A,252,exact,
2O6P,A,121,exact,
2O7A,A,111,exact,
2O7I,A,580,exact,
2O8P,A,189,exact,
2O90,A,113,exact,
2O9S,A,65,exact,
2OAA,A,245,exact,
2OAF,A,44,exact,
2OB3,A,325,exact,
2OD0,A,56,exact,
2OD4,A,88,exact,
2OD6,A,83,exact,
2ODF,A,238,exact,
2ODI,A,220,exact,
2ODK,A,48,exact,
2OEB,A,148,exact,
2OEE,A,62,exact,
2OF3,A,183,exact,
2OFC,A,139,exact,
2OG4,A,182,exact,
2OH1,A,149,exact,
2OIT,A,161,exact,
2OIW,A,111,exact,
2OIZ,D,105,exact,
2OKF,A,97,exact,
2OKQ,A,91,exact,
2OKT,A,340,exact,
2OKU,A,101,exact,
2OKX,A,598,exact,
2OLN,A,379,exact,
2OMK,A,217,exact,
2OML,A,177,exact,
2ONF,A,124,exact,
2OOJ,A,19,exact,
2OPC,A,85,exact,
2OPL,A,165,exact,
2OQB,A,106,exact,
2OQM,A,115,exact,
2OQZ,A,178,exact,
2ORW,A,157,exact,
2OSO,A,111,exact,
2OSX,A,447,exact,
2OTM,A,127,exact,
2OU3,A,136,exact,
2OU5,A,166,exact,
2OU6,A,172,exact,
2OUI,A,334,exact,
2OV0,A,103,exact,
2OVJ,A,199,exact,
2OX6,A,126,exact,
2OX7,A,62,exact,
2OXL,A,53,exact,
2OYO,A,178,exact,
2OZE,A,248,exact,
2OZH,A,129,exact,
2OZN,A,131,exact,
2OZT,A,299,exact,
2P0A,A,288,exact,
2P0N,A,147,exact,
2P0S,A,105,exact,
2P12,A,155,exact,
2P14,A,184,exact,
2P17,A,225,exact,
2P2S,A,320,exact,
2P38,A,109,exact,
2P3P,A,183,exact,
2P3Y,A,395,exact,
2P4H,X,300,exact,
2P51,A,240,exact,
2P58,A,37,exact,
2P5K,A,61,exact,
2P65,A,174,exact,
2P6W,A,200,exact,
2P6Y,A,120,exact,
2P8I,A,110,exact,
2P97,A,88,exact,
2P9B,A,356,exact,
2P9W,A,329,exact,
2P9X,A,75,exact,
2PA7,A,114,exact,
2PBF,A,30,exact,
2PC1,A,152,exact,
2PD1,A,95,exact,
2PFI,A,127,exact,
2PGE,A,311,exact,
2PGF,A,293,exact,
2PGN,A,582,exact,
2PKE,A,189,exact,
2PKF,A,330,exact,
2PN1,A,57,exact,
2PNE,A,79,exact,
2PNW,A,310,exact,
2POC,A,290,exact,
2POF,A,202,exact,
2POR,A,258,exact,
2PPQ,A,220,exact,
2PQ7,A,144,exact,
2PQV,A,144,exact,
2PQX,A,231,exact,
2PR7,A,130,exact,
2PRS,A,158,exact,
2PRV,A,146,exact,
2PRX,A,91,exact,
2PTT,A,96,exact,
2PU3,A,205,exact,
2PUZ,A,380,exact,
2PV2,A,101,exact,
2PVB,A,105,exact,
2PWW,A,97,exact,
2PXX,A,211,exact,
2PY5,A,111,exact,
2PYW,A,403,exact,
2Q03,A,11,exact,
2Q0T,A,244,exact,
2Q12,A,134,exact,
2Q28,A,536,exact,
2Q2F,A,41,exact,
2Q35,A,237,exact,
2Q3T,A,111,exact,
2Q3W,A,107,exact,
2Q48,A,108,exact,
2Q4M,A,144,exact,
2Q4Z,A,270,exact,
2Q5C,A,180,exact,
2Q66,A,377,exact,
2Q6M,A,197,exact,
2Q7S,A,238,exact,
2Q82,A,43,exact,
2Q88,A,215,exact,
2Q8K,A,320,exact,
2Q8O,A,123,exact,
2Q8P,A,117,exact,
2Q9K,A,131,exact,
2QB7,A,350,exact,
2QCP,X,78,exact,
2QCU,A,369,exact,
2QCV,A,203,exact,
2QDJ,A,129,exact,
2QE8,A,323,exact,
2QEE,A,371,exact,
2QEU,A,115,exact,
2QEV,A,23,exact,
2QF4,A,168,exact,
2QFE,A,132,exact,
2QGM,A,322,exact,
2QGU,A,174,exact,
2QGY,A,316,exact,
2QH9,A,132,exact,
2QHP,A,234,exact,
2QIH,A,127,exact,
2QIK,A,248,exact,
2QIY,A,122,exact,
2QJL,A,97,exact,
2QJW,A,166,exact,
2QJZ,A,108,exact,
2QK1,A,224,exact,
2QL8,A,131,exact,
2QML,A,164,exact,
2QMQ,A,276,exact,
2QNG,A,159,exact,
2QNI,A,142,exact,
2QNL,A,152,exact,
2QOR,A,176,exact,
2QP2,A,379,exact,
2QPX,A,348,exact,
2QRL,A,367,exact,
2QSB,A,74,exact,
2QSW,A,85,exact,
2QSX,A,146,exact,
2QT1,A,169,exact,
2QTD,A,91,exact,
2QTS,A,242,exact,
2QUD,A,110,exact,
2QUP,A,72,exact,
2QV5,A,222,exact,
2QV6,A,108,exact,
2QVG,A,120,exact,
2QW5,A,298,exact,
2QWU,A,177,exact,
2QXF,A,425,exact,
2QYC,A,70,exact,
2QZC,A,179,exact,
2R01,A,181,exact,
2R0X,A,145,exact,
2R16,A,173,exact,
2R25,A,99,exact,
2R2A,A,130,exact,
2R2C,A,99,exact,
2R2Z,A,70,exact,
2R31,A,234,exact,
2R4F,A,354,exact,
2R4G,A,190,exact,
2R5O,A,163,exact,
2R5U,A,46,exact,
2R60,A,213,exact,
2R78,A,107,exact,
2R7D,A,348,exact,
2R7G,A,260,exact,
2R85,A,326,exact,
2RA8,A,238,exact,
2RA9,A,122,exact,
2RB7,A,317,exact,
2RBB,A,116,exact,
2RBC,A,250,exact,
2RBD,A,137,exact,
2RBK,A,249,exact,
2RCI,A,186,exact,
2RDC,A,49,exact,
2RDE,A,152,exact,
2RDG,A,181,exact,
2RDM,A,16,exact,
2RDQ,A,263,exact,
2REE,A,177,exact,
2REU,A,161,exact,
2RG4,A,185,exact,
2RG8,A,130,exact,
2RH0,A,49,exact,
2RH3,A,91,exact,
2RHF,A,71,exact,
2RHW,A,281,exact,
2RIL,A,80,exact,
2RIN,A,286,exact,
2RJ2,A,165,exact,
2RJI,A,60,exact,
2RKV,A,439,exact,
2RL8,A,144,exact,
2RLD,A,102,exact,
2SAK,A,116,exact,
2SCP,A,169,exact,
2SPC,A,66,exact,
2UU8,A,225,exact,
2UUR,A,158,exact,
2UV4,A,142,exact,
2UVK,A,297,exact,
2UVP,A,161,exact,
2UY1,A,379,exact,
2UYT,A,475,exact,
2V1M,A,158,exact,
2V33,A,76,exact,
2V3G,A,271,exact,
2V3I,A,431,exact,
2V4X,A,123,exact,
2V57,A,131,exact,
2V6K,A,212,exact,
2V6V,A,122,exact,
2V76,A,95,exact,
2V79,A,40,exact,
2V7F,A,133,exact,
2V7K,A,153,exact,
2V84,A,135,exact,
2V8F,A,126,exact,
2V8T,A,300,exact,
2V9K,A,82,exact,
2V9L,A,261,exact,
2V9V,A,133,exact,
2VB1,A,127,exact,
2VC8,A,67,exact,
2VCL,A,181,exact,
2VDF,A,208,exact,
2VEC,A,68,exact,
2VEZ,A,163,exact,
2VFK,A,203,exact,
2VFO,A,551,exact,
2VFR,A,416,exact,
2VFX,A,192,exact,
2VGA,A,42,exact,
2VH3,A,105,exact,
2VHA,A,275,exact,
2VJW,A,71,exact,
2VK2,A,285,exact,
2VK8,A,560,exact,
2VLA,A,278,exact,
2VLG,A,81,exact,
2VM9,A,250,exact,
2VNG,A,169,exact,
2VOS,A,41,exact,
2VOV,A,285,exact,
2VPN,A,302,exact,
2VQ2,A,218,exact,
2VQ3,A,163,exact,
2VQP,A,247,exact,
2VRS,A,182,exact,
2VS0,A,74,exact,
2VSH,A,178,exact,
2VVE,A,226,exact,
2VVW,A,115,exact,
2VW8,A,294,exact,
2VXG,A,120,exact,
2VXN,A,247,exact,
2VY8,A,142,exact,
2VYO,A,189,exact,
2VZC,A,125,exact,
2VZP,A,124,exact,
2VZY,A,188,exact,
2W0G,A,81,exact,
2W18,A,113,exact,
2W1J,A,193,exact,
2W1R,A,115,exact,
2W2R,A,136,exact,
2W31,A,150,exact,
2W39,A,296,exact,
2W3G,A,140,exact,
2W3Q,A,225,exact,
2W3Y,A,177,exact,
2W40,A,476,exact,
2W5E,A,72,exact,
2W5Q,A,422,exact,
2W7A,A,89,exact,
2W7Z,A,185,exact,
2W8T,A,396,exact,
2W8X,A,70,exact,
2W91,A,634,exact,
2W9Y,A,122,exact,
2WAG,A,215,exact,
2WAW,A,185,exact,
2WB0,X,277,exact,
2WBM,A,228,exact,
2WCR,A,146,exact,
2WDC,A,540,exact,
2WDS,A,121,exact,
2WE5,A,276,exact,
2WFI,A,167,exact,
2WFP,A,385,exact,
2WH6,A,132,exact,
2WI8,A,280,exact,
2WJ5,A,94,exact,
2WJ9,A,63,exact,
2WJR,A,172,exact,
2WK1,A,238,exact,
2WLR,A,372,exact,
2WLU,A,151,exact,
2WLV,A,123,exact,
2WNF,A,259,exact,
2WNK,A,217,exact,
2WOL,A,551,exact,
2WOY,A,307,exact,
2WP7,A,98,exact,
2WQF,A,167,exact,
2WQK,A,240,exact,
2WSH,A,71,exact,
2WTE,A,63,exact,
2WTG,A,156,exact,
2WTM,A,243,exact,
2WTP,A,86,exact,
2WUQ,A,224,exact,
2WVI,A,80,exact,
2WVQ,A,49,exact,
2WW5,A,414,exact,
2WWE,A,109,exact,
2WY4,A,137,exact,
2WYA,A,429,exact,
2WYH,A,900,exact,
2WZO,A,144,exact,
2X1D,A,281,exact,
2X2U,A,146,exact,
2X32,A,172,exact,
2X3G,A,87,exact,
2X3H,A,496,exact,
2X3J,A,86,exact,
2X3L,A,344,exact,
2X3M,A,156,exact,
2X46,A,136,exact,
2X49,A,331,exact,
2X4D,A,268,exact,
2X4J,A,93,exact,
2X4K,A,60,exact,
2X4L,A,288,exact,
2X55,A,212,exact,
2X5F,A,329,exact,
2X5N,A,180,exact,
2X5X,A,340,exact,
2X5Y,A,169,exact,
2X78,A,44,exact,
2X8X,X,195,exact,
2X9O,A,216,exact,
2X9Z,A,257,exact,
2XDH,A,15,exact,
2XDW,A,701,exact,
2XEP,A,404,exact,
2XET,A,87,exact,
2XFR,A,485,exact,
2XFV,A,91,exact,
2XFW,A,291,exact,
2XGR,A,189,exact,
2XHG,A,422,exact,
2XI3,A,522,exact,
2XIO,A,291,exact,
2XJP,A,251,exact,
2XKI,A,108,exact,
2XLG,A,68,exact,
2XLK,A,122,exact,
2XM5,A,290,exact,
2XMO,A,338,exact,
2XN6,A,335,exact,
2XOC,A,171,exact,
2XOD,A,116,exact,
2XOL,A,161,exact,
2XOM,A,143,exact,
2XOV,A,152,exact,
2XPP,A,135,exact,
2XQH,A,136,exact,
2XQQ,A,85,exact,
2XRH,A,82,exact,
2XSF,A,75,exact,
2XST,A,116,exact,
2XT2,A,147,exact,
2XTP,A,191,exact,
2XTS,A,387,exact,
2XU3,A,218,exact,
2XUV,A,46,exact,
2XVS,A,136,exact,
2XW6,A,128,exact,
2XWS,A,124,exact,
2XZ2,A,61,exact,
2XZ8,A,106,exact,
2XZ9,A,275,exact,
2Y0O,A,159,exact,
2Y4R,A,260,exact,
2Y4Y,A,71,exact,
2Y53,A,525,exact,
2Y5P,A,70,exact,
2Y6U,A,123,exact,
2Y7E,A,272,exact,
2Y7P,A,179,exact,
2Y8D,A,23,exact,
2Y8G,A,99,exact,
2Y8Y,A,177,exact,
2Y9U,A,65,exact,
2YC3,A,187,exact,
2YFA,A,180,exact,
2YFO,A,717,exact,
2YFR,A,472,exact,
2YFU,A,138,exact,
2YG2,A,140,exact,
2YGN,A,45,exact,
2YH5,A,119,exact,
2YH6,A,104,exact,
2YHA,A,135,exact,
2YHF,A,116,exact,
2YHG,A,409,exact,
2YIL,A,126,exact,
2YIM,A,340,exact,
2YIZ,A,28,exact,
2YJL,A,90,exact,
2YK4,A,163,exact,
2YKZ,A,124,exact,
2YLE,A,125,exact,
2YLN,A,238,exact,
2YMV,A,303,exact,
2YN0,A,244,exact,
2YVI,A,86,exact,
2YVS,A,188,exact,
2YVT,A,253,exact,
2YX6,A,89,exact,
2YXH,A,20,exact,
2YXN,A,312,exact,
2YXO,A,259,exact,
2YYK,A,468,exact,
2YYO,A,118,exact,
2YZS,A,246,exact,
2YZT,A,64,exact,
2YZY,A,152,exact,
2Z0D,A,218,exact,
2Z0J,A,235,exact,
2Z0X,A,155,exact,
2Z26,A,335,exact,
2Z2N,A,196,exact,
2Z3H,A,120,exact,
2Z3Q,A,108,exact,
2Z3Z,A,368,exact,
2Z51,A,147,exact,
2Z6R,A,254,exact,
2Z72,A,332,exact,
2Z7B,A,139,exact,
2Z8X,A,604,exact,
2Z98,A,190,exact,
2Z9W,A,390,exact,
2ZAY,A,83,exact,
2ZBL,A,412,exact,
2ZCA,A,150,exact,
2ZCM,A,165,exact,
2ZD7,A,88,exact,
2ZDP,A,108,exact,
2ZEX,A,145,exact,
2ZK9,X,183,exact,
2ZNR,A,176,exact,
2ZOG,A,218,exact,
2ZOS,A,205,exact,
2ZOU,A,131,exact,
2ZPT,X,286,exact,
2ZQ5,A,343,exact,
2ZRR,A,21,exact,
2ZSJ,A,270,exact,
2ZU9,A,173,exact,
2ZUV,A,657,exact,
2ZUY,A,602,exact,
2ZVY,A,172,exact,
2ZWA,A,545,exact,
2ZWS,A,600,exact,
2ZY4,A,441,exact,
2ZZJ,A,205,exact,
3A09,A,483,exact,
3A0S,A,83,exact,
3A1F,A,43,exact,
3A2Z,A,170,exact,
3A35,A,159,exact,
3A4C,A,95,exact,
3A4R,A,77,exact,
3A5F,A,286,exact,
3A5P,A,101,exact,
3A6R,A,120,exact,
3A72,A,351,exact,
3A8G,A,187,exact,
3A9I,A,341,exact,
3A9S,A,583,exact,
3ABH,A,153,exact,
3ACH,A,191,exact,
3ACX,A,282,exact,
3ADR,A,217,exact,
3ADY,A,54,exact,
3AEH,A,252,exact,
3AEI,A,68,exact,
3AFO,A,220,exact,
3AGC,A,269,exact,
3AGN,A,112,exact,
3AGY,A,97,exact,
3AHC,A,800,exact,
3AHN,A,561,exact,
3AIA,A,198,exact,
3AJ4,A,110,exact,
3AJD,A,250,exact,
3AJF,A,75,exact,
3AJV,A,149,exact,
3AK8,A,152,exact,
3AKB,A,164,exact,
3AKJ,A,66,exact,
3AKS,A,187,exact,
3AML,A,625,exact,
3AMR,A,344,exact,
3ANO,A,90,exact,
3ANP,C,186,same_seq,PISCES=A
3AON,A,17,exact,
3AQ2,A,187,exact,
3AQE,A,68,exact,
3AXB,A,382,exact,
3AYJ,A,678,exact,
3AZO,A,623,exact,
3B0F,A,41,exact,
3B0G,A,536,exact,
3B12,A,292,exact,
3B2Y,A,58,exact,
3B33,A,39,exact,
3B34,A,864,exact,
3B40,A,386,exact,
3B42,A,122,exact,
3B4Q,A,77,exact,
3B4U,A,285,exact,
3B5E,A,199,exact,
3B5M,A,190,exact,
3B5O,A,181,exact,
3B6H,A,449,exact,
3B79,A,115,exact,
3B7C,A,103,exact,
3B8F,A,103,exact,
3B8X,A,371,exact,
3B9T,A,387,exact,
3B9W,A,359,exact,
3BA3,A,137,exact,
3BAM,A,95,exact,
3BB0,A,560,exact,
3BC8,A,431,exact,
3BCY,A,141,exact,
3BE6,A,272,exact,
3BED,A,104,exact,
3BEI,A,24,exact,
3BEM,A,172,exact,
3BF7,A,253,exact,
3BFM,A,190,exact,
3BFO,A,83,exact,
3BGQ,A,176,exact,
3BGU,A,98,exact,
3BGY,A,204,exact,
3BH4,A,481,exact,
3BHD,A,200,exact,
3BHN,A,192,exact,
3BHW,A,166,exact,
3BIY,A,291,exact,
3BJE,A,299,exact,
3BJN,A,133,exact,
3BKX,A,236,exact,
3BL9,A,255,exact,
3BLN,A,132,exact,
3BLZ,A,119,exact,
3BM7,A,92,exact,
3BMZ,A,183,exact,
3BN0,A,18,exact,
3BN7,A,82,exact,
3BOD,A,176,exact,
3BOE,A,207,exact,
3BON,A,410,exact,
3BOS,A,204,exact,
3BPK,A,175,exact,
3BQ9,A,396,exact,
3BQK,A,304,exact,
3BQP,A,71,exact,
3BQX,A,128,exact,
3BRC,A,134,exact,
3BRS,A,82,exact,
3BS4,A,239,exact,
3BS6,A,231,exact,
3BSO,A,149,exact,
3BT5,A,147,exact,
3BUU,A,204,exact,
3BUX,B,301,exact,
3BV8,A,80,exact,
3BVF,A,170,exact,
3BVX,A,997,exact,
3BWH,A,242,exact,
3BWZ,A,169,exact,
3BY8,A,111,exact,
3BYQ,A,167,exact,
3C0F,B,68,exact,
3C0K,A,276,exact,
3C18,A,94,exact,
3C1Q,A,101,exact,
3C26,A,189,exact,
3C2Q,A,204,exact,
3C2U,A,536,exact,
3C37,A,153,exact,
3C3P,A,31,exact,
3C5E,A,502,exact,
3C5H,A,176,exact,
3C5N,A,147,exact,
3C5V,A,265,exact,
3C6A,A,194,exact,
3C70,A,254,exact,
3C7T,A,189,exact,
3C7X,A,191,exact,
3C8D,A,107,exact,
3C8I,A,69,exact,
3C8L,A,103,exact,
3C8M,A,304,exact,
3C8O,A,130,exact,
3C8W,A,218,exact,
3C8Z,A,339,exact,
3C97,A,90,exact,
3C9A,A,206,exact,
3C9F,A,168,exact,
3C9P,A,111,exact,
3C9U,A,271,exact,
3CA8,A,247,exact,
3CAI,A,389,exact,
3CAW,A,267,exact,
3CBN,A,134,exact,
3CC1,A,347,exact,
3CCD,A,83,exact,
3CEC,A,86,exact,
3CET,A,173,exact,
3CF4,A,733,exact,
3CGX,A,165,exact,
3CH4,B,172,exact,
3CHJ,A,298,exact,
3CHM,A,155,exact,
3CI3,A,186,exact,
3CI6,A,135,exact,
3CIJ,A,286,exact,
3CIM,A,91,exact,
3CIN,A,158,exact,
3CJD,A,140,exact,
3CJE,A,137,exact,
3CJM,A,235,exact,
3CJP,A,199,exact,
3CJS,A,55,exact,
3CK1,A,115,exact,
3CK6,A,136,exact,
3CKC,A,494,exact,
3CKM,A,283,exact,
3CL5,A,221,exact,
3CL6,A,298,exact,
3CM3,A,156,exact,
3CMB,A,225,exact,
3CNB,A,88,exact,
3CNU,A,104,exact,
3CNY,A,278,exact,
3COV,A,278,exact,
3CP3,A,21,exact,
3CP7,A,214,exact,
3CQ1,A,68,exact,
3CQN,A,62,exact,
3CT6,A,128,exact,
3CU2,A,197,exact,
3CUZ,A,527,exact,
3CVE,A,51,exact,
3CWN,A,314,exact,
3CWR,A,173,exact,
3CWW,A,809,exact,
3CX2,A,103,exact,
3CX5,A,54,exact,
3CXG,A,118,exact,
3CXN,A,150,exact,
3CYP,B,103,exact,
3CZ1,A,115,exact,
3CZX,A,161,exact,
3D03,A,272,exact,
3D06,A,173,exact,
3D0F,A,100,exact,
3D0J,A,119,exact,
3D1P,A,112,exact,
3D1R,A,280,exact,
3D2Q,A,64,exact,
3D2Y,A,252,exact,
3D33,A,84,exact,
3D34,A,209,exact,
3D3B,A,135,exact,
3D3M,A,126,exact,
3D3R,A,16,exact,
3D40,A,230,exact,
3D4E,A,154,exact,
3D59,A,342,exact,
3D5P,A,126,exact,
3D5Y,A,309,exact,
3D79,A,165,exact,
3D7A,A,84,exact,
3D7J,A,126,exact,
3D9N,A,132,exact,
3D9X,A,105,exact,
3DA0,A,130,exact,
3DA8,A,211,exact,
3DAL,A,153,exact,
3DAO,A,243,exact,
3DB2,A,256,exact,
3DCZ,A,157,exact,
3DD7,A,121,exact,
3DEF,A,166,exact,
3DF7,A,285,exact,
3DF8,A,51,exact,
3DHA,A,247,exact,
3DHU,A,414,exact,
3DK9,A,454,exact,
3DLC,A,206,exact,
3DLQ,I,119,exact,
3DM8,A,133,exact,
3DME,A,356,exact,
3DMN,A,88,exact,
3DNP,A,226,exact,
3DO6,A,477,exact,
3DOU,A,156,exact,
3DQP,A,201,exact,
3DQY,A,101,exact,
3DR2,A,295,exact,
3DRF,A,537,exact,
3DS4,A,75,exact,
3DS8,A,227,exact,
3DSB,A,132,exact,
3DSK,A,459,exact,
3DSS,A,266,exact,
3DTZ,A,169,exact,
3DUP,A,230,exact,
3DVO,A,230,exact,
3DXE,A,39,exact,
3DXY,A,205,exact,
3DYJ,A,220,exact,
3DZ1,A,269,exact,
3E05,A,32,exact,
3E0X,A,231,exact,
3E1E,A,126,exact,
3E1R,A,15,exact,
3E3X,A,219,exact,
3E48,A,241,exact,
3E4G,A,174,exact,
3E4V,A,164,exact,
3E4W,A,194,exact,
3E58,A,202,exact,
3E6Q,A,118,exact,
3E8M,A,162,exact,
3E8O,A,93,exact,
3E8T,A,214,exact,
3E96,A,292,exact,
3E9K,A,429,exact,
3E9V,A,108,exact,
3EA6,A,213,exact,
3EAF,A,367,exact,
3EAU,A,249,exact,
3EBB,A,215,exact,
3EBT,A,116,exact,
3EBY,A,134,exact,
3EC6,A,118,exact,
3EDF,A,564,exact,
3EDN,A,269,exact,
3EDO,A,138,exact,
3EDV,A,309,exact,
3EEA,A,135,exact,
3EEH,A,94,exact,
3EF8,A,132,exact,
3EGA,A,173,exact,
3EH1,A,634,exact,
3EJF,A,164,exact,
3EJK,A,133,exact,
3EJV,A,139,exact,
3EKI,A,353,exact,
3ELF,A,318,exact,
3EMF,A,33,exact,
3EMI,A,102,exact,
3EN0,A,252,exact,
3EN8,A,118,exact,
3EO6,A,90,exact,
3EO7,A,438,exact,
3EOI,A,121,exact,
3EOJ,A,352,exact,
3EQT,A,48,exact,
3EQX,A,309,exact,
3ER6,A,52,exact,
3ER7,A,107,exact,
3ESL,A,121,exact,
3ESM,A,68,exact,
3ETN,A,173,exact,
3ETV,A,257,exact,
3ETZ,A,53,exact,
3EUO,A,370,exact,
3EUR,A,135,exact,
3EXN,A,148,exact,
3EXQ,A,127,exact,
3EYE,A,151,exact,
3EZI,A,102,exact,
3F0D,A,151,exact,
3F0H,A,315,exact,
3F14,A,102,exact,
3F1L,A,236,exact,
3F2E,A,81,exact,
3F2Z,A,144,exact,
3F3K,A,247,exact,
3F40,A,91,exact,
3F42,A,74,exact,
3F43,A,98,exact,
3F4A,A,130,exact,
3F5B,A,113,exact,
3F6C,A,125,exact,
3F6G,B,61,same_seq,PISCES=A
3F6Y,A,215,exact,
3F7C,A,77,exact,
3F7E,A,120,exact,
3F7X,A,114,exact,
3F8T,A,316,exact,
3F8X,A,115,exact,
3F95,A,167,exact,
3FB9,A,82,exact,
3FBG,A,281,exact,
3FCD,A,104,exact,
3FCN,A,145,exact,
3FD3,A,181,exact,
3FDE,A,199,exact,
3FDH,A,262,exact,
3FDQ,A,82,exact,
3FDX,A,118,exact,
3FEG,A,328,exact,
3FF1,A,418,exact,
3FF2,A,54,exact,
3FFR,A,280,exact,
3FFV,A,165,exact,
3FFY,A,28,exact,
3FG9,A,148,exact,
3FGR,A,153,exact,
3FGV,A,85,exact,
3FGY,A,109,exact,
3FH1,A,101,exact,
3FHD,A,410,exact,
3FHL,A,142,exact,
3FHV,A,137,exact,
3FID,A,294,exact,
3FIL,A,53,exact,
3FKA,A,99,exact,
3FKC,A,108,exact,
3FKE,A,121,exact,
3FM0,A,322,exact,
3FN2,A,42,exact,
3FNC,A,151,exact,
3FO5,A,237,exact,
3FO8,D,269,exact,
3FOT,A,494,exact,
3FPF,A,262,exact,
3FPN,A,70,exact,
3FPZ,A,224,exact,
3FQM,A,61,exact,
3FRH,A,237,exact,
3FRQ,A,153,exact,
3FSA,A,118,exact,
3FSD,A,110,exact,
3FSG,A,249,exact,
3FSO,A,105,exact,
3FSS,A,206,exact,
3FT1,A,98,exact,
3FWK,A,283,exact,
3FYB,A,79,exact,
3FYM,A,80,exact,
3FYN,A,129,exact,
3FZ4,A,111,exact,
3FZE,A,128,exact,
3G0K,A,115,exact,
3G0M,A,136,exact,
3G0O,A,244,exact,
3G13,A,115,exact,
3G14,A,154,exact,
3G16,A,143,exact,
3G1P,A,244,exact,
3G21,A,75,exact,
3G23,A,246,exact,
3G2B,A,88,exact,
3G2E,A,173,exact,
3G36,A,47,exact,
3G3S,A,173,exact,
3G3T,A,210,exact,
3G46,A,144,exact,
3G48,A,108,exact,
3G4E,A,267,exact,
3G5B,A,146,exact,
3G5S,A,378,exact,
3G5T,A,279,exact,
3G7Q,A,61,exact,
3G7R,A,179,exact,
3G85,A,160,exact,
3G89,A,223,exact,
3G8Y,A,313,exact,
3G91,A,258,exact,
3G98,A,100,exact,
3GA4,A,148,exact,
3GA7,A,270,exact,
3GAE,A,251,exact,
3GBW,A,155,exact,
3GD0,A,354,exact,
3GD6,A,250,exact,
3GDW,A,95,exact,
3GE3,A,486,exact,
3GEM,A,202,exact,
3GF6,A,202,exact,
3GFA,A,176,exact,
3GG7,A,214,exact,
3GGN,A,112,exact,
3GGY,A,171,exact,
3GI7,A,90,exact,
3GIU,A,203,exact,
3GIW,A,234,exact,
3GJY,A,252,exact,
3GK6,A,52,exact,
3GKE,A,212,exact,
3GKJ,A,212,exact,
3GLV,A,98,exact,
3GMF,A,113,exact,
3GMI,A,348,exact,
3GMX,B,152,same_seq,PISCES=A
3GN6,A,269,exact,
3GNE,A,233,exact,
3GNZ,P,207,exact,
3GO5,A,260,exact,
3GOC,A,226,exact,
3GOE,A,78,exact,
3GOH,A,231,exact,
3GON,A,322,exact,
3GP6,A,121,exact,
3GQH,A,110,exact,
3GQV,A,292,exact,
3GR3,A,202,exact,
3GRD,A,118,exact,
3GRE,A,129,exact,
3GRH,A,389,exact,
3GRL,A,170,exact,
3GS2,A,86,exact,
3GS9,A,229,exact,
3GWB,A,346,exact,
3GWI,A,162,exact,
3GWN,A,111,exact,
3GWO,A,27,exact,
3GWQ,A,251,exact,
3GWY,A,15,exact,
3GY9,A,128,exact,
3GYB,A,234,exact,
3GYC,A,342,exact,
3GYD,A,152,exact,
3GZA,A,389,exact,
3GZB,A,130,exact,
3H05,A,149,exact,
3H09,A,944,exact,
3H0N,A,178,exact,
3H0O,A,238,exact,
3H1N,A,209,exact,
3H2B,A,173,exact,
3H2G,A,383,exact,
3H2Z,A,347,exact,
3H36,A,70,exact,
3H3H,A,105,exact,
3H4T,A,386,exact,
3H5J,A,164,exact,
3H5L,A,361,exact,
3H6J,A,436,exact,
3H6P,A,58,exact,
3H6Q,A,154,exact,
3H6R,A,104,exact,
3H74,A,262,exact,
3H75,A,291,exact,
3H79,A,113,exact,
3H7H,A,116,exact,
3H7I,A,280,exact,
3H8G,F,495,same_seq,PISCES=A
3H9M,A,340,exact,
3H9W,A,80,exact,
3HA2,A,135,exact,
3HA9,A,159,exact,
3HBM,A,250,exact,
3HC7,A,37,exact,
3HDX,A,429,exact,
3HF5,A,113,exact,
3HGU,A,29,exact,
3HH1,A,104,exact,
3HJ4,A,343,exact,
3HJE,A,632,exact,
3HKM,A,189,exact,
3HL1,A,52,exact,
3HLX,A,252,exact,
3HLZ,A,243,exact,
3HM4,A,134,exact,
3HMS,A,85,exact,
3HN0,A,258,exact,
3HN5,A,183,exact,
3HN7,A,427,exact,
3HNO,A,229,exact,
3HO6,A,210,exact,
3HOI,A,167,exact,
3HP7,A,235,exact,
3HPC,X,135,exact,
3HQ1,A,528,exact,
3HR0,A,208,exact,
3HR6,A,401,exact,
3HRG,A,224,exact,
3HRL,A,81,exact,
3HRQ,A,247,exact,
3HS3,A,258,exact,
3HSA,A,80,exact,
3HSR,A,89,exact,
3HSY,A,277,exact,
3HTU,A,33,exact,
3HUH,A,122,exact,
3HUT,A,329,exact,
3HUU,A,162,exact,
3HV8,A,161,exact,
3HVW,A,152,exact,
3HWU,A,127,exact,
3HX3,A,174,exact,
3HX8,A,114,exact,
3HXL,A,309,exact,
3HYN,A,166,exact,
3HZ6,A,467,exact,
3HZP,A,109,exact,
3I09,A,331,exact,
3I0Z,A,374,exact,
3I10,A,261,exact,
3I1A,A,294,exact,
3I2K,A,568,exact,
3I2V,A,117,exact,
3I45,A,376,exact,
3I4G,A,475,exact,
3I4Z,A,401,exact,
3I57,A,182,exact,
3I6E,A,168,exact,
3I7M,A,122,exact,
3I83,A,175,exact,
3I84,A,11,exact,
3I8S,A,242,exact,
3I94,A,235,exact,
3IB5,A,308,exact,
3ID1,A,78,exact,
3IEE,A,227,exact,
3IEZ,A,88,exact,
3IFE,A,414,exact,
3IG9,A,65,exact,
3IGH,X,74,exact,
3IHU,A,181,exact,
3IHV,A,506,exact,
3II2,A,93,exact,
3IJ6,A,97,exact,
3IJD,A,35,exact,
3IJL,A,321,exact,
3IJM,A,141,exact,
3IKB,A,176,exact,
3IKW,A,365,exact,
3ILS,A,263,exact,
3ILV,A,333,exact,
3ILW,A,386,exact,
3ILX,A,89,exact,
3IM1,A,150,exact,
3IMK,A,148,exact,
3IMO,A,47,exact,
3INO,A,124,exact,
3IO3,A,139,exact,
3IP0,A,156,exact,
3IPF,A,26,exact,
3IPJ,A,93,exact,
3IQT,A,109,exact,
3IQU,A,226,exact,
3IR4,A,195,exact,
3IRS,A,178,exact,
3IS6,A,206,exact,
3ISA,A,228,exact,
3ISX,A,287,exact,
3IT3,A,312,exact,
3IT4,A,172,exact,
3IT5,A,180,exact,
3ITE,A,256,exact,
3ITQ,A,178,exact,
3IU0,A,238,exact,
3IU6,A,138,exact,
3IUK,A,518,exact,
3IUO,A,98,exact,
3IUS,A,244,exact,
3IUW,A,68,exact,
3IUZ,A,287,exact,
3IV0,A,409,exact,
3IVV,A,138,exact,
3IWF,A,81,exact,
3IX3,A,155,exact,
3JQ0,A,429,exact,
3JRR,A,192,exact,
3JRV,A,126,exact,
3JS6,A,160,exact,
3JSY,A,121,exact,
3JSZ,A,428,exact,
3JTW,A,137,exact,
3JTX,A,359,exact,
3JTZ,A,75,exact,
3JU4,A,668,exact,
3JUD,A,141,exact,
3JUI,A,122,exact,
3JWG,A,139,exact,
3JX9,A,119,exact,
3JXO,A,82,exact,
3JY6,A,213,exact,
3JYO,A,280,exact,
3JZ0,A,264,exact,
3JZL,A,352,exact,
3K01,A,389,exact,
3K0Z,A,133,exact,
3K11,A,362,exact,
3K1H,A,90,exact,
3K1T,A,382,exact,
3K29,A,142,exact,
3K2O,A,223,exact,
3K2V,A,99,exact,
3K3C,A,150,exact,
3K4I,A,188,exact,
3K5J,A,168,exact,
3K67,A,151,exact,
3K6M,A,448,exact,
3K6Q,A,130,exact,
3K7C,A,100,exact,
3K8G,A,191,exact,
3KA7,A,392,exact,
3KBY,A,121,exact,
3KD4,A,441,exact,
3KD6,A,233,exact,
3KDE,C,38,exact,
3KDF,A,47,exact,
3KDW,A,189,exact,
3KE7,A,115,exact,
3KEB,A,164,exact,
3KEO,A,202,exact,
3KEV,A,166,exact,
3KF6,A,87,exact,
3KFF,A,150,exact,
3KFO,A,173,exact,
3KGK,A,88,exact,
3KGW,A,371,exact,
3KGY,A,193,exact,
3KGZ,A,132,exact,
3KH1,A,182,exact,
3KH7,A,150,exact,
3KIZ,A,335,exact,
3KJH,A,137,exact,
3KKF,A,89,exact,
3KKG,A,127,exact,
3KKZ,A,201,exact,
3KM5,A,177,exact,
3KMI,A,153,exact,
3KOG,A,206,exact,
3KOP,A,135,exact,
3KOR,A,77,exact,
3KOS,A,172,exact,
3KP8,A,92,exact,
3KQ5,A,285,exact,
3KRE,A,235,exact,
3KS6,A,218,exact,
3KSN,A,114,exact,
3KTC,A,305,exact,
3KUV,A,130,exact,
3KV1,A,176,exact,
3KW2,A,140,exact,
3KWE,A,164,exact,
3KWK,A,148,exact,
3KWL,A,457,exact,
3KWO,A,131,exact,
3KWR,A,78,exact,
3KWS,A,233,exact,
3KYA,A,448,exact,
3KYJ,A,116,exact,
3KYZ,A,98,exact,
3KZP,A,211,exact,
3L0Q,A,439,exact,
3L1N,A,144,exact,
3L1W,A,225,exact,
3L39,A,199,exact,
3L46,A,88,exact,
3L4A,A,117,exact,
3L5A,A,301,exact,
3L6B,A,308,exact,
3L6D,A,172,exact,
3L81,A,206,exact,
3L8D,A,152,exact,
3L8W,A,293,exact,
3L9A,X,78,exact,
3LAA,A,165,exact,
3LAE,A,63,exact,
3LAX,A,83,exact,
3LB2,A,135,exact,
3LC0,A,392,exact,
3LD7,A,79,exact,
3LDV,A,163,exact,
3LET,A,246,exact,
3LEW,A,431,exact,
3LFJ,A,161,exact,
3LFK,A,88,exact,
3LHE,A,89,exact,
3LHI,A,219,exact,
3LHN,A,102,exact,
3LHO,A,230,exact,
3LHS,A,282,exact,
3LHX,A,111,exact,
3LID,A,250,exact,
3LJU,X,364,exact,
3LKE,A,159,exact,
3LKM,A,241,exact,
3LL5,A,157,exact,
3LL7,A,373,exact,
3LLO,A,118,exact,
3LLU,A,175,exact,
3LM2,A,192,exact,
3LM3,A,395,exact,
3LMA,A,223,exact,
3LMZ,A,227,exact,
3LO8,A,290,exact,
3LOP,A,333,exact,
3LQ9,A,83,exact,
3LQB,A,196,exact,
3LRT,A,262,exact,
3LS9,A,438,exact,
3LT7,A,52,exact,
3LTI,A,239,exact,
3LUR,A,139,exact,
3LUU,A,73,exact,
3LUY,A,171,exact,
3LW3,A,111,exact,
3LWA,A,149,exact,
3LWC,A,88,exact,
3LWT,X,57,exact,
3LWX,A,188,exact,
3LX3,A,161,exact,
3LXQ,A,23,exact,
3LXZ,A,187,exact,
3LY1,A,299,exact,
3LY7,A,310,exact,
3LYD,A,146,exact,
3LYE,A,276,exact,
3LYG,A,107,exact,
3LYH,A,112,exact,
3LYP,A,182,exact,
3LZ6,A,256,exact,
3M0F,A,201,exact,
3M0M,A,419,exact,
3M0Z,A,225,exact,
3M1T,A,233,exact,
3M1U,A,365,exact,
3M31,A,84,exact,
3M3H,A,192,exact,
3M4A,A,249,exact,
3M4I,A,89,exact,
3M5B,A,105,exact,
3M5Q,A,348,exact,
3M66,A,220,exact,
3M6J,A,122,exact,
3M6N,A,260,exact,
3M73,A,303,exact,
3M7A,A,123,exact,
3M7K,A,10,exact,
3M84,A,285,exact,
3M8J,A,88,exact,
3M9L,A,181,exact,
3M9Q,A,87,exact,
3MAD,A,380,exact,
3MAO,A,102,exact,
3MBR,X,149,exact,
3MC3,A,72,exact,
3MCW,A,184,exact,
3MCX,A,438,exact,
3MDQ,A,273,exact,
3MDU,A,423,exact,
3ME7,A,167,exact,
3MEU,A,167,exact,
3MEZ,A,84,exact,
3MGD,A,124,exact,
3MIL,A,238,exact,
3MJF,A,395,exact,
3MJV,A,459,exact,
3MKC,A,339,exact,
3MKH,A,341,exact,
3MKO,A,91,exact,
3MMG,A,211,exact,
3MMH,A,165,exact,
3MMY,A,303,exact,
3MNM,A,84,exact,
3MQ0,A,142,exact,
3MQD,A,405,exact,
3MQQ,A,78,exact,
3MQZ,A,191,exact,
3MRE,A,272,exact,
3MSW,A,71,exact,
3MTQ,A,109,exact,
3MTR,A,195,exact,
3MU7,A,271,exact,
3MVC,A,133,exact,
3MVS,A,208,exact,
3MVU,A,75,exact,
3MW8,A,195,exact,
3MWX,A,305,exact,
3MXN,A,149,exact,
3MXO,A,143,exact,
3MXZ,A,100,exact,
3MYX,A,221,exact,
3MZ0,A,319,exact,
3MZO,A,110,exact,
3N01,A,85,exact,
3N08,A,149,exact,
3N0R,A,241,exact,
3N0X,A,338,exact,
3N17,A,324,exact,
3N1E,A,137,exact,
3N2W,A,363,exact,
3N3M,A,322,exact,
3N4J,A,159,exact,
3N5L,A,258,exact,
3N6T,A,143,exact,
3N6Y,A,106,exact,
3N6Z,A,321,exact,
3N72,A,103,exact,
3N8B,A,56,exact,
3NA5,A,439,exact,
3NA6,A,251,exact,
3NBC,A,146,exact,
3NBM,A,93,exact,
3NCE,A,91,exact,
3ND1,A,234,exact,
3NDH,A,210,exact,
3NDN,A,68,exact,
3NEC,A,157,exact,
3NED,A,224,exact,
3NEH,A,243,exact,
3NFI,A,125,exact,
3NFT,A,235,exact,
3NG7,X,388,exact,
3NGG,A,44,exact,
3NHI,A,291,exact,
3NI0,A,87,exact,
3NIR,A,44,exact,
3NJC,A,105,exact,
3NJD,A,282,exact,
3NJE,A,143,exact,
3NJN,A,112,exact,
3NK6,A,109,exact,
3NKE,A,176,exact,
3NKG,A,120,exact,
3NKS,A,250,exact,
3NL9,A,140,exact,
3NNB,A,329,exact,
3NO0,A,270,exact,
3NO2,A,255,exact,
3NO3,A,189,exact,
3NO4,A,188,exact,
3NO6,A,171,exact,
3NO7,A,58,exact,
3NOJ,A,105,exact,
3NPD,A,105,exact,
3NPH,B,118,exact,
3NQI,A,147,exact,
3NR5,A,108,exact,
3NRE,A,156,exact,
3NRH,A,130,exact,
3NRL,A,42,exact,
3NRW,A,89,exact,
3NRX,A,90,exact,
3NSW,A,60,exact,
3NTV,A,171,exact,
3NUF,A,99,exact,
3NVS,A,424,exact,
3NVX,A,351,exact,
3NW4,A,252,exact,
3NWR,A,391,exact,
3NYC,A,377,exact,
3NYM,A,49,exact,
3NZN,A,101,exact,
3NZT,A,183,exact,
3O0L,A,24,exact,
3O0Y,A,581,exact,
3O10,A,118,exact,
3O12,A,163,exact,
3O14,A,206,exact,
3O2R,A,142,exact,
3O2T,A,296,exact,
3O3M,A,273,exact,
3O4P,A,312,exact,
3O7I,A,146,exact,
3O94,A,187,exact,
3O9Z,A,308,exact,
3OA5,A,500,exact,
3OAJ,A,303,exact,
3OAM,A,166,exact,
3OCJ,A,274,exact,
3OCU,A,245,exact,
3OD1,A,98,exact,
3OE3,A,62,exact,
3OEP,A,471,exact,
3OG2,A,966,exact,
3OGH,B,126,same_seq,PISCES=A
3OGN,A,122,exact,
3OHE,A,120,exact,
3OHG,A,262,exact,
3OHS,X,282,exact,
3OIS,A,259,exact,
3OIZ,A,65,exact,
3OKG,A,240,exact,
3OKX,A,130,exact,
3OL3,A,81,exact,
3OM0,A,300,exact,
3OMD,A,131,exact,
3ON9,A,158,exact,
3ONH,A,102,exact,
3OO8,A,388,exact,
3OOS,A,262,exact,
3OOX,A,250,exact,
3OQG,A,137,exact,
3OQP,A,196,exact,
3OQV,A,67,exact,
3OR1,A,399,exact,
3ORH,A,221,exact,
3ORS,A,159,exact,
3ORU,A,208,exact,
3OS4,A,350,exact,
3OSE,A,98,exact,
3OST,A,97,exact,
3OT2,A,31,exact,
3OTI,A,377,exact,
3OTN,A,363,exact,
3OU2,A,200,exact,
3OUL,A,190,exact,
3OV8,A,80,exact,
3OV9,A,226,exact,
3OXH,A,230,exact,
3OXP,A,141,exact,
3OYV,A,341,exact,
3OYZ,A,35,exact,
3OZ2,A,286,exact,
3OZP,A,417,exact,
3P02,A,279,exact,
3P0B,A,464,exact,
3P0F,A,280,exact,
3P0K,A,216,exact,
3P42,A,191,exact,
3P4G,A,298,exact,
3P4H,A,116,exact,
3P6L,A,226,exact,
3P8A,A,221,exact,
3P8K,A,245,exact,
3P8X,A,240,exact,
3P9V,A,131,exact,
3PB6,X,311,exact,
3PC7,A,63,exact,
3PCV,A,102,exact,
3PD7,A,92,exact,
3PDD,A,188,exact,
3PE7,A,372,exact,
3PF2,A,306,exact,
3PF7,A,410,exact,
3PFE,A,426,exact,
3PFO,A,193,exact,
3PFY,A,102,exact,
3PGU,A,394,exact,
3PHH,A,256,exact,
3PI7,A,302,exact,
3PIU,A,347,exact,
3PJ0,A,337,exact,
3PJV,D,74,exact,
3PKZ,A,67,exact,
3PL0,A,101,exact,
3PLU,A,72,exact,
3PLW,A,108,exact,
3PM2,A,166,exact,
3PMO,A,351,exact,
3PMS,A,308,exact,
3PN3,A,179,exact,
3PNN,A,98,exact,
3POJ,A,111,exact,
3POW,A,247,exact,
3PP2,A,106,exact,
3PP5,A,58,exact,
3PPL,A,398,exact,
3PPM,A,471,exact,
3PQH,A,105,exact,
3PR6,A,84,exact,
3PS0,A,28,exact,
3PSA,A,324,exact,
3PSM,A,45,exact,
3PT1,A,398,exact,
3PT5,A,316,exact,
3PTY,A,201,exact,
3PU9,A,197,exact,
3PUC,A,96,exact,
3PVE,A,169,exact,
3PVH,A,112,exact,
3PYC,A,125,exact,
3PYW,A,171,exact,
3Q1C,A,290,exact,
3Q1N,A,281,exact,
3Q1P,A,176,exact,
3Q1X,A,231,exact,
3Q23,A,813,exact,
3Q2I,A,276,exact,
3Q46,A,176,exact,
3Q4O,A,163,exact,
3Q63,A,121,exact,
3Q64,A,144,exact,
3Q6A,A,111,exact,
3Q7M,A,283,exact,
3Q7R,A,104,exact,
3QBM,A,175,exact,
3QC0,A,215,exact,
3QC7,A,140,exact,
3QDL,A,160,exact,
3QE3,A,215,exact,
3QEX,A,748,exact,
3QFL,A,69,exact,
3QFM,A,237,exact,
3QFT,A,424,exact,
3QGU,A,393,exact,
3QH6,A,103,exact,
3QHB,A,177,exact,
3QHO,A,332,exact,
3QHP,A,152,exact,
3QHQ,A,131,exact,
3QI7,A,208,exact,
3QL9,A,123,exact,
3QLE,A,160,exact,
3QOO,A,120,exact,
3QP4,A,146,exact,
3QPA,A,192,exact,
3QS2,A,171,exact,
3QTA,A,141,exact,
3QU3,A,114,exact,
3QU5,A,219,exact,
3QVL,A,243,exact,
3QVS,A,270,exact,
3QWB,A,323,exact,
3QX1,A,79,exact,
3QXC,A,222,exact,
3QY3,A,77,exact,
3QY7,A,237,exact,
3QY9,A,111,exact,
3QZB,A,130,exact,
3QZM,A,122,exact,
3QZR,A,178,exact,
3R15,A,73,exact,
3R2C,A,129,exact,
3R2Q,A,197,exact,
3R4V,A,180,exact,
3R4Z,A,354,exact,
3R5T,A,281,exact,
3R62,A,123,exact,
3R6D,A,187,exact,
3R72,A,120,exact,
3R87,A,127,exact,
3R8J,A,170,exact,
3R90,A,171,exact,
3R9F,A,178,exact,
3R9M,A,217,exact,
3RBS,A,77,exact,
3RC1,A,313,exact,
3REN,A,314,exact,
3RF0,A,167,exact,
3RF3,A,172,exact,
3RGA,A,261,exact,
3RHG,A,318,exact,
3RHT,A,211,exact,
3RHZ,A,293,exact,
3RJT,A,186,exact,
3RJU,A,299,exact,
3RJV,A,142,exact,
3RKG,A,233,exact,
3RL5,A,275,exact,
3RLG,A,268,exact,
3RLK,A,181,exact,
3RMH,A,56,exact,
3RNL,A,225,exact,
3RNR,A,72,exact,
3RO3,A,157,exact,
3ROB,A,113,exact,
3ROF,A,156,exact,
3ROT,A,129,exact,
3RP8,A,226,exact,
3RPD,A,329,exact,
3RPE,A,193,exact,
3RPF,A,55,exact,
3RPP,A,165,exact,
3RPT,X,237,same_seq,PISCES=A
3RPZ,A,270,exact,
3RQ9,A,76,exact,
3RQT,A,445,exact,
3RRI,A,112,exact,
3RS1,A,120,exact,
3RTL,A,110,exact,
3RUI,A,208,exact,
3RWN,A,153,exact,
3RX9,A,120,exact,
3RXY,A,212,exact,
3RZN,A,202,exact,
3S0A,A,117,exact,
3S2J,A,383,exact,
3S2R,A,62,exact,
3S3T,A,105,exact,
3S44,A,371,exact,
3S4E,A,142,exact,
3S4Y,A,189,exact,
3S5B,A,227,exact,
3S5Q,A,164,exact,
3S5W,A,249,exact,
3S6E,A,102,exact,
3S6F,A,131,exact,
3S83,A,227,exact,
3S8G,A,468,exact,
3S8I,A,114,exact,
3S8M,A,373,exact,
3S8S,A,105,exact,
3S9J,A,213,exact,
3S9X,A,148,exact,
3SB1,A,109,exact,
3SBM,A,279,exact,
3SCY,A,318,exact,
3SD7,A,97,exact,
3SEE,A,198,exact,
3SG0,A,336,exact,
3SGG,A,473,exact,
3SGZ,A,315,exact,
3SHG,A,180,exact,
3SIG,A,261,exact,
3SJ5,A,136,exact,
3SJM,A,53,exact,
3SK2,A,130,exact,
3SK7,A,107,exact,
3SK9,A,202,exact,
3SM4,A,179,exact,
3SNO,A,123,exact,
3SO6,A,135,exact,
3SOJ,A,112,exact,
3SON,A,89,exact,
3SPK,A,97,exact,
3SQ7,A,91,exact,
3SQZ,A,386,exact,
3SRE,A,196,exact,
3SS7,X,427,exact,
3SU6,A,197,exact,
3SUK,A,122,exact,
3SUM,A,129,exact,
3SWK,A,67,exact,
3SX6,A,158,exact,
3SXM,A,124,exact,
3SY1,A,227,exact,
3SZ3,A,283,exact,
3SZV,A,341,exact,
3SZY,A,402,exact,
3T2C,A,379,exact,
3T3L,A,119,exact,
3T47,A,69,exact,
3T4L,A,223,exact,
3T5N,A,164,exact,
3T6Q,A,500,exact,
3T7D,A,285,exact,
3T7H,A,263,exact,
3T7L,A,72,exact,
3T7Z,A,75,exact,
3T8K,A,103,exact,
3T92,A,92,exact,
3TBD,A,243,exact,
3TBM,A,40,exact,
3TC3,A,287,exact,
3TC8,A,282,exact,
3TCV,A,219,exact,
3TE8,A,85,exact,
3TEE,A,20,exact,
3TEU,A,96,exact,
3TFF,A,20,exact,
3TFJ,A,263,exact,
3TG2,A,203,exact,
3TG7,A,741,exact,
3THG,A,10,exact,
3THI,A,353,exact,
3THR,A,281,exact,
3TJ8,A,86,exact,
3TJX,A,301,exact,
3TJY,A,64,exact,
3TLQ,A,234,exact,
3TM8,A,307,exact,
3TMG,A,229,exact,
3TOS,A,237,exact,
3TOW,A,150,exact,
3TPD,A,335,exact,
3TS3,A,199,exact,
3TT9,A,231,exact,
3TTG,A,41,exact,
3TUO,A,75,exact,
3TUT,A,247,exact,
3TVJ,A,81,exact,
3TVQ,A,141,exact,
3TXS,A,46,exact,
3TY1,A,80,exact,
3U01,A,101,exact,
3U2A,A,104,exact,
3U2U,A,248,exact,
3U3G,D,138,same_seq,PISCES=A
3U3L,C,202,exact,
3U3Z,A,181,exact,
3U4V,A,111,exact,
3U5S,A,111,exact,
3U65,B,304,same_seq,PISCES=A
3U6G,A,111,exact,
3U7Z,A,95,exact,
3U8V,A,76,exact,
3U97,A,67,exact,
3U9J,A,121,exact,
3U9R,B,502,exact,
3U9W,A,606,exact,
3UB1,A,156,exact,
3UB6,A,150,exact,
3UBY,A,87,exact,
3UC9,A,152,exact,
3UCE,A,192,exact,
3UD1,A,275,exact,
3UF6,A,270,exact,
3UFB,A,350,exact,
3UFE,A,107,exact,
3UI4,A,99,exact,
3UID,A,161,exact,
3UJC,A,256,exact,
3ULJ,A,85,exact,
3ULT,A,112,exact,
3UMH,A,46,exact,
3UOA,B,264,exact,
3UP3,A,240,exact,
3UPL,A,434,exact,
3UPS,A,30,exact,
3UR8,A,319,exact,
3URR,A,143,exact,
3US3,A,256,exact,
3USH,A,101,exact,
3UUE,A,277,exact,
3UUL,A,41,exact,
3UUW,A,278,exact,
3UV1,A,100,exact,
3UX2,A,114,exact,
3UXF,A,433,exact,
3UXJ,A,247,exact,
3V0D,A,313,exact,
3V1A,A,46,exact,
3V1V,A,286,exact,
3V3L,A,26,exact,
3V42,A,129,exact,
3V46,A,137,exact,
3V4C,A,288,exact,
3V4K,A,184,exact,
3V5C,A,375,exact,
3V68,A,246,exact,
3V75,A,268,exact,
3V7B,A,123,exact,
3V96,A,31,exact,
3V9O,A,104,exact,
3V9W,A,145,exact,
3VA4,A,107,exact,
3VBC,A,82,exact,
3VBJ,A,165,exact,
3VC1,A,263,exact,
3VC5,A,304,exact,
3VCA,A,382,exact,
3VCX,A,114,exact,
3VEN,A,558,exact,
3VGI,A,268,exact,
3VGL,A,270,exact,
3VGP,A,124,exact,
3VGZ,A,237,exact,
3VII,A,470,exact,
3VJ9,A,318,exact,
3VK5,A,251,exact,
3VK8,A,263,exact,
3VL1,A,347,exact,
3VLA,A,410,exact,
3VMK,A,348,exact,
3VMN,A,631,exact,
3VN5,A,204,exact,
3VOQ,A,61,exact,
3VOR,A,180,exact,
3VOT,A,275,exact,
3VPB,A,277,exact,
3VPZ,A,145,exact,
3VQJ,A,212,exact,
3VRD,A,172,exact,
3VS8,A,361,exact,
3VSV,A,636,exact,
3VU9,A,53,exact,
3VUP,A,349,exact,
3VUS,A,169,exact,
3VV1,A,139,exact,
3VVV,A,101,exact,
3VWC,A,144,exact,
3VWN,X,369,exact,
3VXC,A,394,exact,
3VZ9,B,100,exact,
3VZH,A,132,exact,
3VZX,A,221,exact,
3W06,A,265,exact,
3W0K,A,319,exact,
3W0O,A,261,exact,
3W15,A,281,exact,
3W1E,A,215,exact,
3W1O,A,109,exact,
3W20,A,178,exact,
3W36,A,128,exact,
3W42,A,197,exact,
3W4S,A,266,exact,
3W5S,A,348,exact,
3W6B,A,59,exact,
3W6S,A,220,exact,
3W7T,A,746,exact,
3W9S,A,114,exact,
3WA2,X,604,exact,
3WAS,A,387,exact,
3WDC,A,145,exact,
3WDN,A,123,exact,
3WDQ,A,325,exact,
3WE0,A,394,exact,
3WE9,A,164,exact,
3WEU,A,631,exact,
3WG3,A,161,exact,
3WGQ,A,81,exact,
3WGX,A,107,exact,
3WH1,A,199,exact,
3WIS,A,111,exact,
3WIW,A,369,exact,
3WJP,A,319,exact,
3WK3,A,210,exact,
3WKG,A,408,exact,
3WLI,A,581,exact,
3WMT,A,499,exact,
3WMV,A,148,exact,
3WND,A,337,exact,
3WQC,A,364,exact,
3WSG,A,120,exact,
3WUC,A,133,exact,
3WUR,A,160,exact,
3WUZ,A,118,exact,
3WV7,A,183,exact,
3WVA,A,155,exact,
3WVQ,A,378,exact,
3WVZ,A,54,exact,
3WWC,A,326,exact,
3WX7,A,393,exact,
3WZ3,A,116,exact,
3X0I,A,155,exact,
3X0T,A,110,exact,
3X0U,A,405,exact,
3X2M,A,178,exact,
3X34,A,85,exact,
3X38,A,68,exact,
3ZBD,A,103,exact,
3ZBO,A,234,exact,
3ZDS,A,419,exact,
3ZEU,A,219,exact,
3ZF8,A,264,exact,
3ZGH,A,43,exact,
3ZIE,A,78,exact,
3ZJE,A,174,exact,
3ZL8,A,407,exact,
3ZLC,A,120,exact,
3ZMD,A,16,exact,
3ZN3,A,172,exact,
3ZN6,A,191,exact,
3ZNU,A,91,exact,
3ZNV,A,250,exact,
3ZOJ,A,261,exact,
3ZPX,A,305,exact,
3ZR8,X,63,exact,
3ZRI,A,133,exact,
3ZRX,A,109,exact,
3ZSJ,A,136,exact,
3ZSU,A,112,exact,
3ZT9,A,169,exact,
3ZUC,A,151,exact,
3ZUI,A,144,exact,
3ZUZ,A,299,exact,
3ZVS,A,156,exact,
3ZXC,A,63,exact,
3ZXK,A,529,exact,
3ZXN,A,41,exact,
3ZY7,A,112,exact,
3ZYL,A,190,exact,
3ZYP,A,215,exact,
3ZZL,A,27,exact,
3ZZO,A,91,exact,
3ZZP,A,72,exact,
4A1R,A,64,exact,
4A29,A,245,exact,
4A2B,A,218,exact,
4A2V,A,118,exact,
4A37,A,373,exact,
4A3Z,A,126,exact,
4A56,A,91,exact,
4A57,A,499,exact,
4A5N,A,49,exact,
4A5S,A,684,exact,
4A6H,A,104,exact,
4A6Q,A,119,exact,
4A7K,A,550,exact,
4A7U,A,151,exact,
4A7W,A,174,exact,
4A9V,A,579,exact,
4ABM,A,65,exact,
4AC1,X,281,exact,
4ACJ,A,165,exact,
4ACO,A,337,exact,
4ADN,A,175,exact,
4AE2,A,200,exact,
4AE7,A,159,exact,
4AF8,A,327,exact,
4AFM,A,119,exact,
4AGH,A,68,exact,
4AIV,A,111,exact,
4AK2,A,279,exact,
4AK8,A,127,exact,
4AKO,A,483,exact,
4AL0,A,143,exact,
4ALZ,A,186,exact,
4AMW,A,987,exact,
4ANN,A,174,exact,
4ANO,A,118,exact,
4AO6,A,142,exact,
4AQN,A,36,exact,
4AQO,A,84,exact,
4AR9,A,378,exact,
4ASM,B,355,exact,
4AT7,A,271,exact,
4ATE,A,254,exact,
4ATG,A,159,exact,
4ATM,A,134,exact,
4AU1,A,206,exact,
4AVS,A,202,exact,
4AW2,A,230,exact,
4AW7,A,557,exact,
4AXO,A,124,exact,
4AY0,A,182,exact,
4AY7,A,315,exact,
4AYO,A,432,exact,
4AZ6,A,433,exact,
4B0Z,A,113,exact,
4B1M,A,163,exact,
4B21,A,191,exact,
4B2F,A,198,exact,
4B2O,A,262,exact,
4B46,A,259,exact,
4B4C,A,107,exact,
4B4U,A,272,exact,
4B5O,A,168,exact,
4B60,A,280,exact,
4B6G,A,281,exact,
4B89,A,224,exact,
4B8X,A,133,exact,
4B9G,A,144,exact,
4BA0,A,570,exact,
4BB9,A,589,exact,
4BBY,A,394,exact,
4BC3,A,352,exact,
4BE3,A,228,exact,
4BEU,A,390,exact,
4BFC,A,160,exact,
4BFO,A,104,exact,
4BG7,A,56,exact,
4BGB,A,239,exact,
4BGC,A,97,exact,
4BHR,A,76,exact,
4BHU,A,110,exact,
4BI3,A,161,exact,
4BJ0,A,165,exact,
4BJA,A,150,exact,
4BJI,A,178,exact,
4BJS,A,50,exact,
4BJZ,A,373,exact,
4BK0,A,24,exact,
4BK7,A,157,exact,
4BLP,A,250,exact,
4BND,A,242,exact,
4BOQ,A,165,exact,
4BOU,A,99,exact,
4BPF,A,83,exact,
4BPS,A,314,exact,
4BPZ,A,244,exact,
4BQ2,A,664,exact,
4BQH,A,484,exact,
4BQN,A,305,exact,
4BRC,A,358,exact,
4BT7,A,234,exact,
4BVX,A,181,exact,
4BWC,A,31,exact,
4BWR,A,432,exact,
4BWV,A,79,exact,
4BYZ,A,185,exact,
4BZ4,A,192,exact,
4C08,A,305,exact,
4C1O,A,656,exact,
4C24,A,209,exact,
4C2L,A,363,exact,
4C3S,A,398,exact,
4C4A,A,370,exact,
4C5K,A,257,exact,
4C5W,A,366,exact,
4C6A,A,149,exact,
4C6S,A,82,exact,
4C97,A,205,exact,
4C9S,A,255,exact,
4CA1,A,134,exact,
4CAY,A,82,exact,
4CCD,A,278,exact,
4CCS,A,179,exact,
4CCW,A,113,exact,
4CD5,A,365,exact,
4CD8,A,292,exact,
4CDP,A,302,exact,
4CFI,A,256,exact,
4CGS,A,163,exact,
4CHI,A,318,exact,
4CI7,A,440,exact,
4CI9,A,406,exact,
4CIT,A,388,exact,
4CJ0,A,525,exact,
4CK4,A,158,exact,
4CLL,A,400,exact,
4CMR,A,512,exact,
4CNG,A,153,exact,
4CNN,A,241,exact,
4CO3,A,100,exact,
4CO8,A,96,exact,
4COG,A,205,exact,
4CQ1,A,186,exact,
4CQH,A,302,exact,
4CRH,A,87,exact,
4CRU,A,103,exact,
4CS4,A,214,exact,
4CT3,E,151,exact,
4CUA,A,170,exact,
4CV7,A,108,exact,
4CVD,A,46,exact,
4CW4,A,602,exact,
4CYS,A,502,exact,
4CZG,A,304,exact,
4CZX,A,94,exact,
4D05,A,235,exact,
4D0P,A,164,exact,
4D0Q,A,159,exact,
4D53,A,114,exact,
4D5B,A,292,exact,
4D5T,A,80,exact,
4D6G,A,585,exact,
4D73,A,148,exact,
4D79,A,162,exact,
4D7J,A,284,exact,
4D8B,A,252,exact,
4D97,A,294,exact,
4D9I,A,101,exact,
4DBB,A,48,exact,
4DD5,A,383,exact,
4DEV,A,349,exact,
4DGF,A,112,exact,
4DI9,A,291,exact,
4DIX,A,181,exact,
4DJA,A,504,exact,
4DKC,A,140,exact,
4DM7,A,294,exact,
4DMI,A,139,exact,
4DMV,A,500,exact,
4DN7,A,301,exact,
4DO4,A,365,exact,
4DOO,A,190,exact,
4DOV,A,97,exact,
4DP1,X,97,exact,
4DQ9,A,135,exact,
4DQA,A,280,exact,
4DQJ,A,135,exact,
4DSD,A,36,exact,
4DT4,A,158,exact,
4DT5,A,141,exact,
4DTH,A,318,exact,
4DV8,A,400,exact,
4DWR,B,426,same_seq,PISCES=A
4DZ1,A,122,exact,
4DZI,A,354,exact,
4DZO,A,106,exact,
4E0A,A,140,exact,
4E15,A,297,exact,
4E1S,A,197,exact,
4E29,A,176,exact,
4E2T,A,111,exact,
4E2X,A,403,exact,
4E3Y,A,238,exact,
4E40,A,204,exact,
4E4R,A,307,exact,
4E57,A,513,exact,
4E5V,A,266,exact,
4E6F,A,153,exact,
4E6S,A,30,exact,
4E9S,A,463,exact,
4EA9,A,203,exact,
4EAD,A,397,exact,
4EAE,A,174,exact,
4EBG,A,86,exact,
4EBJ,A,234,exact,
4ECF,A,231,exact,
4EDP,A,273,exact,
4EE6,A,258,exact,
4EEK,A,185,exact,
4EFO,A,87,exact,
4EFP,A,230,exact,
4EGD,A,139,exact,
4EGU,A,116,exact,
4EHS,A,116,exact,
4EHX,A,139,exact,
4EIC,A,91,exact,
4EJR,A,131,exact,
4EJY,A,172,exact,
4EKF,A,183,exact,
4EMN,A,79,exact,
4EO0,A,79,exact,
4EP4,A,160,exact,
4EPS,A,287,exact,
4EPZ,A,121,exact,
4EQP,A,127,exact,
4EQS,A,426,exact,
4ERN,A,73,exact,
4ES1,A,91,exact,
4ES8,A,293,exact,
4ESM,A,274,exact,
4ESQ,A,192,exact,
4ESW,A,338,exact,
4ETN,A,146,exact,
4EU0,A,198,exact,
4EU9,A,511,exact,
4EUO,A,311,exact,
4EV1,A,50,exact,
4EVF,A,263,exact,
4EVU,A,54,exact,
4EVW,A,169,exact,
4EW5,A,74,exact,
4EW7,A,49,exact,
4EXJ,A,52,exact,
4EXO,A,115,exact,
4EXR,A,44,exact,
4EYS,A,305,exact,
4EYZ,A,219,exact,
4EZG,A,170,exact,
4EZI,A,334,exact,
4F03,A,232,exact,
4F06,A,327,exact,
4F0W,A,150,exact,
4F1J,A,198,exact,
4F1V,A,370,exact,
4F2F,A,92,exact,
4F2L,A,53,exact,
4F3V,A,214,exact,
4F55,A,84,exact,
4F8C,A,174,exact,
4F98,A,57,exact,
4FBC,A,240,exact,
4FBJ,A,241,exact,
4FBL,A,222,exact,
4FBS,A,116,exact,
4FC9,B,120,same_seq,PISCES=A
4FCG,A,192,exact,
4FCH,A,211,exact,
4FFL,A,339,exact,
4FFU,A,134,exact,
4FGQ,A,146,exact,
4FHG,A,221,exact,
4FHR,A,100,exact,
4FIB,A,50,exact,
4FK9,A,312,exact,
4FKB,A,385,exact,
4FLB,A,122,exact,
4FN7,A,221,exact,
4FNV,A,577,exact,
4FP5,D,96,exact,
4FQE,A,125,exact,
4FQG,A,133,exact,
4FQN,A,83,exact,
4FR9,A,103,exact,
4FS7,A,367,exact,
4FTF,A,107,exact,
4FVG,A,29,exact,
4FZL,A,172,exact,
4FZP,A,79,exact,
4G08,A,137,exact,
4G0X,A,130,exact,
4G1I,A,87,exact,
4G22,A,342,exact,
4G26,A,133,exact,
4G29,A,119,exact,
4G2E,A,147,exact,
4G2N,A,223,exact,
4G2S,A,24,exact,
4G2U,A,161,exact,
4G3N,A,279,exact,
4G3V,A,63,exact,
4G4K,A,96,exact,
4G54,A,183,exact,
4G6I,A,85,exact,
4G6T,A,106,exact,
4G78,A,143,exact,
4G7X,A,87,exact,
4G92,A,32,exact,
4G9Q,A,226,exact,
4G9S,A,185,exact,
4GA2,A,142,exact,
4GB5,A,140,exact,
4GBF,A,285,exact,
4GBM,A,267,exact,
4GC3,A,261,exact,
4GCI,A,136,exact,
4GF3,A,96,exact,
4GIO,A,94,exact,
4GIP,A,20,exact,
4GJR,A,221,exact,
4GJZ,A,224,exact,
4GM6,A,36,exact,
4GMQ,A,90,exact,
4GMU,A,608,exact,
4GN5,A,65,exact,
4GNR,A,343,exact,
4GOF,A,50,exact,
4GOQ,A,65,exact,
4GQZ,A,129,exact,
4GRF,A,136,exact,
4GS3,A,80,exact,
4GT9,A,194,exact,
4GUC,A,110,exact,
4GUD,A,161,exact,
4GVB,A,68,exact,
4GVF,A,338,exact,
4GVQ,A,313,exact,
4GWB,A,159,exact,
4GWG,A,463,exact,
4GX8,A,296,exact,
4GXT,A,226,exact,
4GXW,A,341,exact,
4GZC,A,127,exact,
4GZK,A,641,exact,
4H08,A,194,exact,
4H0C,A,193,exact,
4H14,A,285,exact,
4H18,A,299,exact,
4H27,A,302,exact,
4H2D,A,138,exact,
4H2H,A,342,exact,
4H2W,A,248,exact,
4H31,A,320,exact,
4H3U,A,119,exact,
4H3V,A,339,exact,
4H3W,A,51,exact,
4H41,A,263,exact,
4H4D,A,307,exact,
4H59,A,190,exact,
4H5B,A,101,exact,
4H5I,A,329,exact,
4H6C,A,156,exact,
4H6X,A,96,exact,
4H79,A,83,exact,
4H7N,A,174,exact,
4H7W,A,185,exact,
4H87,A,113,exact,
4H8E,A,233,exact,
4H9K,A,143,exact,
4HAH,A,213,exact,
4HB9,A,285,exact,
4HC5,A,111,exact,
4HC9,A,63,exact,
4HCJ,A,159,exact,
4HCS,A,65,exact,
4HDO,A,258,exact,
4HE6,A,87,exact,
4HEC,A,123,exact,
4HES,A,231,exact,
4HFS,A,184,exact,
4HFV,A,167,exact,
4HH3,A,145,exact,
4HHR,A,592,exact,
4HHV,A,92,exact,
4HHX,A,20,exact,
4HI8,A,168,exact,
4HJ1,A,111,exact,
4HJI,A,143,exact,
4HKH,A,125,exact,
4HLY,A,104,exact,
4HMS,A,200,exact,
4HNL,A,368,exact,
4HNO,A,283,exact,
4HPM,A,92,exact,
4HR3,A,405,exact,
4HRO,A,85,exact,
4HS1,A,82,exact,
4HS2,A,60,exact,
4HTG,A,299,exact,
4HVK,A,361,exact,
4HVT,A,669,exact,
4HWH,A,43,exact,
4HWM,A,104,exact,
4HXF,B,565,exact,
4HY4,A,90,exact,
4HZI,A,105,exact,
4I0N,A,258,exact,
4I0O,A,218,exact,
4I0W,A,36,exact,
4I0X,A,68,exact,
4I17,A,195,exact,
4I1K,A,111,exact,
4I3G,A,731,exact,
4I3M,A,55,exact,
4I4C,A,290,exact,
4I66,A,181,exact,
4I6R,A,75,exact,
4I71,A,321,exact,
4I79,A,208,exact,
4I84,A,282,exact,
4I8H,A,221,exact,
4I8I,A,229,exact,
4I90,A,251,exact,
4I93,A,259,exact,
4IAB,A,104,exact,
4IAU,A,150,exact,
4IC4,A,331,exact,
4IC9,A,113,exact,
4ICV,A,82,exact,
4ID9,A,309,exact,
4IEJ,A,46,exact,
4IFA,A,199,exact,
4IG2,A,121,exact,
4IGI,A,195,exact,
4IIK,A,271,exact,
4IIL,A,312,exact,
4IIY,A,333,exact,
4IKD,A,110,exact,
4IKV,A,312,exact,
4IL7,A,78,exact,
4IN0,A,139,exact,
4IND,A,114,exact,
4INW,A,138,exact,
4IO2,A,225,exact,
4IPI,A,349,exact,
4IPU,A,127,exact,
4IRF,A,66,exact,
4IUM,A,125,exact,
4IUS,A,245,exact,
4IUW,A,599,exact,
4IWB,A,128,exact,
4IX3,A,322,exact,
4IYJ,A,192,exact,
4IYK,A,60,exact,
4IYS,A,75,exact,
4J0D,A,425,exact,
4J27,A,435,exact,
4J2C,A,102,exact,
4J32,A,130,exact,
4J37,A,245,exact,
4J42,A,78,exact,
4J5R,A,139,exact,
4J7H,A,397,exact,
4J7N,A,356,exact,
4J7Q,A,289,exact,
4J8C,A,42,exact,
4J8L,A,326,exact,
4J8P,A,145,exact,
4J8S,A,178,exact,
4J9Y,B,66,exact,
4JB3,A,204,exact,
4JBB,A,178,exact,
4JBD,A,306,exact,
4JBE,A,260,exact,
4JBU,A,235,exact,
4JCC,A,273,exact,
4JD0,A,184,exact,
4JDN,A,136,exact,
4JDU,A,131,exact,
4JEJ,A,218,exact,
4JF3,A,86,exact,
4JF8,A,142,exact,
4JG2,A,183,exact,
4JGI,A,183,exact,
4JGL,A,129,exact,
4JHC,A,150,exact,
4JHT,A,195,exact,
4JHY,A,105,exact,
4JJA,A,293,exact,
4JK8,A,209,exact,
4JL5,A,201,exact,
4JM1,A,79,exact,
4JMP,A,220,exact,
4JN7,A,393,exact,
4JNU,A,34,exact,
4JOQ,A,42,exact,
4JP0,A,302,exact,
4JP6,A,119,exact,
4JTM,A,79,exact,
4JWJ,A,134,exact,
4JXR,A,170,exact,
4JYK,A,159,exact,
4JZ5,A,204,exact,
4K0N,A,232,exact,
4K12,A,62,exact,
4K22,A,139,exact,
4K36,A,181,exact,
4K3Z,A,301,exact,
4K4K,A,150,exact,
4K6N,A,220,exact,
4K70,A,247,exact,
4K7B,A,100,exact,
4K7C,A,396,exact,
4K7J,A,308,exact,
4K84,A,194,exact,
4K8W,A,116,exact,
4KAL,A,286,exact,
4KBX,A,345,exact,
4KDW,A,100,exact,
4KE2,A,189,exact,
4KEF,A,129,exact,
4KEM,A,388,exact,
4KFU,A,170,exact,
4KGD,A,583,exact,
4KH8,A,292,exact,
4KIA,A,134,exact,
4KK7,A,247,exact,
4KL0,A,333,exact,
4KM6,A,186,exact,
4KMD,A,265,exact,
4KMR,A,243,exact,
4KNK,A,204,exact,
4KOA,A,305,exact,
4KOQ,A,85,exact,
4KP1,A,137,exact,
4KQ9,A,217,exact,
4KQI,A,332,exact,
4KQP,A,228,exact,
4KRG,A,389,exact,
4KT3,A,119,exact,
4KT6,A,204,exact,
4KTB,A,140,exact,
4KTP,A,640,exact,
4KTW,A,153,exact,
4KU0,A,90,exact,
4KUI,A,87,exact,
4KUN,A,23,exact,
4KV2,A,71,exact,
4KV7,A,333,exact,
4KWD,A,296,exact,
4KYQ,A,199,exact,
4L0J,A,116,exact,
4L0N,A,49,exact,
4L1J,A,116,exact,
4L2I,A,322,exact,
4L3U,A,51,exact,
4L4E,A,382,exact,
4L4H,A,70,exact,
4L57,A,190,exact,
4L6H,A,545,exact,
4L8A,A,157,exact,
4L8P,A,139,exact,
4L9B,A,159,exact,
4L9H,A,109,exact,
4L9P,A,310,exact,
4LAN,A,305,exact,
4LBA,A,35,exact,
4LCL,A,359,exact,
4LD1,A,122,exact,
4LDN,A,199,exact,
4LDV,A,312,exact,
4LEB,A,294,exact,
4LER,A,406,exact,
4LF0,A,338,exact,
4LGJ,A,224,exact,
4LGY,A,1268,exact,
4LH6,A,195,exact,
4LHD,A,901,exact,
4LHS,A,311,exact,
4LIX,A,549,exact,
4LIZ,A,119,exact,
4LJI,A,114,exact,
4LJO,A,87,exact,
4LLE,A,82,exact,
4LMI,A,69,exact,
4LMY,A,119,exact,
4LPQ,A,171,exact,
4LPS,A,213,exact,
4LQB,A,125,exact,
4LQZ,A,40,exact,
4LRT,A,331,exact,
4LTT,A,89,exact,
4LTY,C,164,same_seq,PISCES=A
4LUK,A,161,exact,
4LUN,U,245,exact,
4LUP,A,89,exact,
4LV5,A,161,exact,
4LX2,A,315,exact,
4LXQ,A,271,exact,
4LYP,A,412,exact,
4LZK,A,144,exact,
4M0N,A,156,exact,
4M0Q,A,64,exact,
4M1A,A,87,exact,
4M1U,A,261,exact,
4M1X,A,71,exact,
4M2M,A,369,exact,
4M3P,A,198,exact,
4M51,A,400,exact,
4M5B,A,34,exact,
4M5D,A,714,exact,
4M68,A,176,exact,
4M73,A,280,exact,
4M7R,A,128,exact,
4M7T,A,228,exact,
4M83,A,389,exact,
4M8D,A,245,exact,
4M8K,A,186,exact,
4M91,A,150,exact,
4M9V,C,57,exact,
4MAA,A,299,exact,
4MAK,A,71,exact,
4MAM,A,352,exact,
4MAQ,A,220,exact,
4MAX,A,121,exact,
4MB0,A,28,exact,
4MBO,A,273,exact,
4MC3,A,178,exact,
4MCO,A,302,exact,
4MDA,A,194,exact,
4MDX,A,113,exact,
4ME2,A,155,exact,
4MES,A,100,exact,
4MF5,A,230,exact,
4MFI,A,401,exact,
4MGQ,A,157,exact,
4MIJ,A,300,exact,
4MJD,A,111,exact,
4MJK,A,195,exact,
4MKO,A,234,exact,
4MLO,A,193,exact,
4MMW,A,379,exact,
4MNC,A,303,exact,
4MNO,A,93,exact,
4MO7,A,142,exact,
4MP8,A,239,exact,
4MPT,A,201,exact,
4MSX,A,109,exact,
4MT2,A,48,exact,
4MTU,A,141,exact,
4MUQ,A,204,exact,
4MUV,A,140,exact,
4MV4,A,306,exact,
4MXT,A,164,exact,
4MYK,A,275,exact,
4MYY,A,67,exact,
4MZA,A,351,exact,
4MZC,A,104,exact,
4MZJ,A,131,exact,
4MZY,A,343,exact,
4N01,A,234,exact,
4N02,A,328,exact,
4N03,A,363,exact,
4N0H,A,251,exact,
4N0R,A,419,exact,
4N13,A,249,exact,
4N1I,A,310,exact,
4N2K,A,548,exact,
4N2P,A,131,exact,
4N2X,A,296,exact,
4N49,A,393,exact,
4N4U,A,271,exact,
4N6K,A,309,exact,
4N6Q,A,153,exact,
4N77,A,181,exact,
4N7T,A,269,exact,
4N8N,A,67,exact,
4N9W,A,236,exact,
4NBP,A,126,exact,
4NBX,A,136,exact,
4NDS,A,92,exact,
4NES,A,342,exact,
4NG0,A,95,exact,
4NGD,A,104,exact,
4NHE,A,47,exact,
4NI6,A,134,exact,
4NJM,A,129,exact,
4NKP,A,127,exact,
4NLM,A,305,exact,
4NMW,A,219,exact,
4NNB,A,199,exact,
4NNO,A,276,exact,
4NOA,A,103,exact,
4NOG,A,416,exact,
4NOH,A,139,exact,
4NPD,A,56,exact,
4NPL,A,205,exact,
4NQG,A,191,exact,
4NSV,A,262,exact,
4NT1,A,187,exact,
4NTD,A,272,exact,
4NTK,A,119,exact,
4NV4,A,63,exact,
4NWB,A,128,exact,
4NWY,A,121,exact,
4NXY,A,174,exact,
4NYH,A,180,exact,
4NYQ,A,147,exact,
4NZK,A,284,exact,
4O06,A,98,exact,
4O0A,A,121,exact,
4O1E,A,250,exact,
4O3V,A,94,exact,
4O5F,A,207,exact,
4O65,A,140,exact,
4O6U,A,180,exact,
4O6Y,A,82,exact,
4O7H,A,208,exact,
4O7J,B,141,same_seq,PISCES=A
4O7K,A,80,exact,
4O7Q,A,91,exact,
4O87,A,284,exact,
4O9D,B,220,same_seq,PISCES=A
4OA3,A,139,exact,
4OCV,A,353,exact,
4OD6,A,80,exact,
4ODP,A,56,exact,
4OE9,A,108,exact,
4OEV,A,57,exact,
4OF6,A,103,exact,
4OFF,A,100,exact,
4OHJ,A,191,exact,
4OHR,A,127,exact,
4OIE,A,134,exact,
4OJ5,A,538,exact,
4OJX,A,338,exact,
4OM8,A,304,exact,
4OMB,A,272,exact,
4OMF,G,229,exact,
4ONR,A,106,exact,
4OO4,A,103,exact,
4OPC,A,441,exact,
4OPW,A,233,exact,
4OQ9,A,133,exact,
4OQP,A,230,exact,
4OSN,A,45,exact,
4OTN,A,21,exact,
4OUH,A,131,exact,
4OUN,A,30,exact,
4OVJ,A,374,exact,
4OVY,A,252,exact,
4OWT,A,247,exact,
4OXX,A,151,exact,
4P0T,A,136,exact,
4P17,A,282,exact,
4P32,A,176,exact,
4P3F,A,176,exact,
4P3H,A,84,exact,
4P3V,A,63,exact,
4P40,A,257,exact,
4P5P,A,220,exact,
4P7O,A,336,exact,
4P7X,A,280,exact,
4P82,A,168,exact,
4P8I,A,30,exact,
4P98,A,284,exact,
4P9I,A,159,exact,
4PAG,A,269,exact,
4PBD,A,87,exact,
4PDN,A,115,exact,
4PDX,A,542,exact,
4PDY,A,309,exact,
4PE3,A,286,exact,
4PE6,A,230,exact,
4PEO,A,54,exact,
4PEU,A,248,exact,
4PF3,A,247,exact,
4PFO,A,253,exact,
4PGR,A,175,exact,
4PHJ,A,137,exact,
4PHQ,A,237,exact,
4PHR,A,267,exact,
4PIB,A,36,exact,
4PIO,A,303,exact,
4PJ2,A,114,exact,
4PK9,A,308,exact,
4PKL,A,105,exact,
4PKM,A,287,exact,
4PLZ,A,298,exact,
4PMO,A,208,exact,
4PNO,A,60,exact,
4PO6,A,42,exact,
4PQ9,A,231,exact,
4PQG,A,362,exact,
4PQH,A,188,exact,
4PS6,A,119,exact,
4PSR,A,571,exact,
4PSS,A,154,exact,
4PUI,A,73,exact,
4PUX,A,142,exact,
4PVK,A,478,exact,
4PW0,A,256,exact,
4PW2,A,218,exact,
4PWY,A,226,exact,
4PXY,A,230,exact,
4PZ0,A,294,exact,
4PZ1,A,95,exact,
4PZP,A,409,exact,
4Q0Y,A,123,exact,
4Q29,A,110,exact,
4Q2L,A,53,exact,
4Q2S,A,133,exact,
4Q3K,A,224,exact,
4Q4G,X,205,exact,
4Q4W,1,269,exact,
4Q51,A,249,exact,
4Q5W,A,174,exact,
4Q68,A,210,exact,
4Q6U,A,167,exact,
4Q7F,A,283,exact,
4Q7O,A,131,exact,
4Q98,A,337,exact,
4QA8,A,170,exact,
4QAS,A,169,exact,
4QBL,A,11,exact,
4QBO,A,90,exact,
4QBS,A,121,exact,
4QBU,A,404,exact,
4QC6,A,177,exact,
4QDC,A,282,exact,
4QDN,A,97,exact,
4QE0,A,77,exact,
4QEK,A,276,exact,
4QFU,A,399,exact,
4QHQ,A,221,exact,
4QHW,A,380,exact,
4QI3,A,188,exact,
4QKD,A,183,exact,
4QLP,A,173,exact,
4QM6,A,169,exact,
4QMD,A,191,exact,
4QMH,A,234,exact,
4QN8,A,119,exact,
4QND,A,95,exact,
4QOS,A,222,exact,
4QP5,A,132,exact,
4QPN,A,201,exact,
4QPV,A,154,exact,
4QPW,A,140,exact,
4QRE,A,446,exact,
4QRK,A,102,exact,
4QRL,A,75,exact,
4QRN,A,350,exact,
4QTC,A,297,exact,
4QTP,A,103,exact,
4QXB,A,324,exact,
4R03,A,94,exact,
4R12,A,202,exact,
4R16,A,349,exact,
4R1D,A,478,exact,
4R1J,A,166,exact,
4R2F,A,61,exact,
4R2X,C,243,same_seq,PISCES=A
4R3N,A,355,exact,
4R4K,A,125,exact,
4R4X,A,507,exact,
4R5R,A,66,exact,
4R60,A,343,exact,
4R6H,A,375,exact,
4R6Y,A,307,exact,
4R75,A,316,exact,
4R78,A,276,exact,
4R8X,A,311,exact,
4R9F,A,350,exact,
4R9I,A,376,exact,
4R9P,A,148,exact,
4RAJ,A,139,exact,
4RAX,A,222,exact,
4RBR,A,112,exact,
4RD4,A,389,exact,
4RD8,A,111,exact,
4RDB,A,287,exact,
4REI,A,139,exact,
4REK,A,497,exact,
4REO,A,198,exact,
4REP,A,396,exact,
4RFU,A,115,exact,
4RG1,A,227,exact,
4RGD,A,68,exact,
4RGI,A,61,exact,
4RHJ,A,202,exact,
4RJW,A,418,exact,
4RJZ,A,348,exact,
4RK4,A,250,exact,
4RK6,A,162,exact,
4RKS,A,209,exact,
4RLC,A,112,exact,
4RLE,A,92,exact,
4RLZ,A,304,exact,
4RO3,A,67,exact,
4RP3,A,84,exact,
4RP9,A,432,exact,
4RPM,A,352,exact,
4RPT,A,142,exact,
4RRI,A,134,exact,
4RS2,A,167,exact,
4RS7,R,73,same_seq,PISCES=A
4RSC,A,250,exact,
4RSW,A,130,exact,
4RT0,A,30,exact,
4RTH,A,158,exact,
4RU1,A,285,exact,
4RU3,A,187,exact,
4RU4,A,587,exact,
4RUQ,A,234,exact,
4RUW,A,368,exact,
4RV5,A,359,exact,
4RVQ,A,118,exact,
4RW0,A,130,exact,
4RWU,A,79,exact,
4RXI,A,88,exact,
4RXM,A,195,exact,
4RXT,A,293,exact,
4RXV,A,227,exact,
4RY1,A,398,exact,
4RYA,A,404,exact,
4RYO,A,149,exact,
4RZ9,A,161,exact,
4S1A,A,163,exact,
4S1H,A,241,exact,
4S1P,A,153,exact,
4S28,A,503,exact,
4S39,A,387,exact,
4S3I,A,68,exact,
4TKC,A,116,exact,
4TL6,A,186,exact,
4TMD,A,121,exact,
4TMX,A,307,exact,
4TPN,A,373,exact,
4TPS,A,133,exact,
4TQ1,A,223,exact,
4TSD,B,161,same_seq,PISCES=A
4TTW,A,91,exact,
4TVV,A,277,exact,
4TXD,A,193,exact,
4TYZ,A,107,exact,
4TZ1,A,547,exact,
4U19,A,106,exact,
4U3E,A,516,exact,
4U3V,A,75,exact,
4U5H,A,83,exact,
4U5Q,A,325,exact,
4U5W,A,87,exact,
4U7A,A,264,exact,
4U8F,A,211,exact,
4U98,A,403,exact,
4U9H,S,263,exact,
4UA6,A,260,exact,
4UAB,A,295,exact,
4UAS,A,223,exact,
4UC1,A,123,exact,
4UE0,A,113,exact,
4UE8,A,158,exact,
4UEY,A,20,exact,
4UF7,A,259,exact,
4UFQ,A,199,exact,
4UHC,A,276,exact,
4UHV,A,166,exact,
4UIQ,A,141,exact,
4UJ7,A,206,exact,
4UMG,A,51,exact,
4UOB,A,240,exact,
4UP3,A,304,exact,
4UPI,A,490,exact,
4UQW,A,148,exact,
4UQX,A,260,exact,
4US5,A,235,exact,
4USK,A,320,exact,
4UT1,A,506,exact,
4UU3,A,166,exact,
4UUL,A,294,exact,
4UVQ,A,227,exact,
4UWM,A,195,exact,
4UWX,A,191,exact,
4UXU,A,194,exact,
4UYI,A,47,exact,
4UYP,A,142,exact,
4UYR,A,183,exact,
4UZG,A,270,exact,
4V00,A,316,exact,
4V0H,A,158,exact,
4V12,A,267,exact,
4V1G,A,71,exact,
4V1J,A,137,exact,
4V1K,A,123,exact,
4V1S,A,349,exact,
4V24,A,319,exact,
4V2K,A,205,exact,
4V33,A,287,exact,
4V3I,A,123,exact,
4W64,A,148,exact,
4W6Y,A,125,exact,
4W7L,A,446,exact,
4W7W,A,311,exact,
4W8H,A,125,exact,
4W8P,A,235,exact,
4W9W,A,134,exact,
4W9Z,A,132,exact,
4WA0,A,320,exact,
4WAN,A,102,exact,
4WBJ,A,155,exact,
4WCJ,A,38,exact,
4WCK,A,407,exact,
4WD1,A,532,exact,
4WE2,A,222,exact,
4WEE,A,130,exact,
4WFO,A,794,exact,
4WH5,A,123,exact,
4WHE,A,31,exact,
4WHI,A,100,exact,
4WHS,A,193,exact,
4WIQ,A,158,exact,
4WJT,A,139,exact,
4WK0,A,219,exact,
4WK7,A,203,exact,
4WKA,A,367,exact,
4WKS,C,401,exact,
4WLH,A,406,exact,
4WMA,A,186,exact,
4WN5,A,104,exact,
4WP9,A,147,exact,
4WPK,A,226,exact,
4WPY,A,74,exact,
4WQK,A,160,exact,
4WRI,A,141,exact,
4WSF,A,82,exact,
4WU0,A,358,exact,
4WUI,A,203,exact,
4WUV,A,252,exact,
4WVA,A,404,exact,
4WW7,A,143,exact,
4WWF,A,109,exact,
4WWH,A,312,exact,
4WX0,A,238,exact,
4WY4,A,48,exact,
4WY9,A,271,exact,
4WYH,A,97,exact,
4WZX,A,45,exact,
4X1Z,A,330,exact,
4X28,A,129,exact,
4X2P,A,346,exact,
4X2R,A,234,exact,
4X33,A,46,exact,
4X5P,A,156,exact,
4X7G,A,242,exact,
4X84,A,222,exact,
4X8Y,A,34,exact,
4X9R,A,213,exact,
4X9X,A,264,exact,
4X9Z,A,20,exact,
4XAB,A,199,exact,
4XB6,A,106,exact,
4XDU,A,294,exact,
4XDX,A,68,exact,
4XE7,A,249,exact,
4XEK,A,57,exact,
4XEM,A,373,exact,
4XEZ,A,180,exact,
4XFK,A,385,exact,
4XFM,A,287,exact,
4XGL,A,31,exact,
4XGW,A,254,exact,
4XHF,A,218,exact,
4XHT,A,60,exact,
4XJ5,A,208,exact,
4XJY,A,104,exact,
4XKZ,A,152,exact,
4XLY,A,120,exact,
4XMR,A,224,exact,
4XO1,A,44,exact,
4XOM,A,119,exact,
4XOT,A,595,exact,
4XPL,A,100,exact,
4XPQ,A,645,exact,
4XPX,A,128,exact,
4XPZ,A,309,exact,
4XQC,A,473,exact,
4XRW,A,200,exact,
4XT6,A,149,exact,
4XTB,A,96,exact,
4XU6,A,148,exact,
4XUR,A,151,exact,
4XUW,A,90,exact,
4XXF,A,244,exact,
4XXL,A,90,exact,
4XXX,A,205,exact,
4XY5,A,116,exact,
4XZF,A,119,exact,
4Y0G,A,80,exact,
4Y0H,A,448,exact,
4Y1W,A,188,exact,
4Y2F,A,113,exact,
4Y7L,A,187,exact,
4Y7S,A,98,exact,
4Y9V,A,601,exact,
4Y9W,A,320,exact,
4YAA,A,280,exact,
4YAG,A,269,exact,
4YAP,A,256,exact,
4YAR,A,327,exact,
4YB8,A,39,exact,
4YBG,A,143,exact,
4YBR,A,164,exact,
4YCA,A,199,exact,
4YD8,A,148,exact,
4YDR,A,261,exact,
4YE7,A,94,exact,
4YEC,A,114,exact,
4YEP,A,176,exact,
4YFB,A,165,exact,
4YFU,A,457,exact,
4YHV,A,68,exact,
4YI8,A,173,exact,
4YJI,A,488,exact,
4YJM,A,27,exact,
4YKI,A,236,exact,
4YMY,A,151,exact,
4YOR,A,161,exact,
4YP6,A,112,exact,
4YPO,A,323,exact,
4YSI,A,134,exact,
4YSL,A,259,exact,
4YTB,A,420,exact,
4YTK,A,112,exact,
4YTO,A,35,exact,
4YTW,A,73,exact,
4YUD,A,77,exact,
4YWF,A,151,exact,
4YWK,A,174,exact,
4YWZ,A,126,exact,
4YX1,A,58,exact,
4YX6,A,449,exact,
4YXP,A,114,exact,
4YYC,A,407,exact,
4YZ0,A,193,exact,
4Z04,A,99,exact,
4Z0Y,A,331,exact,
4Z24,A,610,exact,
4Z39,A,119,exact,
4Z3G,A,196,exact,
4Z47,A,125,exact,
4Z48,A,164,exact,
4Z5S,A,217,exact,
4Z67,A,260,exact,
4Z8T,A,278,exact,
4Z9H,A,141,exact,
4Z9P,A,158,exact,
4ZAV,A,205,exact,
4ZBH,A,109,exact,
4ZBL,A,219,exact,
4ZBO,A,254,exact,
4ZC3,A,34,exact,
4ZCD,A,316,exact,
4ZD6,A,218,exact,
4ZDF,A,185,exact,
4ZDJ,A,132,exact,
4ZDS,A,75,exact,
4ZEV,A,269,exact,
4ZFL,A,227,exact,
4ZFV,A,431,exact,
4ZGF,A,136,exact,
4ZGP,A,109,exact,
4ZH0,A,290,exact,
4ZH5,A,423,exact,
4ZHW,A,108,exact,
4ZIL,A,199,exact,
4ZJH,A,171,exact,
4ZJU,A,258,exact,
4ZKQ,A,238,exact,
4ZLD,A,148,exact,
4ZLF,A,762,exact,
4ZMH,A,695,exact,
4ZMK,A,62,exact,
4ZNM,A,226,exact,
4ZO2,A,284,exact,
4ZOY,A,378,exact,
4ZPC,A,403,exact,
4ZQA,A,55,exact,
4ZQX,A,29,exact,
4ZR8,A,331,exact,
4ZS9,A,367,exact,
4ZSF,A,207,exact,
4ZSI,A,164,exact,
4ZUR,A,339,exact,
4ZV0,A,123,exact,
4ZV5,A,80,exact,
4ZVC,A,100,exact,
4ZVF,A,162,exact,
4ZW9,A,417,exact,
4ZY7,A,91,exact,
4ZY9,A,128,exact,
5A07,A,329,exact,
5A0L,A,199,exact,
5A0N,A,212,exact,
5A10,A,301,exact,
5A2V,A,182,exact,
5A35,A,110,exact,
5A3A,A,282,exact,
5A3D,A,10,exact,
5A4A,A,201,exact,
5A5X,A,130,exact,
5A62,A,261,exact,
5A67,A,202,exact,
5A6M,A,387,exact,
5A71,A,314,exact,
5A7V,A,365,exact,
5A8C,A,297,exact,
5A8J,A,346,exact,
5A8U,A,240,exact,
5A95,A,335,exact,
5A98,A,230,exact,
5A9C,A,177,exact,
5AE0,A,208,exact,
5AF3,A,184,exact,
5AFO,A,255,exact,
5AGD,A,317,exact,
5AGI,A,240,exact,
5AHK,A,524,exact,
5AIG,A,118,exact,
5AIM,A,78,exact,
5AIZ,A,103,exact,
5AL6,A,42,exact,
5AMT,A,103,exact,
5AOG,A,263,exact,
5AOT,A,100,exact,
5AOZ,A,130,exact,
5APG,A,151,exact,
5AQC,A,135,exact,
5AUN,A,123,exact,
5AY6,A,301,exact,
5AZB,A,188,exact,
5AZP,A,376,exact,
5AZW,A,89,exact,
5AZX,A,98,exact,
5B08,A,98,exact,
5B0H,A,124,exact,
5B19,A,150,exact,
5B1Q,A,394,exact,
5B3P,A,117,exact,
5B4Z,A,307,exact,
5B5I,A,61,exact,
5B5L,A,205,exact,
5B66,A,265,exact,
5B68,A,500,exact,
5B6C,A,172,exact,
5B6D,A,312,exact,
5B7H,A,187,exact,
5B8D,A,98,exact,
5BJX,A,329,exact,
5BK9,A,255,exact,
5BMN,A,443,exact,
5BMO,A,56,exact,
5BMT,A,213,exact,
5BNZ,A,496,exact,
5BOB,A,191,exact,
5BOW,A,149,exact,
5BP8,A,375,exact,
5BP9,A,195,exact,
5BR4,A,383,exact,
5BS1,A,89,exact,
5BT9,A,192,exact,
5BTB,A,277,exact,
5BTY,A,127,exact,
5BU5,A,143,exact,
5BV8,A,196,exact,
5BXG,A,66,exact,
5BY4,A,101,exact,
5BY5,A,113,exact,
5BY8,A,186,exact,
5BYK,A,237,exact,
5C12,A,211,exact,
5C17,A,200,exact,
5C2M,A,231,exact,
5C33,A,171,exact,
5C50,A,127,exact,
5C54,A,308,exact,
5C5G,A,245,exact,
5C5Z,A,113,exact,
5C68,A,105,exact,
5C6K,A,152,exact,
5C79,A,84,exact,
5C8Z,A,264,exact,
5C98,A,344,exact,
5CAJ,A,225,exact,
5CDK,A,161,exact,
5CE7,A,122,exact,
5CEC,A,370,exact,
5CHS,A,177,exact,
5CIY,A,325,exact,
5CJ3,A,124,exact,
5CKL,A,179,exact,
5CL8,A,229,exact,
5CML,A,180,exact,
5COF,A,156,exact,
5COW,A,173,exact,
5COZ,A,325,exact,
5CQ2,A,64,exact,
5CR4,A,185,exact,
5CR6,D,22,exact,
5CR9,A,258,exact,
5CS2,A,133,exact,
5CSR,A,177,exact,
5CTM,A,228,exact,
5CTV,A,174,exact,
5CV0,A,132,exact,
5CWG,A,189,exact,
5CYW,B,48,exact,
5CZC,A,269,exact,
5D1R,A,157,exact,
5D22,A,65,exact,
5D2K,A,251,exact,
5D3Q,A,244,exact,
5D3X,A,143,exact,
5D4V,A,193,exact,
5D5Y,B,40,same_seq,PISCES=A
5D66,A,179,exact,
5D6O,A,347,exact,
5D78,A,76,exact,
5D7W,A,466,exact,
5D8V,A,81,exact,
5DBL,A,128,exact,
5DCU,A,356,exact,
5DE3,A,119,exact,
5DEC,A,76,exact,
5DEU,A,86,exact,
5DGG,A,76,exact,
5DGJ,A,157,exact,
5DGQ,A,552,exact,
5DHD,A,96,exact,
5DIC,A,113,exact,
5DJE,A,83,exact,
5DKX,A,901,exact,
5DLB,A,56,exact,
5DLE,A,99,exact,
5DLK,A,317,exact,
5DLY,A,264,exact,
5DMD,A,131,exact,
5DMM,A,259,exact,
5DNK,A,342,exact,
5DOC,A,179,exact,
5DOF,A,147,exact,
5DP2,A,333,exact,
5DVI,A,340,exact,
5DWA,A,275,exact,
5DXI,A,45,exact,
5DZE,A,197,exact,
5DZO,A,105,exact,
5E1W,A,164,exact,
5E2C,A,125,exact,
5E3B,A,138,exact,
5E3Q,A,260,exact,
5E4B,A,172,exact,
5E5Y,A,58,exact,
5E6X,A,199,exact,
5E6Z,A,347,exact,
5E75,A,497,exact,
5E9P,A,84,exact,
5EC6,A,270,exact,
5ECD,A,125,exact,
5ECK,A,567,exact,
5EDF,A,190,exact,
5EDL,A,115,exact,
5EHA,A,147,exact,
5EHI,A,254,exact,
5EJ0,A,123,exact,
5EJ8,A,552,exact,
5EJR,A,208,exact,
5EJY,A,230,exact,
5EL9,A,197,exact,
5EMB,A,94,exact,
5EMI,A,178,exact,
5EMX,A,48,exact,
5ENQ,A,277,exact,
5EP6,A,30,exact,
5EQ0,A,53,exact,
5EQ7,A,245,exact,
5EQV,A,320,exact,
5EQW,A,105,exact,
5ER9,A,326,exact,
5EUR,A,87,exact,
5EVH,A,100,exact,
5EWO,A,211,exact,
5EWU,A,381,exact,
5EXE,A,353,exact,
5EXH,C,43,exact,
5EYN,A,304,exact,
5F18,A,115,exact,
5F2K,A,356,exact,
5F3P,A,155,exact,
5F47,A,139,exact,
5F4C,A,82,exact,
5F4W,A,170,exact,
5F6R,A,171,exact,
5FAF,A,111,exact,
5FAI,A,187,exact,
5FC2,B,409,exact,
5FCE,A,104,exact,
5FEB,A,107,exact,
5FEW,A,344,exact,
5FHK,A,104,exact,
5FI3,A,329,exact,
5FIA,A,120,exact,
5FID,A,127,exact,
5FII,A,58,exact,
5FIS,A,203,exact,
5FJZ,A,222,exact,
5FMU,A,129,exact,
5FNP,A,43,exact,
5FOK,A,488,exact,
5FPZ,A,108,exact,
5FQ4,A,294,exact,
5FQE,A,577,exact,
5FRD,A,247,exact,
5FRU,A,67,exact,
5FS4,A,112,exact,
5FS8,A,439,exact,
5FSV,A,228,exact,
5FU5,A,115,exact,
5FVD,A,204,exact,
5FVN,A,332,exact,
5FYP,A,282,exact,
5FZP,A,331,exact,
5FZS,A,90,exact,
5G0A,A,364,exact,
5G23,A,148,exact,
5G2U,A,443,exact,
5G38,A,135,exact,
5G3Q,A,37,exact,
5G3T,A,346,exact,
5G3X,A,221,exact,
5G4K,A,249,exact,
5G51,A,155,exact,
5G5C,A,225,exact,
5G5O,A,314,exact,
5GGB,A,286,exact,
5GGN,A,151,exact,
5GJH,A,95,exact,
5GJI,A,105,exact,
5GK1,A,279,exact,
5GKV,A,333,exact,
5GMT,A,265,exact,
5GN1,A,187,exact,
5GNF,A,128,exact,
5GNG,A,212,exact,
5GOF,A,275,exact,
5GPO,A,99,exact,
5GQI,A,244,exact,
5GSM,A,779,exact,
5GT5,A,442,exact,
5GV0,A,157,exact,
5GV8,A,267,exact,
5GVD,A,103,exact,
5GVV,A,305,exact,
5GWN,A,419,exact,
5GXE,A,319,exact,
5GZK,A,407,exact,
5H0J,A,204,exact,
5H0M,A,86,exact,
5H0Q,A,116,exact,
5H28,A,261,exact,
5H3V,A,99,exact,
5H3Z,A,618,exact,
5H4S,A,265,exact,
5H5F,A,218,exact,
5H6T,A,454,exact,
5H6X,A,92,exact,
5H7E,A,122,exact,
5H9N,A,152,exact,
5HB6,A,122,exact,
5HB7,A,123,exact,
5HC0,A,334,exact,
5HD9,A,164,exact,
5HDK,A,95,exact,
5HE9,A,122,exact,
5HEE,A,254,exact,
5HFS,A,12,exact,
5HGJ,A,192,exact,
5HGZ,A,188,exact,
5HHE,D,91,same_seq,PISCES=A
5HHJ,A,292,exact,
5HJ1,A,59,exact,
5HJ9,A,239,exact,
5HKQ,A,107,exact,
5HNO,A,56,exact,
5HNV,A,273,exact,
5HOB,A,37,exact,
5HOE,A,213,exact,
5HQH,A,94,exact,
5HRA,A,231,exact,
5HRB,A,174,exact,
5HT2,A,220,exact,
5HTL,A,136,exact,
5HTX,A,422,exact,
5HUB,A,75,exact,
5HUS,A,184,exact,
5HWA,A,257,exact,
5HWK,A,127,exact,
5HWN,A,301,exact,
5HX0,A,339,exact,
5HXK,A,401,exact,
5HYA,A,256,exact,
5HYZ,A,287,exact,
5HZD,A,454,exact,
5I0F,B,538,exact,
5I2H,A,314,exact,
5I34,A,404,exact,
5I39,A,355,exact,
5I3E,A,333,exact,
5I45,A,180,exact,
5I4A,A,119,exact,
5I4C,A,46,exact,
5I5D,A,258,exact,
5I5N,A,128,exact,
5I90,A,382,exact,
5I95,A,411,exact,
5IBZ,A,284,exact,
5IDH,A,282,exact,
5IG0,A,87,exact,
5IG6,A,113,exact,
5IGI,A,295,exact,
5IHF,A,44,exact,
5IHW,A,312,exact,
5II6,A,95,exact,
5II8,A,129,exact,
5IK4,A,308,exact,
5IL6,A,113,exact,
5IMA,A,152,exact,
5IMU,A,207,exact,
5INR,A,458,exact,
5IO9,A,96,exact,
5IPY,A,443,exact,
5IQJ,A,45,exact,
5IRC,A,182,exact,
5ISV,A,146,exact,
5ITQ,A,274,exact,
5IU1,A,104,exact,
5IWB,A,107,exact,
5IWH,A,95,exact,
5IX8,A,291,exact,
5IXG,B,163,same_seq,PISCES=A
5IXH,A,142,exact,
5IZA,A,309,exact,
5IZE,A,129,exact,
5IZT,A,170,exact,
5IZW,A,74,exact,
5J03,A,22,exact,
5J09,A,123,exact,
5J1J,A,250,exact,
5J1N,A,169,exact,
5J1S,A,179,exact,
5J3T,A,65,exact,
5J41,A,207,exact,
5J4F,A,96,exact,
5J4L,A,218,exact,
5J4O,A,142,exact,
5J4U,A,216,exact,
5J5L,A,126,exact,
5J71,A,321,exact,
5J7E,A,101,exact,
5J81,A,388,exact,
5JBL,A,125,exact,
5JBN,A,131,exact,
5JBX,A,256,exact,
5JDA,A,348,exact,
5JDK,A,102,exact,
5JEL,A,154,exact,
5JGF,A,431,exact,
5JGK,A,272,exact,
5JH8,A,276,exact,
5JIC,A,257,exact,
5JIG,A,114,exact,
5JIW,A,166,exact,
5JJX,A,11,exact,
5JKJ,A,368,exact,
5JLB,A,203,exact,
5JO8,A,212,exact,
5JQN,A,248,exact,
5JRY,A,475,exact,
5JS4,A,545,exact,
5JSO,A,188,exact,
5JUG,A,166,exact,
5JXM,A,337,exact,
5K0A,A,216,exact,
5K0P,A,70,exact,
5K2L,A,47,exact,
5K2X,A,406,exact,
5K34,A,111,exact,
5K3Q,A,22,exact,
5K4B,A,345,exact,
5K62,A,347,exact,
5K87,A,385,exact,
5K8C,A,349,exact,
5K8J,A,38,exact,
5KAR,A,408,exact,
5KAY,A,174,exact,
5KC8,A,185,exact,
5KCI,A,38,exact,
5KDS,A,489,exact,
5KDW,A,863,exact,
5KE1,A,78,exact,
5KEC,D,79,same_seq,PISCES=A
5KF9,A,303,exact,
5KHT,A,45,exact,
5KLA,A,277,exact,
5KNK,B,220,exact,
5KO5,A,253,exact,
5KOE,A,388,exact,
5KTC,A,185,exact,
5KTK,A,392,exact,
5KTN,A,298,exact,
5KUC,A,247,exact,
5KUT,A,58,exact,
5KVB,A,144,exact,
5KVC,A,235,exact,
5KVS,A,346,exact,
5KXH,A,307,exact,
5KZA,A,77,exact,
5KZZ,A,98,exact,
5L09,A,125,exact,
5L0V,A,339,exact,
5L16,A,266,exact,
5L20,A,104,exact,
5L37,A,71,exact,
5L44,A,646,exact,
5L4L,A,276,exact,
5L74,A,149,exact,
5L87,A,60,exact,
5LAC,A,199,exact,
5LAL,A,143,exact,
5LBD,A,81,exact,
5LDA,A,10,exact,
5LHM,A,209,exact,
5LJ8,A,176,exact,
5LJM,A,164,exact,
5LJP,A,166,exact,
5LJW,A,172,exact,
5LKB,A,308,exact,
5LND,A,113,exact,
5LP9,A,158,exact,
5LPA,A,231,exact,
5LPI,D,20,same_seq,PISCES=A
5LQ6,A,164,exact,
5LS4,A,204,exact,
5LT5,A,202,exact,
5LTE,A,331,exact,
5LUN,A,329,exact,
5LUS,A,43,exact,
5LW3,A,379,exact,
5LW6,A,200,exact,
5LX8,A,517,exact,
5LXF,A,76,exact,
5LXX,A,465,exact,
5LXZ,B,587,exact,
5LY0,A,39,exact,
5LY3,A,186,exact,
5LY8,A,222,exact,
5LZN,A,37,exact,
5M0W,A,60,exact,
5M0Y,B,130,exact,
5M10,A,527,exact,
5M17,A,347,exact,
5M1M,A,144,exact,
5M1P,A,185,exact,
5M29,A,169,exact,
5M2P,A,104,exact,
5M2Y,A,116,exact,
5M33,A,90,exact,
5M45,A,750,exact,
5M5Z,A,752,exact,
5M72,A,69,exact,
5M7Y,A,409,exact,
5M89,A,306,exact,
5M97,B,63,same_seq,PISCES=A
5MAL,A,232,exact,
5MAO,A,69,exact,
5MBX,A,457,exact,
5MDR,A,161,exact,
5MDU,A,151,exact,
5MEB,A,71,exact,
5MFA,A,565,exact,
5MFO,A,125,exact,
5MJR,A,184,exact,
5MK2,A,300,exact,
5MK9,A,376,exact,
5ML3,B,139,exact,
5MLD,A,216,exact,
5MLP,A,14,exact,
5MLT,A,376,exact,
5MPT,A,259,exact,
5MQI,A,28,exact,
5MQN,A,632,exact,
5MQP,A,288,exact,
5MR1,A,99,exact,
5MTW,C,71,same_seq,PISCES=A
5MU9,A,290,exact,
5MUJ,A,323,exact,
5MUN,A,135,exact,
5MUX,A,451,exact,
5MV0,A,180,exact,
5MWB,A,16,exact,
5MX9,A,322,exact,
5MY5,A,242,exact,
5MY7,A,82,exact,
5MZN,A,191,exact,
5N0O,A,271,exact,
5N22,A,39,exact,
5N2C,A,117,exact,
5N3U,A,173,exact,
5N40,A,327,exact,
5N41,A,40,exact,
5N4A,A,234,exact,
5N5P,A,90,exact,
5N6F,A,351,exact,
5N86,A,129,exact,
5N9B,A,123,exact,
5N9M,A,236,exact,
5NA6,A,386,exact,
5NAK,A,379,exact,
5NB4,A,162,exact,
5NCJ,A,184,exact,
5NF3,A,361,exact,
5NF4,A,14,exact,
5NFM,A,73,exact,
5NGD,A,238,exact,
5NGL,A,334,exact,
5NJ9,A,478,exact,
5NJO,A,119,exact,
5NNY,A,294,exact,
5NO8,A,572,exact,
5NOA,A,352,exact,
5NOH,A,51,exact,
5NOP,A,419,exact,
5NQO,A,119,exact,
5NQV,A,16,exact,
5NR4,A,212,exact,
5NRM,A,139,exact,
5NRR,A,46,exact,
5NSL,A,614,exact,
5NT7,B,127,exact,
5NUL,A,136,exact,
5NV9,A,349,exact,
5NWP,A,192,exact,
5NX8,A,342,exact,
5NXF,A,346,exact,
5NXK,A,187,exact,
5O0J,A,377,exact,
5O0S,A,752,exact,
5O15,A,270,exact,
5O1L,A,340,exact,
5O29,A,570,exact,
5O2D,A,183,exact,
5O2X,A,245,exact,
5O37,A,254,exact,
5O3Z,A,126,exact,
5O45,A,127,exact,
5O58,A,293,exact,
5O63,A,113,exact,
5O6H,A,374,exact,
5O75,A,32,exact,
5O8W,A,402,exact,
5O99,B,57,same_seq,PISCES=A
5O9E,A,146,exact,
5O9M,A,132,exact,
5O9Q,A,401,exact,
5OBY,A,346,exact,
5OD4,A,120,exact,
5OE3,A,390,exact,
5OF0,A,119,exact,
5OHQ,A,108,exact,
5OHY,A,490,exact,
5OIX,A,15,exact,
5OJ5,A,296,exact,
5OK6,A,216,exact,
5OL4,A,97,exact,
5OL9,A,75,exact,
5OLP,A,351,exact,
5OLR,A,423,exact,
5ONK,A,200,exact,
5OPQ,A,613,exact,
5OPZ,A,131,exact,
5OQ3,A,346,exact,
5OUO,A,260,exact,
5OVO,A,293,exact,
5OVY,B,71,same_seq,PISCES=A
5OWO,A,126,exact,
5OWU,A,184,exact,
5OXZ,A,88,exact,
5P9V,A,211,exact,
5Q22,A,313,exact,
5QHH,A,141,exact,
5QI0,A,180,exact,
5QIV,A,218,exact,
5QOQ,A,92,exact,
5R7X,A,268,exact,
5RKZ,A,274,exact,
5RW1,A,797,exact,
5SBF,A,226,exact,
5SBQ,A,148,exact,
5SSX,A,274,exact,
5SUI,A,351,exact,
5SV2,A,126,exact,
5SV5,A,97,exact,
5SWC,A,212,exact,
5SYR,A,161,exact,
5SYT,A,214,exact,
5SZC,A,108,exact,
5T1I,A,45,exact,
5T1P,A,283,exact,
5T39,A,229,exact,
5T3B,A,447,exact,
5T7A,A,91,exact,
5T86,A,55,exact,
5T95,A,244,exact,
5T9Y,A,258,exact,
5TCB,A,183,exact,
5TDA,A,69,exact,
5TDE,A,399,exact,
5TED,B,186,same_seq,PISCES=A
5TEE,A,615,exact,
5TFQ,A,263,exact,
5TGF,A,301,exact,
5THK,A,253,exact,
5TIF,A,180,exact,
5TIP,A,255,exact,
5TJ3,A,510,exact,
5TJZ,A,197,exact,
5TK8,A,62,exact,
5TKW,A,208,exact,
5TKZ,A,67,exact,
5TL4,A,448,exact,
5TLE,A,300,exact,
5TNV,A,304,exact,
5TOQ,A,397,exact,
5TPI,A,186,exact,
5TQI,A,286,exact,
5TRQ,A,237,exact,
5TSQ,A,287,exact,
5TTA,A,115,exact,
5TUI,A,361,exact,
5TV2,A,144,exact,
5TVO,A,207,exact,
5TWA,A,142,exact,
5TWB,A,155,exact,
5TXU,A,36,exact,
5TZ5,A,232,exact,
5TZD,J,70,same_seq,PISCES=A
5TZM,A,88,exact,
5TZP,A,136,exact,
5U2L,A,137,exact,
5U2P,A,186,exact,
5U35,A,69,exact,
5U3A,A,493,exact,
5U4H,A,418,exact,
5U5O,A,274,exact,
5U69,A,356,exact,
5U7A,A,158,exact,
5U7W,A,389,exact,
5U81,A,335,exact,
5UAM,A,422,exact,
5UB3,A,263,exact,
5UBA,A,227,exact,
5UC0,A,143,exact,
5UDI,A,356,exact,
5UE0,A,26,exact,
5UE1,A,231,exact,
5UEB,A,140,exact,
5UEJ,A,373,exact,
5UFN,A,213,exact,
5UFY,A,177,exact,
5UGR,A,320,exact,
5UJC,A,250,exact,
5UKA,A,13,exact,
5UKI,A,218,exact,
5UL3,A,309,exact,
5ULB,A,324,exact,
5UM2,A,305,exact,
5UMH,A,298,exact,
5UMR,A,91,exact,
5UMS,A,106,exact,
5UMU,A,184,exact,
5UMV,A,34,exact,
5UOF,A,380,exact,
5UPB,A,61,exact,
5UPT,A,338,exact,
5UQ6,A,296,exact,
5UQJ,A,115,exact,
5UQZ,A,347,exact,
5USB,A,127,exact,
5UVD,A,216,exact,
5UVG,A,323,exact,
5UVR,A,49,exact,
5UX1,A,199,exact,
5UXM,A,409,exact,
5UZX,A,206,exact,
5V01,A,156,exact,
5V1Y,A,102,exact,
5V2O,A,58,exact,
5V2Q,A,242,exact,
5V3N,A,75,exact,
5V44,A,158,exact,
5V4T,A,199,exact,
5V5H,A,157,exact,
5V6J,A,109,exact,
5V77,A,39,exact,
5V87,A,107,exact,
5V8S,A,333,exact,
5VA8,A,232,exact,
5VBD,A,35,exact,
5VCC,A,64,exact,
5VCZ,A,257,exact,
5VFB,A,722,exact,
5VFZ,A,100,exact,
5VG7,A,343,exact,
5VGL,A,152,exact,
5VHG,A,148,exact,
5VHV,A,338,exact,
5VIA,A,65,exact,
5VIP,A,162,exact,
5VJI,A,36,exact,
5VN4,A,231,exact,
5VNY,A,60,exact,
5VOG,A,97,exact,
5VPU,A,507,exact,
5VQE,A,525,exact,
5VTG,A,87,exact,
5VUG,A,236,exact,
5VX1,A,139,exact,
5VXE,A,193,exact,
5VXV,A,190,exact,
5VYQ,A,232,exact,
5W0G,A,80,exact,
5W0H,A,78,exact,
5W15,A,252,exact,
5W2F,A,167,exact,
5W2I,A,229,exact,
5W2L,A,38,exact,
5W3X,A,78,exact,
5W4A,A,173,exact,
5W53,A,152,exact,
5W5R,A,333,exact,
5W6Y,A,198,exact,
5W7B,A,36,exact,
5W7W,T,103,same_seq,PISCES=A
5W82,C,85,same_seq,PISCES=A
5W83,A,40,exact,
5W8E,A,148,exact,
5W8Q,A,377,exact,
5W95,A,253,exact,
5W98,A,285,exact,
5WAN,A,323,exact,
5WB4,A,174,exact,
5WD6,A,117,exact,
5WEC,A,104,exact,
5WF2,A,67,exact,
5WFB,A,121,exact,
5WFY,A,118,exact,
5WGI,A,355,exact,
5WJP,A,232,exact,
5WK0,A,130,exact,
5WKR,A,175,exact,
5WL1,A,274,exact,
5WLH,A,532,exact,
5WQJ,A,281,exact,
5WS7,A,152,exact,
5WSY,A,70,exact,
5WUC,A,182,exact,
5WWD,A,135,exact,
5WWX,A,82,exact,
5WXU,A,367,exact,
5WZF,A,110,exact,
5WZQ,A,557,exact,
5X14,A,139,exact,
5X2E,A,65,exact,
5X3D,A,50,exact,
5X4B,A,148,exact,
5X4K,A,424,exact,
5X4R,A,331,exact,
5X56,A,81,exact,
5X5M,A,203,exact,
5X5V,A,223,exact,
5X7L,A,120,exact,
5X7N,A,435,exact,
5X89,A,329,exact,
5X9C,A,300,exact,
5X9I,A,331,exact,
5XA5,A,109,exact,
5XAQ,A,113,exact,
5XAV,A,359,exact,
5XB6,A,286,exact,
5XBC,A,115,exact,
5XBF,A,229,exact,
5XBI,A,138,exact,
5XC5,A,165,exact,
5XDC,A,336,exact,
5XDH,A,81,exact,
5XDZ,B,67,exact,
5XEF,A,88,exact,
5XEV,A,397,exact,
5XEY,A,275,exact,
5XG2,A,88,exact,
5XGA,A,69,exact,
5XHB,A,161,exact,
5XJ1,A,385,exact,
5XJ5,A,179,exact,
5XK6,A,208,exact,
5XKA,A,205,exact,
5XKT,A,192,exact,
5XKX,A,370,exact,
5XLJ,A,164,exact,
5XLY,A,228,exact,
5XMZ,A,117,exact,
5XP0,A,40,exact,
5XPV,A,98,exact,
5XSW,A,242,exact,
5XTA,A,42,exact,
5XTU,A,326,exact,
5XV0,A,140,exact,
5XVE,A,327,exact,
5XVJ,A,132,exact,
5XVR,A,289,exact,
5XVT,A,673,exact,
5Y0M,A,323,exact,
5Y1F,A,309,exact,
5Y27,A,74,exact,
5Y4U,A,97,exact,
5Y4Z,A,412,exact,
5Y69,A,107,exact,
5Y6H,A,99,exact,
5Y72,A,261,exact,
5Y9Q,A,142,exact,
5Y9X,A,291,exact,
5Y9Z,A,196,exact,
5YA6,A,161,exact,
5YAD,A,50,exact,
5YBY,A,235,exact,
5YCE,A,149,exact,
5YDD,A,118,exact,
5YDE,A,109,exact,
5YDN,A,69,exact,
5YDV,A,181,exact,
5YF4,A,84,exact,
5YFC,A,688,exact,
5YH4,A,177,exact,
5YHH,A,51,exact,
5YHR,A,84,exact,
5YHU,A,90,exact,
5YI6,A,228,exact,
5YJ6,A,614,exact,
5YJW,A,411,exact,
5YKR,A,448,exact,
5YKU,A,118,exact,
5YKZ,A,110,exact,
5YLB,A,90,exact,
5YLW,A,461,exact,
5YNX,A,86,exact,
5YO8,A,276,exact,
5YQ0,A,274,exact,
5YQJ,A,160,exact,
5YRQ,A,111,exact,
5YRV,A,542,exact,
5YS3,A,157,exact,
5YSI,A,120,exact,
5YSQ,A,272,exact,
5YVK,A,196,exact,
5YVN,A,229,exact,
5YXG,A,274,exact,
5YZP,A,162,exact,
5Z0D,A,270,exact,
5Z0U,A,624,exact,
5Z1A,A,620,exact,
5Z1N,A,155,exact,
5Z2H,A,28,exact,
5Z3E,A,358,exact,
5Z3K,A,439,exact,
5Z4A,A,292,exact,
5Z4G,A,129,exact,
5Z51,A,150,exact,
5Z5M,A,251,exact,
5Z6D,A,160,exact,
5Z73,A,88,exact,
5Z8O,A,109,exact,
5Z99,A,482,exact,
5ZB0,A,183,exact,
5ZBF,A,178,exact,
5ZBY,A,96,exact,
5ZDM,A,196,exact,
5ZE8,A,369,exact,
5ZFG,A,198,exact,
5ZFK,A,302,exact,
5ZHO,A,153,exact,
5ZHZ,A,250,exact,
5ZI2,A,262,exact,
5ZIQ,A,147,exact,
5ZKE,B,137,same_seq,PISCES=A
5ZKK,A,134,exact,
5ZKM,A,65,exact,
5ZM0,A,481,exact,
5ZMO,A,114,exact,
5ZNM,A,264,exact,
5ZNT,A,263,exact,
5ZRT,A,46,exact,
5ZRY,A,146,exact,
5ZT3,A,112,exact,
5ZW7,A,373,exact,
5ZWR,B,381,same_seq,PISCES=A
5ZWU,A,228,exact,
5ZX9,A,117,exact,
5ZYF,A,72,exact,
5ZYU,A,194,exact,
5ZZA,P,102,exact,
6A02,A,163,exact,
6A0E,A,241,exact,
6A15,A,402,exact,
6A1I,A,407,exact,
6A27,A,198,exact,
6A2W,A,55,exact,
6A48,A,290,exact,
6A56,A,158,exact,
6A5D,A,91,exact,
6A5H,A,149,exact,
6A71,A,70,exact,
6A8M,A,404,exact,
6A9S,A,318,exact,
6A9W,A,120,exact,
6AC0,A,110,exact,
6AD3,A,391,exact,
6AE9,A,224,exact,
6AIK,A,121,exact,
6AJP,A,198,exact,
6AKZ,A,375,exact,
6AM3,X,133,same_seq,PISCES=A
6AMG,A,131,exact,
6ANZ,A,105,exact,
6AO1,A,253,exact,
6AO3,A,170,exact,
6AO8,A,367,exact,
6AO9,A,165,exact,
6AON,A,404,exact,
6AS3,A,71,exact,
6ASK,A,262,exact,
6AT4,A,528,exact,
6AU8,A,213,exact,
6AVX,A,202,exact,
6B05,A,424,exact,
6B12,A,41,exact,
6B29,A,55,exact,
6B2V,A,248,exact,
6B2Y,A,200,exact,
6B5K,A,239,exact,
6B6U,A,473,exact,
6B7P,A,280,exact,
6B8F,A,170,exact,
6B9H,A,149,exact,
6B9X,A,31,exact,
6BA9,A,247,exact,
6BBW,A,240,exact,
6BCD,A,165,exact,
6BD0,A,298,exact,
6BDE,A,16,exact,
6BEV,A,109,exact,
6BJU,A,106,exact,
6BK4,A,54,exact,
6BL5,A,58,exact,
6BM5,A,290,exact,
6BSC,A,55,exact,
6BSQ,A,374,exact,
6BSU,A,250,exact,
6BUM,A,341,exact,
6BWG,A,188,exact,
6BWR,A,93,exact,
6BXO,A,105,exact,
6BXR,A,271,exact,
6BZN,A,483,exact,
6C0Y,A,103,exact,
6C1X,A,125,exact,
6C29,A,201,exact,
6C30,A,212,exact,
6C3C,A,348,exact,
6C3M,A,432,exact,
6C4Q,A,74,exact,
6C74,A,109,exact,
6C8C,A,117,exact,
6C8R,A,190,exact,
6CB0,A,47,exact,
6CB2,A,84,exact,
6CB7,A,117,exact,
6CBR,A,138,exact,
6CBU,A,94,exact,
6CC2,A,336,exact,
6CGK,A,51,exact,
6CH1,A,135,exact,
6CHX,A,208,exact,
6CKA,A,62,exact,
6CMK,B,284,same_seq,PISCES=A
6CNG,A,272,exact,
6CNW,A,114,exact,
6COJ,A,270,exact,
6COK,A,233,exact,
6CPB,A,133,exact,
6CPD,A,27,exact,
6CPY,A,86,exact,
6CTZ,A,268,exact,
6CUJ,A,119,exact,
6CUM,A,44,exact,
6CUN,A,95,exact,
6CVZ,A,169,exact,
6CWM,A,164,exact,
6CXB,A,110,exact,
6D0A,A,375,exact,
6D0G,A,163,exact,
6D0H,A,158,exact,
6D0T,A,106,exact,
6D2C,A,190,exact,
6D2S,A,208,exact,
6D3V,A,122,exact,
6D4K,A,134,exact,
6D57,A,115,exact,
6D7Y,A,43,exact,
6D92,A,211,exact,
6D9N,A,138,exact,
6D9T,A,319,exact,
6DCJ,A,200,exact,
6DCM,A,83,exact,
6DET,A,22,exact,
6DEW,A,26,exact,
6DFP,A,233,exact,
6DG4,A,251,exact,
6DGM,A,359,exact,
6DHX,A,97,exact,
6DJT,A,226,exact,
6DKQ,A,107,exact,
6DNM,A,185,exact,
6DNV,A,121,exact,
6DOP,A,121,exact,
6DQH,A,248,exact,
6DQO,A,155,exact,
6DQX,A,427,exact,
6DS9,A,76,exact,
6DT3,A,129,exact,
6DTD,A,209,exact,
6DTV,A,180,exact,
6DVU,A,36,exact,
6DWD,D,396,same_seq,PISCES=A
6DXS,A,290,exact,
6DXY,A,44,exact,
6DYF,A,104,exact,
6E0O,A,269,exact,
6E1F,A,87,exact,
6E1X,A,167,exact,
6E1Z,A,305,exact,
6E28,C,64,exact,
6E4D,A,490,exact,
6E4V,A,216,exact,
6E55,A,78,exact,
6E5F,A,118,exact,
6E5Y,A,364,exact,
6E60,A,536,exact,
6E6O,A,38,exact,
6E6U,A,219,exact,
6E7E,A,167,exact,
6E85,A,325,exact,
6E8M,A,118,exact,
6ECT,A,213,exact,
6EDI,A,141,exact,
6EDV,A,173,exact,
6EER,A,664,exact,
6EF6,A,229,exact,
6EF7,A,122,exact,
6EFN,A,334,exact,
6EFW,A,252,exact,
6EHB,A,285,exact,
6EHD,A,139,exact,
6EHI,A,156,exact,
6EI1,A,189,exact,
6EIO,A,220,exact,
6EK7,A,73,exact,
6EKK,A,185,exact,
6EKT,A,174,exact,
6EKZ,A,323,exact,
6EL2,A,21,exact,
6ELM,A,94,exact,
6ELV,A,132,exact,
6ENN,A,102,exact,
6ENO,A,304,exact,
6EPZ,A,492,exact,
6EQS,A,267,exact,
6ER1,A,119,exact,
6ER4,A,192,exact,
6ES9,A,535,exact,
6ET0,A,303,exact,
6ETC,X,171,exact,
6ETL,A,122,exact,
6EU4,A,498,exact,
6EUG,A,343,exact,
6EVU,A,60,exact,
6EWH,A,80,exact,
6EWL,A,120,exact,
6EWM,A,181,exact,
6EXA,A,123,exact,
6EXX,A,77,exact,
6EZA,A,197,exact,
6F2M,A,107,exact,
6F43,A,239,exact,
6F45,D,203,exact,
6F4J,A,155,exact,
6F5X,A,12,exact,
6F72,A,348,exact,
6F7D,A,488,exact,
6F8A,A,370,exact,
6F8P,A,178,exact,
6F9O,A,307,exact,
6FDG,A,150,exact,
6FFA,A,149,exact,
6FG8,A,178,exact,
6FHN,A,236,exact,
6FIH,A,361,exact,
6FIY,A,297,exact,
6FJL,A,123,exact,
6FJN,A,165,exact,
6FJV,A,144,exact,
6FLF,A,251,exact,
6FM5,A,151,exact,
6FM7,A,354,exact,
6FM8,A,31,exact,
6FMC,A,156,exact,
6FMX,A,100,exact,
6FOA,A,343,exact,
6FOP,A,714,exact,
6FP5,A,75,exact,
6FPG,C,89,same_seq,"PISCES=B,D"
6FPQ,A,163,exact,
6FSN,A,259,exact,
6FTF,B,282,exact,
6FTH,A,491,exact,
6FTO,A,56,exact,
6FU9,A,70,exact,
6FUC,A,261,exact,
6FUL,A,298,exact,
6FVI,A,131,exact,
6FXD,A,96,exact,
6FXQ,A,82,exact,
6FY5,A,127,exact,
6FYJ,A,400,exact,
6FZ6,A,322,exact,
6G1I,A,205,exact,
6G44,A,499,exact,
6G49,A,240,exact,
6G4J,A,206,exact,
6G6K,A,58,exact,
6G7N,A,316,exact,
6G85,A,285,exact,
6GAJ,A,129,exact,
6GBI,A,94,exact,
6GCF,A,136,exact,
6GCV,A,117,exact,
6GD6,A,106,exact,
6GDJ,A,65,exact,
6GEH,A,254,exact,
6GEU,A,189,exact,
6GG1,A,120,exact,
6GH3,A,136,exact,
6GHT,A,261,exact,
6GI4,B,188,exact,
6GIT,A,482,exact,
6GKX,A,84,exact,
6GME,A,79,exact,
6GMO,A,428,exact,
6GN5,A,154,exact,
6GNA,A,195,exact,
6GP3,A,301,exact,
6GPA,A,312,exact,
6GPK,A,334,exact,
6GQ3,A,387,exact,
6GQD,A,307,exact,
6GQZ,A,164,exact,
6GRF,A,14,exact,
6GSZ,A,841,exact,
6GU1,A,29,exact,
6GUG,A,256,exact,
6GUT,A,170,exact,
6GV5,A,80,exact,
6GV8,A,153,exact,
6GVD,A,520,exact,
6GX2,A,295,exact,
6GXR,A,358,exact,
6GXS,A,360,exact,
6GZ0,A,159,exact,
6GZ8,A,131,exact,
6GZU,A,146,exact,
6H0C,A,188,exact,
6H10,A,319,exact,
6H17,A,188,exact,
6H1Q,A,157,exact,
6H20,A,260,exact,
6H24,A,100,exact,
6H40,A,215,exact,
6H4E,A,293,exact,
6H4L,A,63,exact,
6H59,A,192,exact,
6H5W,A,537,exact,
6H6O,A,101,exact,
6H8F,A,43,exact,
6H8G,A,77,exact,
6H8O,A,93,exact,
6H96,A,133,exact,
6H9H,B,58,same_seq,PISCES=A
6HAV,A,340,exact,
6HBB,A,86,exact,
6HBV,A,398,exact,
6HCD,A,115,exact,
6HCP,A,375,exact,
6HCW,A,485,exact,
6HEI,A,277,exact,
6HEM,A,236,exact,
6HER,A,90,exact,
6HFM,A,140,exact,
6HFO,A,48,exact,
6HFZ,A,290,exact,
6HHM,A,441,exact,
6HK9,A,39,exact,
6HN1,A,456,exact,
6HNI,A,285,exact,
6HOA,A,173,exact,
6HPH,A,411,exact,
6HQZ,A,45,exact,
6HS5,A,216,exact,
6HSA,A,143,exact,
6HSJ,A,380,exact,
6HTO,A,369,exact,
6HUR,A,426,exact,
6HWJ,A,125,exact,
6HX0,A,135,exact,
6HXM,A,261,exact,
6HXP,A,172,exact,
6HZG,A,630,exact,
6HZR,A,495,exact,
6I05,A,74,exact,
6I18,A,423,exact,
6I31,A,35,exact,
6I3H,A,38,exact,
6I50,A,150,exact,
6I5O,A,110,exact,
6I5R,A,426,exact,
6I5S,A,141,exact,
6I6M,A,339,exact,
6I86,A,110,exact,
6I9A,A,451,exact,
6IAB,A,381,exact,
6IAH,A,155,exact,
6IBE,A,230,exact,
6IBH,A,49,exact,
6ICN,A,283,exact,
6ID6,A,300,exact,
6IE3,A,181,exact,
6IF6,A,90,exact,
6IFF,A,423,exact,
6IGG,A,168,exact,
6IH0,A,265,exact,
6IIP,A,86,exact,
6IIX,A,256,exact,
6IIY,A,231,exact,
6IJ2,A,76,exact,
6IJE,B,84,same_seq,PISCES=A
6IL9,A,411,exact,
6ILU,A,126,exact,
6IMV,A,492,exact,
6IN7,A,76,exact,
6IN9,A,226,exact,
6IPB,A,159,exact,
6IQC,A,92,exact,
6IQE,A,52,exact,
6IQT,A,63,exact,
6IS0,A,178,exact,
6IS8,A,161,exact,
6ISA,A,159,exact,
6IST,A,59,exact,
6IUH,A,64,exact,
6IUX,A,352,exact,
6IV9,A,318,exact,
6IWV,A,32,exact,
6IX1,A,223,exact,
6IX2,A,378,exact,
6IX8,A,376,exact,
6IYY,A,294,exact,
6J0P,A,411,exact,
6J0Y,A,210,exact,
6J19,A,171,exact,
6J27,A,269,exact,
6J33,A,922,exact,
6J4P,A,244,exact,
6J56,A,99,exact,
6J6P,A,172,exact,
6J93,A,183,exact,
6J98,A,58,exact,
6J9L,A,69,exact,
6JAL,A,408,exact,
6JCH,A,226,exact,
6JCN,A,10,exact,
6JIE,B,74,same_seq,PISCES=A
6JIM,A,21,exact,
6JIW,A,237,exact,
6JJT,A,128,exact,
6JK4,A,124,exact,
6JKK,A,218,exact,
6JLC,A,98,exact,
6JM5,A,121,exact,
6JMK,A,124,exact,
6JNJ,A,304,exact,
6JNY,A,132,exact,
6JPT,A,119,exact,
6JQ8,A,210,exact,
6JQ9,A,447,exact,
6JQB,A,411,exact,
6JQW,A,350,exact,
6JSA,A,163,exact,
6JTB,A,620,exact,
6JU1,A,370,exact,
6JU8,A,426,exact,
6JUF,B,326,same_seq,PISCES=A
6JV0,A,271,exact,
6JV7,A,70,exact,
6JWF,A,403,exact,
6JWJ,A,297,exact,
6JWM,A,201,exact,
6JX3,B,78,exact,
6JY1,A,305,exact,
6JZ2,A,570,exact,
6K10,A,420,exact,
6K17,A,192,exact,
6K2F,A,136,exact,
6K2H,A,83,exact,
6K39,A,147,exact,
6K4F,U,15,exact,
6K5S,A,202,exact,
6K6L,A,175,exact,
6K7C,A,74,exact,
6K8C,A,80,exact,
6K93,A,233,exact,
6KBX,B,219,exact,
6KET,A,295,exact,
6KFN,A,296,exact,
6KFS,A,246,exact,
6KIS,A,155,exact,
6KJK,A,122,exact,
6KJU,A,66,exact,
6KLZ,A,255,exact,
6KM7,A,250,exact,
6KME,A,163,exact,
6KO8,A,89,exact,
6KP5,A,135,exact,
6KPL,A,267,exact,
6KQS,A,553,exact,
6KRI,A,572,exact,
6KSR,A,420,exact,
6KSY,A,260,exact,
6KTY,A,40,exact,
6KWZ,A,96,exact,
6KXT,A,133,exact,
6KY9,A,141,exact,
6KZJ,A,61,exact,
6L0O,A,68,exact,
6L0R,A,306,exact,
6L1M,A,198,exact,
6L1P,B,67,same_seq,PISCES=A
6L27,A,222,exact,
6L4V,A,376,exact,
6L5H,A,78,exact,
6L5T,A,202,exact,
6L6G,A,144,exact,
6L77,A,143,exact,
6L7Q,A,142,exact,
6L7R,A,44,exact,
6L8A,A,377,exact,
6L8S,A,400,exact,
6L8X,A,296,exact,
6LAC,A,163,exact,
6LBU,A,107,exact,
6LCE,A,382,exact,
6LD1,A,424,exact,
6LDL,A,416,exact,
6LDQ,D,175,same_seq,PISCES=A
6LFS,A,137,exact,
6LG2,A,179,exact,
6LGV,A,294,exact,
6LH8,A,106,exact,
6LIY,A,115,exact,
6LJL,A,730,exact,
6LK1,A,92,exact,
6LKK,A,257,exact,
6LL8,A,304,exact,
6LN3,A,179,exact,
6LNL,A,80,exact,
6LQN,A,222,exact,
6LR3,A,114,exact,
6LRD,A,55,exact,
6LU2,A,354,exact,
6LUI,A,21,exact,
6LUJ,A,64,exact,
6LV0,A,276,exact,
6LXA,A,264,exact,
6LXS,A,311,exact,
6M0E,A,469,exact,
6M3G,A,244,exact,
6M5A,A,642,exact,
6M64,A,182,exact,
6M6S,A,149,exact,
6M76,A,787,exact,
6M8N,A,357,exact,
6MAB,A,162,exact,
6MD5,A,207,exact,
6MDW,A,172,exact,
6MIC,A,140,exact,
6MM2,A,97,exact,
6MNI,A,204,exact,
6MOS,A,66,exact,
6MPR,A,539,exact,
6MQ7,A,194,exact,
6MRR,A,66,exact,
6MRS,A,75,exact,
6MT7,A,219,exact,
6MTG,A,241,exact,
6MU0,A,147,exact,
6MUQ,A,94,exact,
6MX3,A,150,exact,
6MYD,A,153,exact,
6N0B,C,83,same_seq,PISCES=A
6N0D,A,414,exact,
6N0X,A,297,exact,
6N1B,A,383,exact,
6N2C,A,365,exact,
6N2N,A,482,exact,
6N4L,A,281,exact,
6N6J,A,181,exact,
6N7O,B,33,same_seq,PISCES=A
6N8R,A,374,exact,
6N9H,A,69,exact,
6N9M,A,317,exact,
6NAU,A,332,exact,
6NB0,A,61,exact,
6NBO,A,257,exact,
6NC9,A,447,exact,
6ND7,A,306,exact,
6NDS,A,250,exact,
6NDT,B,154,exact,
6NFE,A,238,exact,
6NFF,A,273,exact,
6NHX,A,254,exact,
6NIB,A,335,exact,
6NJ0,A,319,exact,
6NJY,A,35,exact,
6NKH,A,155,exact,
6NL2,A,538,exact,
6NLP,A,309,exact,
6NLQ,A,103,exact,
6NNR,A,261,exact,
6NNW,A,174,exact,
6NOP,B,92,same_seq,PISCES=A
6NP3,A,254,exact,
6NPA,A,152,exact,
6NQC,A,227,exact,
6NQW,A,147,exact,
6NSI,A,73,exact,
6NU9,A,159,exact,
6NWX,A,26,exact,
6NX3,A,81,exact,
6NY9,B,208,exact,
6NZ4,A,355,exact,
6NZS,A,578,exact,
6O15,A,329,exact,
6O19,A,52,exact,
6O2V,A,133,exact,
6O3X,A,137,exact,
6O5I,A,453,exact,
6O5W,A,55,exact,
6O6J,A,470,exact,
6OE6,A,29,exact,
6OFQ,A,508,exact,
6OFU,A,233,exact,
6OGH,A,112,exact,
6OH9,A,407,exact,
6OJ7,A,31,exact,
6OJF,A,52,exact,
6OJL,A,527,exact,
6OJM,A,243,exact,
6OK1,A,322,exact,
6OM4,A,341,exact,
6OMP,A,345,exact,
6ONB,A,76,exact,
6OR9,A,263,exact,
6ORI,A,377,exact,
6OS6,A,360,exact,
6OSH,L,111,exact,
6OSX,A,149,exact,
6OUX,A,320,exact,
6OV6,A,142,exact,
6OVI,A,98,exact,
6P0F,A,131,exact,
6P0Q,A,91,exact,
6P1E,A,101,exact,
6P29,A,122,exact,
6P2L,A,683,exact,
6P5H,A,96,exact,
6P61,A,160,exact,
6P78,A,156,exact,
6P7L,A,126,exact,
6P7Z,A,421,exact,
6P80,A,134,exact,
6P8J,C,296,same_seq,PISCES=A
6P8P,A,123,exact,
6PBM,A,413,exact,
6PCZ,A,332,exact,
6PDK,A,64,exact,
6PEU,A,115,exact,
6PFQ,C,92,same_seq,PISCES=A
6PFX,A,370,exact,
6PI6,A,274,exact,
6PIR,A,55,exact,
6PLJ,A,214,exact,
6PNV,A,405,exact,
6PNY,A,106,exact,
6PR1,A,187,exact,
6PT8,A,348,exact,
6PTM,A,676,exact,
6PUQ,A,133,exact,
6PVJ,A,402,exact,
6PWG,A,141,exact,
6PX4,R,62,same_seq,"PISCES=A,B"
6PXZ,A,17,exact,
6PY3,A,176,exact,
6PZD,A,387,exact,
6PZL,A,223,exact,
6Q00,A,74,exact,
6Q0M,A,91,exact,
6Q10,A,122,exact,
6Q1H,A,235,exact,
6Q1M,A,117,exact,
6Q32,A,348,exact,
6Q3V,A,23,exact,
6Q43,A,37,exact,
6Q4Z,A,278,exact,
6Q5A,A,360,exact,
6Q62,A,256,exact,
6Q7D,A,248,exact,
6Q9L,A,92,exact,
6QAI,A,112,exact,
6QAZ,A,126,exact,
6QDI,A,290,exact,
6QE0,A,206,exact,
6QEC,A,63,exact,
6QIX,A,232,exact,
6QJ6,A,191,exact,
6QJA,A,78,exact,
6QO0,A,201,exact,
6QOK,A,175,exact,
6QP1,A,362,exact,
6QP7,A,307,exact,
6QPK,A,73,exact,
6QPS,A,445,exact,
6QQ4,A,23,exact,
6QSP,A,322,exact,
6QSR,A,88,exact,
6QTA,A,143,exact,
6QTS,A,279,exact,
6QUB,A,839,exact,
6QV7,A,20,exact,
6QVP,A,79,exact,
6QW0,A,119,exact,
6QWO,A,177,exact,
6QXR,A,216,exact,
6QXU,A,207,exact,
6QYY,A,50,exact,
6R1D,A,104,exact,
6R2M,A,307,exact,
6R33,A,496,exact,
6R3M,A,171,exact,
6R3R,A,443,exact,
6R3Z,A,229,exact,
6R45,A,183,exact,
6R4Z,A,196,exact,
6R5J,A,65,exact,
6R5W,A,29,exact,
6R6M,A,47,exact,
6R7V,A,293,exact,
6RB4,A,304,exact,
6RCC,X,81,exact,
6RG2,B,341,same_seq,PISCES=A
6RI6,A,496,exact,
6RIM,A,347,exact,
6RIV,B,202,same_seq,PISCES=A
6RJI,A,156,exact,
6RK0,A,212,exact,
6RM9,A,15,exact,
6RNI,A,94,exact,
6RNK,A,83,exact,
6RNV,A,257,exact,
6RO6,A,41,exact,
6RPX,A,165,exact,
6RRA,A,246,exact,
6RRV,A,125,exact,
6RS4,A,290,exact,
6RSN,A,38,exact,
6RTG,A,41,exact,
6RTW,A,66,exact,
6RVQ,A,290,exact,
6RVU,A,208,exact,
6RW0,A,329,exact,
6RWT,A,159,exact,
6RXA,A,462,exact,
6RY0,A,408,exact,
6RYG,A,108,exact,
6RYK,A,32,exact,
6RYZ,A,236,exact,
6RZ0,A,249,exact,
6S00,A,452,exact,
6S0P,A,172,exact,
6S1H,A,321,exact,
6S2M,A,125,exact,
6S2R,A,196,exact,
6S33,A,78,exact,
6S3A,A,205,exact,
6S4C,A,157,exact,
6S5W,A,104,exact,
6S95,A,100,exact,
6SA5,A,105,exact,
6SA9,A,107,exact,
6SAO,A,436,exact,
6SBA,A,167,exact,
6SBF,A,327,exact,
6SCQ,A,68,exact,
6SD8,X,201,same_seq,PISCES=A
6SE1,A,259,exact,
6SE7,A,14,exact,
6SGF,A,123,exact,
6SHU,A,310,exact,
6SI6,A,12,exact,
6SID,A,81,exact,
6SJ3,A,485,exact,
6SJ8,A,298,exact,
6SJH,A,157,exact,
6SJQ,A,107,exact,
6SLD,A,305,exact,
6SLF,A,392,exact,
6SLL,A,162,exact,
6SM4,A,19,exact,
6SNR,A,345,exact,
6SPO,A,542,exact,
6SRE,A,397,exact,
6SRH,A,265,exact,
6SSD,A,421,exact,
6SSH,A,185,exact,
6ST4,A,64,exact,
6STL,A,296,exact,
6SU3,X,215,same_seq,PISCES=A
6SU5,A,152,exact,
6SUB,A,195,exact,
6SUK,A,249,exact,
6SUN,A,272,exact,
6SW2,A,272,exact,
6SWI,A,119,exact,
6SWK,A,33,exact,
6SX0,A,21,exact,
6SYG,A,133,exact,
6SYI,A,122,exact,
6SYV,A,391,exact,
6T02,A,144,exact,
6T0Y,A,262,exact,
6T2T,A,227,exact,
6T3X,A,100,exact,
6T3Z,A,57,exact,
6T5A,A,30,exact,
6T6E,A,49,exact,
6T6H,A,251,exact,
6T84,A,154,exact,
6T85,A,457,exact,
6T9Q,A,60,exact,
6TAB,A,180,exact,
6TB5,A,105,exact,
6TBI,A,449,exact,
6TBZ,A,14,exact,
6TCB,A,92,exact,
6TCC,A,126,exact,
6TD9,A,187,exact,
6TE6,A,45,exact,
6TEK,A,207,exact,
6TEQ,A,416,exact,
6TFR,A,359,exact,
6TFX,A,478,exact,
6TG6,A,114,exact,
6TGJ,A,60,exact,
6TGK,C,94,exact,
6TGS,A,59,exact,
6TGU,A,325,exact,
6THO,A,218,exact,
6TJ2,A,241,exact,
6TJ4,A,25,exact,
6TJR,A,325,exact,
6TL7,A,132,exact,
6TLY,A,74,exact,
6TM3,A,287,exact,
6TO1,A,467,exact,
6TQD,A,202,exact,
6TQP,A,18,exact,
6TQT,A,125,exact,
6TR4,A,504,exact,
6TRJ,A,83,exact,
6TRK,A,103,exact,
6TS3,A,71,exact,
6TT2,A,139,exact,
6TTN,A,289,exact,
6TV1,A,89,exact,
6TV2,A,370,exact,
6TVE,P,522,exact,
6TVP,A,19,exact,
6TWT,A,220,exact,
6TYJ,A,108,exact,
6TYK,A,183,exact,
6TYU,A,145,exact,
6TYY,A,139,exact,
6TZK,A,371,exact,
6TZN,A,95,exact,
6TZX,A,198,exact,
6U1R,A,330,exact,
6U1V,A,369,exact,
6U4Z,A,456,exact,
6U66,A,134,exact,
6U8Z,A,125,exact,
6UAQ,A,237,exact,
6UB7,A,81,exact,
6UBD,A,255,exact,
6UBL,A,147,exact,
6UBO,A,157,exact,
6UF3,A,149,exact,
6UFE,A,87,exact,
6UID,A,111,exact,
6UIO,A,27,exact,
6UKF,X,247,exact,
6ULL,A,224,exact,
6ULO,A,307,exact,
6UN8,A,244,exact,
6UOF,A,102,exact,
6UQ8,A,528,exact,
6UQV,A,275,exact,
6USC,A,266,exact,
6UT9,A,159,exact,
6UTC,A,78,exact,
6UX9,A,14,exact,
6UXC,A,72,exact,
6UXU,A,295,exact,
6V04,A,148,exact,
6V0M,A,32,exact,
6V1C,A,41,exact,
6V4B,A,97,exact,
6V4M,A,160,exact,
6V4V,A,56,exact,
6V5A,A,60,exact,
6V67,A,40,exact,
6V7G,A,274,exact,
6V98,A,130,exact,
6VAN,A,133,exact,
6VC5,A,314,exact,
6VG5,A,75,exact,
6VH6,A,128,exact,
6VIK,B,142,exact,
6VJR,A,496,exact,
6VK6,A,513,exact,
6VRD,A,140,exact,
6VTB,A,332,exact,
6VTY,A,344,exact,
6VVE,A,200,exact,
6VVN,B,121,same_seq,PISCES=A
6VWO,A,52,exact,
6VYD,A,265,exact,
6VZ0,A,43,exact,
6VZD,A,77,exact,
6VZY,A,439,exact,
6W0V,A,118,exact,
6W1G,A,370,exact,
6W1I,A,159,exact,
6W2G,A,47,exact,
6W3D,A,83,exact,
6W3W,A,94,exact,
6W4Q,A,571,exact,
6W54,A,186,exact,
6W6B,A,198,exact,
6W92,A,155,exact,
6W9O,A,139,exact,
6WAO,A,333,exact,
6WES,A,151,exact,
6WFN,A,149,exact,
6WGM,A,294,exact,
6WI6,A,56,exact,
6WIS,A,34,exact,
6WJO,A,75,exact,
6WL5,A,133,exact,
6WM6,A,501,exact,
6WMD,A,159,exact,
6WMM,A,168,exact,
6WN5,A,117,exact,
6WN9,A,152,exact,
6WQY,A,377,exact,
6WT8,A,314,exact,
6WYN,A,235,exact,
6X1G,A,20,exact,
6X1J,A,65,exact,
6X1X,A,91,exact,
6X3B,A,223,exact,
6X6B,A,154,exact,
6X6F,A,82,exact,
6X6X,A,343,exact,
6X6Z,A,417,exact,
6X7H,A,98,exact,
6X7J,A,180,exact,
6X7N,A,241,exact,
6X7Q,A,204,exact,
6X84,A,371,exact,
6X94,A,385,exact,
6XAW,A,67,exact,
6XB4,A,143,exact,
6XB6,A,237,exact,
6XCQ,A,348,exact,
6XFI,A,147,exact,
6XFJ,A,74,exact,
6XHH,A,169,exact,
6XIG,A,366,exact,
6XIP,A,40,exact,
6XJL,A,188,exact,
6XKG,B,243,same_seq,PISCES=A
6XL1,A,158,exact,
6XL7,A,117,exact,
6XNU,A,66,exact,
6XOK,A,257,exact,
6XP8,A,215,exact,
6XPP,A,412,exact,
6XRB,A,18,exact,
6XRW,A,89,exact,
6XTD,A,130,exact,
6XVM,A,55,exact,
6XWU,A,38,exact,
6XYA,B,110,exact,
6XYB,A,81,exact,
6XYC,A,206,exact,
6XYZ,A,286,exact,
6Y1Y,A,117,exact,
6Y4E,A,131,exact,
6Y4J,A,409,exact,
6Y56,A,290,exact,
6Y5U,A,159,exact,
6Y6G,A,219,exact,
6Y8S,A,217,exact,
6YB5,A,218,exact,
6YDR,A,127,exact,
6YFI,A,134,exact,
6YHM,A,284,exact,
6YIG,A,94,exact,
6YII,A,368,exact,
6YIP,A,66,exact,
6YK4,A,261,exact,
6YKF,A,268,exact,
6YOO,A,116,exact,
6YP6,A,216,exact,
6YSB,B,275,same_seq,PISCES=A
6YSP,A,294,exact,
6YU8,A,135,exact,
6YUD,A,57,exact,
6YV5,A,195,exact,
6YWN,A,303,exact,
6YYL,A,68,exact,
6YZG,A,244,exact,
6Z01,A,186,exact,
6Z1K,A,127,exact,
6Z1V,A,63,exact,
6Z2L,A,42,exact,
6Z2T,A,50,exact,
6Z4W,A,228,exact,
6Z5Y,A,175,exact,
6Z6E,A,93,exact,
6Z7A,A,210,exact,
6Z8H,A,151,exact,
6Z96,A,142,exact,
6Z9K,A,188,exact,
6ZA0,A,214,exact,
6ZC2,A,130,exact,
6ZEA,A,121,exact,
6ZEG,A,307,exact,
6ZGN,A,62,exact,
6ZGQ,A,151,exact,
6ZJS,A,622,exact,
6ZM8,A,201,exact,
6ZMP,A,152,exact,
6ZNV,A,108,exact,
6ZP9,A,183,exact,
6ZPA,A,171,exact,
6ZPJ,A,64,exact,
6ZPK,A,152,exact,
6ZPP,A,108,exact,
6ZRW,A,124,exact,
6ZSU,A,268,exact,
6ZSY,A,46,exact,
6ZT4,A,148,exact,
6ZTI,A,420,exact,
6ZTK,B,108,same_seq,PISCES=A
6ZTU,A,136,exact,
6ZUS,A,118,exact,
6ZVO,A,113,exact,
6ZZB,A,185,exact,
6ZZJ,A,213,exact,
7A03,A,453,exact,
7A0Q,A,318,exact,
7A3H,A,298,exact,
7A56,A,153,exact,
7A5M,A,110,exact,
7A6G,A,298,exact,
7A73,A,303,exact,
7A76,A,155,exact,
7A9J,A,62,exact,
7AAH,A,123,exact,
7AAL,A,183,exact,
7ACO,A,128,exact,
7ACW,A,44,exact,
7ADR,A,471,exact,
7AE6,A,47,exact,
7AED,A,37,exact,
7AEX,A,78,exact,
7AFW,A,156,exact,
7AIL,A,53,exact,
7AKC,A,83,exact,
7AL1,A,83,exact,
7ALC,A,169,exact,
7ALJ,A,73,exact,
7ALZ,A,158,exact,
7AN7,A,263,exact,
7ANI,A,159,exact,
7AO3,A,263,exact,
7AOO,A,125,exact,
7AOT,A,125,exact,
7AOV,A,44,exact,
7AQ9,A,495,exact,
7AQZ,A,320,exact,
7ARW,A,285,exact,
7ASV,B,136,same_seq,PISCES=A
7AT0,A,293,exact,
7ATR,A,560,exact,
7AUC,A,312,exact,
7AVK,A,81,exact,
7AVP,A,215,exact,
7AWK,A,16,exact,
7B0E,A,266,exact,
7B0P,A,179,exact,
7B29,A,126,exact,
7B2I,A,189,exact,
7B2S,A,170,exact,
7B3A,A,249,exact,
7B5W,A,90,exact,
7B62,A,235,exact,
7BB8,A,308,exact,
7BBL,A,71,exact,
7BBV,A,275,exact,
7BBX,A,350,exact,
7BC1,A,285,exact,
7BEE,A,10,exact,
7BGG,A,212,exact,
7BIP,A,283,exact,
7BIU,A,290,exact,
7BIZ,A,359,exact,
7BJ9,B,227,same_seq,PISCES=A
7BJT,A,712,exact,
7BK8,A,27,exact,
7BLK,A,140,exact,
7BLL,A,525,exact,
7BMY,A,113,exact,
7BNB,A,332,exact,
7BNH,A,94,exact,
7BQI,A,172,exact,
7BQP,A,438,exact,
7BR1,A,162,exact,
7BSX,A,202,exact,
7BUG,A,322,exact,
7BVD,A,391,exact,
7BX0,A,214,exact,
7BX9,A,166,exact,
7BXD,A,216,exact,
7BY1,A,197,exact,
7BYW,A,18,exact,
7BZK,A,107,exact,
7C0D,A,299,exact,
7C1U,A,343,exact,
7C3H,A,501,exact,
7C45,A,263,exact,
7C4H,A,220,exact,
7C64,A,413,exact,
7C6C,A,239,exact,
7C7M,A,223,exact,
7C83,A,116,exact,
7C8N,A,81,exact,
7CBC,A,60,exact,
7CC7,A,208,exact,
7CCB,A,162,exact,
7CF7,A,133,exact,
7CFF,A,46,exact,
7CHR,A,74,exact,
7CIG,A,463,exact,
7CJS,A,175,exact,
7CKA,A,209,exact,
7CLU,A,131,exact,
7CLY,A,124,exact,
7CNP,A,557,exact,
7CNW,A,91,exact,
7COH,A,510,exact,
7CRA,A,194,exact,
7CRV,A,41,exact,
7CT3,A,33,exact,
7CTM,A,417,exact,
7CTP,A,285,exact,
7CU9,A,189,exact,
7CUP,A,204,exact,
7CUS,A,189,exact,
7CWW,A,97,exact,
7CX5,A,86,exact,
7CYW,A,243,exact,
7CZ2,A,218,exact,
7D0E,A,92,exact,
7D1B,A,290,exact,
7D2W,A,39,exact,
7D53,A,220,exact,
7D54,A,165,exact,
7D55,A,85,exact,
7D5B,A,289,exact,
7D5C,A,824,exact,
7D62,A,273,exact,
7D78,D,254,same_seq,PISCES=A
7D8D,A,230,exact,
7D8Q,A,172,exact,
7D9F,A,532,exact,
7DA0,B,93,exact,
7DB5,A,502,exact,
7DBL,A,314,exact,
7DBU,A,159,exact,
7DC4,A,131,exact,
7DCN,A,171,exact,
7DE2,A,211,exact,
7DE7,A,91,exact,
7DFS,A,429,exact,
7DHP,A,108,exact,
7DIA,A,1003,exact,
7DIE,A,114,exact,
7DKA,A,203,exact,
7DKL,A,206,exact,
7DL3,A,342,exact,
7DM0,A,158,exact,
7DMA,A,83,exact,
7DPY,A,88,exact,
7DQT,A,150,exact,
7DRG,A,181,exact,
7DRY,A,171,exact,
7DS6,A,238,exact,
7DU7,A,84,exact,
7DWC,A,97,exact,
7DZ2,A,280,exact,
7E2S,A,230,exact,
7E4M,A,153,exact,
7E4V,A,66,exact,
7E5V,A,277,exact,
7E7F,A,331,exact,
7E8R,A,199,exact,
7ECQ,A,173,exact,
7EE5,A,116,exact,
7EEH,A,130,exact,
7EF0,A,145,exact,
7EF6,A,230,exact,
7EHF,A,169,exact,
7EHU,A,403,exact,
7EIQ,A,699,exact,
7EJG,C,21,exact,
7EME,A,405,exact,
7EN7,A,189,exact,
7ENM,A,91,exact,
7EPN,A,127,exact,
7EPV,A,332,exact,
7ES0,A,391,exact,
7ESK,A,417,exact,
7ESR,A,345,exact,
7ESS,A,130,exact,
7ESW,A,127,exact,
7ESX,A,312,exact,
7ET5,A,92,exact,
7ETK,A,277,exact,
7EVC,B,414,exact,
7EXR,B,196,same_seq,PISCES=A
7EYL,A,93,exact,
7EZG,A,153,exact,
7EZI,A,321,exact,
7F0A,A,52,exact,
7F0Y,A,127,exact,
7F2Y,A,141,exact,
7F69,A,302,exact,
7F6Q,A,331,exact,
7F72,A,124,exact,
7F82,A,336,exact,
7F8T,A,440,exact,
7F9J,A,129,exact,
7F9T,A,321,exact,
7F9X,A,152,exact,
7FA1,A,238,exact,
7FAV,A,239,exact,
7FAX,A,96,exact,
7FCJ,A,142,exact,
7FCR,A,113,exact,
7FDO,A,124,exact,
7FDS,A,101,exact,
7FGP,A,371,exact,
7FH3,A,321,exact,
7FH8,A,613,exact,
7FH9,A,128,exact,
7FHM,A,280,exact,
7FIU,A,27,exact,
7FJK,A,442,exact,
7FXO,A,128,exact,
7G2W,A,735,exact,
7H6Z,A,158,exact,
7HLL,B,183,exact,
7JGU,A,86,exact,
7JID,A,285,exact,
7JJA,A,178,exact,
7JJK,A,67,exact,
7JMA,A,50,exact,
7JP2,A,329,exact,
7JT8,I,447,exact,
7JTJ,A,255,exact,
7JW2,A,188,exact,
7JX6,A,74,exact,
7JZS,A,144,exact,
7K34,A,275,exact,
7K44,A,279,exact,
7K5L,A,103,exact,
7K9C,A,95,exact,
7KG8,A,417,exact,
7KL7,A,140,exact,
7KLJ,A,307,exact,
7KMP,A,888,exact,
7KOM,A,117,exact,
7KPO,A,90,exact,
7KPU,D,188,same_seq,PISCES=A
7KQQ,A,91,exact,
7KR0,A,167,exact,
7KRI,A,98,exact,
7KTN,A,312,exact,
7KYX,A,353,exact,
7KZ0,A,136,exact,
7KZW,A,117,exact,
7L0A,A,215,exact,
7L27,A,90,exact,
7L4A,A,213,exact,
7L6L,A,131,exact,
7L71,A,100,exact,
7LC5,A,122,exact,
7LCZ,A,184,exact,
7LD9,A,341,exact,
7LGA,A,72,exact,
7LGC,A,88,exact,
7LGR,A,94,exact,
7LJI,A,111,exact,
7LJL,A,307,exact,
7LJN,A,309,exact,
7LJO,A,208,exact,
7LKL,A,262,exact,
7LKN,A,132,exact,
7LPZ,A,14,exact,
7LQ2,B,64,same_seq,PISCES=A
7LQX,A,381,exact,
7LSV,A,137,exact,
7LT2,A,351,exact,
7LV6,B,557,exact,
7LVM,A,168,exact,
7LWE,A,120,exact,
7M10,A,66,exact,
7M3H,A,406,exact,
7M3P,A,46,exact,
7M5F,A,92,exact,
7M7N,A,384,exact,
7M8H,A,292,exact,
7MEL,A,556,exact,
7MF4,A,499,exact,
7MFO,A,335,exact,
7MIE,A,129,exact,
7MIQ,A,161,exact,
7MIW,A,461,exact,
7MJW,A,438,exact,
7MNI,A,15,exact,
7MOM,A,138,exact,
7MPD,A,158,exact,
7MPR,A,196,exact,
7MQ3,A,58,exact,
7MQ5,A,255,exact,
7MQQ,A,111,exact,
7MS7,A,110,exact,
7MWM,A,72,exact,
7MXJ,A,146,exact,
7MY0,A,282,exact,
7N6F,A,407,exact,
7N7H,A,275,exact,
7NAJ,A,91,exact,
7NAZ,A,191,exact,
7NBI,A,123,exact,
7NBV,A,91,exact,
7NCE,A,22,exact,
7NCY,A,29,exact,
7NDJ,A,123,exact,
7NDV,A,10,exact,
7NDY,A,83,exact,
7NE2,A,275,exact,
7NLC,A,114,exact,
7NMQ,A,363,exact,
7NNA,A,80,exact,
7NNI,A,342,exact,
7NPC,A,134,exact,
7NQE,A,210,exact,
7NRU,A,235,exact,
7NTE,A,298,exact,
7NUU,A,108,exact,
7NUV,A,69,exact,
7NX1,A,263,exact,
7NXP,A,129,exact,
7NYQ,A,131,exact,
7NZA,A,139,exact,
7O21,A,256,exact,
7O23,A,243,exact,
7O39,A,49,exact,
7O4C,A,79,exact,
7O4F,A,79,exact,
7O4P,A,139,exact,
7O5Y,B,66,same_seq,PISCES=A
7O6L,A,60,exact,
7O8F,A,232,exact,
7O9O,A,297,exact,
7OA7,A,262,exact,
7OC9,A,17,exact,
7OCB,B,167,exact,
7ODC,A,343,exact,
7ODY,A,84,exact,
7OEC,A,158,exact,
7OFV,A,176,exact,
7OH2,A,313,exact,
7OL3,A,393,exact,
7OSU,A,96,exact,
7OTS,A,273,exact,
7OVU,A,175,exact,
7OW9,A,71,exact,
7OXD,A,153,exact,
7OYW,A,339,exact,
7P0Q,H,62,exact,
7P1Q,A,379,exact,
7P2M,A,184,exact,
7P3A,A,24,exact,
7P5B,A,337,exact,
7P6S,A,140,exact,
7P7D,A,738,exact,
7P8M,A,175,exact,
7P8X,A,185,exact,
7P99,A,198,exact,
7PB9,A,74,exact,
7PD1,A,364,exact,
7PE0,A,102,exact,
7PFH,A,143,exact,
7PK2,A,268,exact,
7PLJ,A,252,exact,
7PLP,A,40,exact,
7PQK,A,182,exact,
7PRR,A,176,exact,
7PSY,A,112,exact,
7PUD,A,173,exact,
7PVH,A,34,exact,
7PZ2,A,95,exact,
7PZT,A,118,exact,
7Q0O,A,231,exact,
7Q1G,A,249,exact,
7Q2A,A,172,exact,
7Q3Z,B,96,same_seq,PISCES=A
7Q47,A,135,exact,
7Q5V,A,217,exact,
7Q6A,A,166,exact,
7Q9V,A,123,exact,
7QBP,A,258,exact,
7QCP,A,262,exact,
7QD2,A,196,exact,
7QEJ,A,59,exact,
7QF6,A,308,exact,
7QFG,A,134,exact,
7QFI,A,125,exact,
7QFL,A,99,exact,
7QFU,A,150,exact,
7QOE,A,173,exact,
7QOW,A,492,exact,
7QP5,A,139,exact,
7QQI,A,479,exact,
7QQY,A,203,exact,
7QRJ,A,179,exact,
7QRZ,A,148,exact,
7QS2,A,166,exact,
7QSJ,A,333,exact,
7QTB,A,265,exact,
7QTW,A,91,exact,
7QU5,A,228,exact,
7QUL,A,330,exact,
7QZQ,A,18,exact,
7R1L,A,44,exact,
7R25,A,182,exact,
7R2E,A,125,exact,
7R4U,A,154,exact,
7R5I,A,135,exact,
7R5Y,A,118,exact,
7R65,A,212,exact,
7R6A,A,300,exact,
7R6U,A,45,exact,
7R7B,A,64,exact,
7R84,A,41,exact,
7RC2,A,371,exact,
7REA,A,242,exact,
7RFQ,A,217,exact,
7RFT,A,227,exact,
7RG8,A,321,exact,
7RH8,A,173,exact,
7RLM,B,136,same_seq,PISCES=A
7RM7,A,203,exact,
7ROA,A,107,exact,
7RPY,A,200,exact,
7RS7,A,183,exact,
7RSP,A,338,exact,
7RSW,A,123,exact,
7RT0,A,335,exact,
7RTY,A,35,exact,
7RU7,A,314,exact,
7RUP,A,58,exact,
7RUR,A,33,exact,
7RW4,A,311,exact,
7RWG,A,382,exact,
7RWS,A,229,exact,
7RZB,A,73,exact,
7S4N,A,53,exact,
7S5A,A,71,exact,
7S5C,A,41,exact,
7S5H,A,90,exact,
7S5L,A,245,exact,
7S5O,A,140,exact,
7S7J,A,73,exact,
7S7W,A,244,exact,
7S86,A,27,exact,
7SF6,A,292,exact,
7SHW,A,222,exact,
7SKE,A,257,exact,
7SNE,A,178,exact,
7SNS,A,145,exact,
7SOQ,A,88,exact,
7SQ4,A,35,exact,
7SUA,A,148,exact,
7SVG,A,310,exact,
7SZS,A,187,exact,
7T1M,A,136,exact,
7T1S,A,219,exact,
7T24,A,379,exact,
7T26,A,135,exact,
7T2S,A,31,exact,
7T3E,A,298,exact,
7T5T,A,214,exact,
7T5U,A,64,exact,
7T63,A,159,exact,
7T69,A,171,exact,
7T6A,A,164,exact,
7T7Z,A,152,exact,
7T85,A,61,exact,
7TAE,A,129,exact,
7TB6,A,44,exact,
7TBR,A,137,exact,
7TCL,X,179,exact,
7TEM,A,349,exact,
7TFM,A,140,exact,
7TH4,A,182,exact,
7THH,A,129,exact,
7TJB,A,192,exact,
7TLH,B,82,same_seq,PISCES=A
7TOI,A,350,exact,
7TOM,A,427,exact,
7TQO,A,189,exact,
7TVC,B,124,same_seq,PISCES=A
7TVL,A,225,exact,
7TVY,A,105,exact,
7TWA,A,203,exact,
7TXN,A,88,exact,
7TXY,A,23,exact,
7TZ4,A,528,exact,
7TZK,A,62,exact,
7TZV,A,49,exact,
7UBA,A,164,exact,
7UBJ,A,142,exact,
7UBX,A,46,exact,
7UBZ,A,213,exact,
7UCW,A,262,exact,
7UE7,A,218,exact,
7UHE,A,68,exact,
7UI2,A,122,exact,
7UJ2,A,140,exact,
7ULC,A,134,exact,
7ULD,A,242,exact,
7ULN,A,205,exact,
7UR2,A,10,exact,
7UR7,A,61,exact,
7URP,A,151,exact,
7UWV,A,312,exact,
7UX0,A,86,exact,
7UX7,A,356,exact,
7UXS,B,192,same_seq,PISCES=A
7UYP,A,147,exact,
7UZO,A,99,exact,
7UZT,A,155,exact,
7V4O,B,174,same_seq,PISCES=A
7V5Z,A,34,exact,
7V8W,A,116,exact,
7VB4,A,332,exact,
7VBO,A,167,exact,
7VEV,A,603,exact,
7VEX,A,245,exact,
7VFK,A,220,exact,
7VFQ,A,390,exact,
7VJO,B,116,same_seq,PISCES=A
7VJV,A,197,exact,
7VKC,A,295,exact,
7VLM,A,161,exact,
7VLZ,A,530,exact,
7VM0,A,323,exact,
7VMF,A,94,exact,
7VMY,A,197,exact,
7VNI,B,60,same_seq,PISCES=A
7VP2,B,45,same_seq,PISCES=A
7VQ6,A,173,exact,
7VQG,A,145,exact,
7VQK,A,187,exact,
7VT5,A,301,exact,
7VTI,A,23,exact,
7VU0,A,231,exact,
7VWK,A,33,exact,
7VWS,A,255,exact,
7VXR,A,69,exact,
7VYU,A,259,exact,
7VZP,A,563,exact,
7W0I,A,314,exact,
7W0Q,A,171,exact,
7W2P,A,62,exact,
7W3N,A,82,exact,
7W50,A,357,exact,
7W5G,A,339,exact,
7W5T,A,272,exact,
7W62,B,28,same_seq,PISCES=A
7W7O,A,246,exact,
7W83,A,198,exact,
7W86,A,94,exact,
7W8F,A,231,exact,
7W9Z,A,373,exact,
7WA9,A,134,exact,
7WBO,A,191,exact,
7WF8,A,109,exact,
7WG4,A,321,exact,
7WJC,A,387,exact,
7WKP,A,129,exact,
7WME,A,151,exact,
7WN7,A,141,exact,
7WRK,A,158,exact,
7WUW,A,193,exact,
7WXM,A,309,exact,
7WZ5,A,115,exact,
7WZF,A,241,exact,
7WZV,A,59,exact,
7X0O,A,46,exact,
7X2X,A,285,exact,
7X3H,A,231,exact,
7X44,A,35,exact,
7X52,A,332,exact,
7X7J,A,569,exact,
7X8V,A,110,exact,
7XCD,A,75,exact,
7XG9,A,284,exact,
7XGT,A,210,exact,
7XI5,A,27,exact,
7XIH,A,286,exact,
7XMH,A,285,exact,
7XP9,A,71,exact,
7XPK,A,115,exact,
7XPT,A,21,exact,
7XQ4,A,462,exact,
7XQA,A,411,exact,
7XTN,A,145,exact,
7XV9,A,78,exact,
7XVA,A,191,exact,
7XWT,B,240,exact,
7XYT,A,219,exact,
7XZ3,A,104,exact,
7XZF,A,440,exact,
7Y16,A,126,exact,
7Y39,A,92,exact,
7Y4H,A,288,exact,
7Y56,A,160,exact,
7Y5M,A,153,exact,
7Y5Y,A,21,exact,
7Y6C,A,66,exact,
7Y7O,A,138,exact,
7Y95,A,89,exact,
7YAA,A,139,exact,
7YCU,A,93,exact,
7YD4,A,124,exact,
7YDO,A,37,exact,
7YEO,A,271,exact,
7YEX,A,123,exact,
7YF2,A,231,exact,
7YKM,A,74,exact,
7YLO,A,270,exact,
7YLS,A,62,exact,
7YMO,A,157,exact,
7YPD,B,224,same_seq,PISCES=A
7YRB,A,58,exact,
7YTU,A,53,exact,
7YUG,A,113,exact,
7YUJ,A,86,exact,
7YUL,A,86,exact,
7YX8,A,367,exact,
7YXV,A,116,exact,
7YYG,A,21,exact,
7YZ7,A,118,exact,
7YZV,A,179,exact,
7Z06,A,179,exact,
7Z09,A,196,exact,
7Z27,A,142,exact,
7Z2J,A,125,exact,
7Z2T,A,394,exact,
7Z2V,A,255,exact,
7Z5Z,A,253,exact,
7Z65,A,281,exact,
7Z8O,A,186,exact,
7Z8Z,A,32,exact,
7ZBC,A,229,exact,
7ZEE,A,225,exact,
7ZEI,A,305,exact,
7ZGH,A,411,exact,
7ZGM,A,680,exact,
7ZHD,A,46,exact,
7ZHH,A,215,exact,
7ZHU,A,35,exact,
7ZJ1,A,75,exact,
7ZJC,A,49,exact,
7ZJF,A,70,exact,
7ZM5,A,222,exact,
7ZM9,A,83,exact,
7ZOB,A,130,exact,
7ZOI,A,122,exact,
7ZP0,A,126,exact,
7ZR2,A,200,exact,
7ZRN,A,252,exact,
7ZTF,A,55,exact,
7ZTQ,A,193,exact,
7ZV1,A,55,exact,
7ZVA,A,180,exact,
7ZVO,A,107,exact,
7ZXS,A,170,exact,
7ZZK,A,477,exact,
8A1B,A,230,exact,
8A2G,A,118,exact,
8A4O,D,181,exact,
8A55,A,107,exact,
8A7C,A,320,exact,
8A8O,A,458,exact,
8A8S,A,92,exact,
8A9X,A,75,exact,
8ABP,A,293,exact,
8ABT,A,227,exact,
8AC8,C,30,same_seq,PISCES=A
8AD2,A,24,exact,
8ADA,A,24,exact,
8ADC,B,87,same_seq,PISCES=A
8ADD,A,155,exact,
8AG8,A,28,exact,
8AGY,A,322,exact,
8AH3,A,333,exact,
8AHN,A,53,exact,
8AID,A,126,exact,
8AIF,A,116,exact,
8AJQ,A,123,exact,
8AJY,A,199,exact,
8AK2,A,254,exact,
8AKH,A,315,exact,
8AKP,A,238,exact,
8AP3,A,112,exact,
8APZ,A,366,exact,
8AQK,A,32,exact,
8AQR,A,49,exact,
8AV2,A,82,exact,
8AVU,A,49,exact,
8AXI,A,534,exact,
8AXJ,A,159,exact,
8AYV,A,148,exact,
8B02,A,83,exact,
8B28,A,259,exact,
8B2E,A,139,exact,
8B2F,A,72,exact,
8B3E,A,328,exact,
8B3W,A,273,exact,
8B4B,W,28,exact,
8B4K,A,99,exact,
8B55,A,106,exact,
8B5W,A,260,exact,
8B61,A,128,exact,
8B6E,A,50,exact,
8B97,A,149,exact,
8BA3,A,240,exact,
8BAD,A,54,exact,
8BAR,A,174,exact,
8BAU,A,90,exact,
8BBP,A,336,exact,
8BBT,A,217,exact,
8BBU,A,120,exact,
8BD1,A,123,exact,
8BDP,A,474,exact,
8BEO,A,496,exact,
8BEY,A,208,exact,
8BFT,A,301,exact,
8BFY,A,354,exact,
8BGJ,A,97,exact,
8BIJ,A,215,exact,
8BJ2,A,355,exact,
8BN0,A,317,exact,
8BRS,A,183,exact,
8BRY,A,353,exact,
8BSB,A,31,exact,
8BTJ,A,210,exact,
8BUX,A,163,exact,
8BUY,A,64,exact,
8BYK,A,352,exact,
8C3L,A,15,exact,
8C3X,A,228,exact,
8C5N,A,184,exact,
8C73,A,167,exact,
8C86,B,114,same_seq,PISCES=A
8C8F,A,363,exact,
8CBA,A,193,exact,
8CD5,A,43,exact,
8CDF,A,48,exact,
8CFN,A,358,exact,
8CGM,A,163,exact,
8CI6,A,376,exact,
8CI9,C,240,exact,
8CIH,A,66,exact,
8CJD,A,256,exact,
8CK2,A,85,exact,
8CLO,A,289,exact,
8CM1,A,173,exact,
8CM6,A,964,exact,
8CMP,A,56,exact,
8CPQ,A,128,exact,
8CQ3,A,311,exact,
8CR4,A,296,exact,
8CTR,A,276,exact,
8CWT,A,39,exact,
8CXK,A,199,exact,
8D0P,A,295,exact,
8D1U,A,313,exact,
8D2Y,A,425,exact,
8D41,A,304,exact,
8D4W,A,101,exact,
8D89,A,355,exact,
8D8S,A,405,exact,
8DAJ,A,300,exact,
8DC1,A,289,exact,
8DEZ,A,171,exact,
8DIL,A,171,exact,
8DKP,A,336,exact,
8DMR,A,27,exact,
8DMU,A,323,exact,
8DOR,A,215,exact,
8DPK,A,208,exact,
8DPV,A,105,exact,
8DQ3,A,294,exact,
8DRG,A,92,exact,
8DS8,A,98,exact,
8DSC,A,465,exact,
8DUF,A,297,exact,
8DV0,A,185,exact,
8DX0,A,127,exact,
8DYE,A,489,exact,
8DYL,B,224,exact,
8DYS,A,285,exact,
8E18,A,434,exact,
8E71,A,181,exact,
8E77,A,356,exact,
8EB9,A,87,exact,
8EBB,A,53,exact,
8EBG,A,302,exact,
8EBL,A,282,exact,
8EC3,A,117,exact,
8EEN,B,435,same_seq,PISCES=A
8EFX,A,15,exact,
8EHC,A,65,exact,
8EM5,A,90,exact,
8EOV,A,20,exact,
8ERE,A,125,exact,
8ERM,A,197,exact,
8EVK,A,94,exact,
8EVW,A,305,exact,
8EW9,A,33,exact,
8EY3,A,58,exact,
8F3A,A,43,exact,
8F43,A,107,exact,
8F5I,A,34,exact,
8F7I,A,315,exact,
8F8N,A,112,exact,
8F9O,A,465,exact,
8FBE,A,84,exact,
8FBZ,B,429,same_seq,PISCES=A
8FCF,C,47,exact,
8FIB,A,286,exact,
8FN5,A,372,exact,
8FNR,A,100,exact,
8FR5,A,88,exact,
8FSI,A,223,exact,
8FUX,A,314,exact,
8FX9,A,160,exact,
8FZ9,A,129,exact,
8G0N,A,214,exact,
8G1L,A,250,exact,
8G1Y,A,457,exact,
8G28,A,103,exact,
8G4K,A,94,exact,
8G4Y,A,141,exact,
8G52,A,26,exact,
8G53,A,182,exact,
8G6B,A,281,exact,
8G6P,A,482,exact,
8G8K,A,141,exact,
8GAL,A,47,exact,
8GBE,A,142,exact,
8GFH,A,71,exact,
8GKD,A,315,exact,
8GKO,A,93,exact,
8GM7,A,71,exact,
8GMK,A,109,exact,
8GMY,D,152,exact,
8GPH,A,189,exact,
8GPS,A,101,exact,
8GQC,A,176,exact,
8GQQ,A,97,exact,
8GQZ,A,433,exact,
8GSY,A,119,exact,
8GTZ,A,449,exact,
8GXK,A,179,exact,
8GY8,A,47,exact,
8GYN,A,152,exact,
8H0L,A,67,exact,
8H0N,A,173,exact,
8H0T,A,180,exact,
8H1F,A,100,exact,
8H2F,A,158,exact,
8H4P,A,324,exact,
8H5V,A,10,exact,
8H61,B,222,exact,
8H6Q,A,299,exact,
8H7E,A,53,exact,
8H8Y,A,223,exact,
8HCZ,A,415,exact,
8HD2,A,310,exact,
8HDA,A,13,exact,
8HE2,A,223,exact,
8HEK,A,85,exact,
8HEL,A,56,exact,
8HHJ,A,97,exact,
8HHV,A,474,exact,
8HIC,A,393,exact,
8HKA,A,297,exact,
8HO2,A,155,exact,
8HQR,A,232,exact,
8HS0,A,450,exact,
8HTD,A,203,exact,
8HUC,A,196,exact,
8HUI,A,391,exact,
8HVD,A,596,exact,
8HYG,A,74,exact,
8I0D,A,314,exact,
8I0J,A,485,exact,
8I12,A,481,exact,
8I33,A,38,exact,
8I3F,A,140,exact,
8I5K,A,523,exact,
8I5V,A,218,exact,
8I6G,A,29,exact,
8I71,A,43,exact,
8IBR,A,664,exact,
8IC7,B,813,same_seq,PISCES=A
8IGT,A,194,exact,
8IHA,A,122,exact,
8II8,A,223,exact,
8IKX,A,381,exact,
8IN3,A,205,exact,
8IP2,A,54,exact,
8IPK,A,173,exact,
8IQ5,A,561,exact,
8IQ8,A,280,exact,
8IQC,A,201,exact,
8IR4,A,182,exact,
8IRQ,A,132,exact,
8IS2,A,86,exact,
8IUB,A,530,exact,
8IUD,A,12,exact,
8IW2,A,281,exact,
8IW5,A,22,exact,
8IXT,A,371,exact,
8IXW,A,88,exact,
8IY8,A,273,exact,
8J0L,A,104,exact,
8J1M,A,46,exact,
8J2N,A,224,exact,
8J49,A,62,exact,
8J50,A,379,exact,
8J5H,A,225,exact,
8J71,A,60,exact,
8J8Y,A,84,exact,
8JA1,A,377,exact,
8JA8,A,338,exact,
8JBB,A,149,exact,
8JD7,A,503,exact,
8JDH,A,122,exact,
8JEA,A,139,exact,
8JIY,A,201,exact,
8JJQ,C,310,same_seq,PISCES=A
8JJW,A,199,exact,
8JOR,A,524,exact,
8JQJ,A,313,exact,
8JSU,A,22,exact,
8JSZ,A,239,exact,
8JU3,A,32,exact,
8JU7,A,92,exact,
8JVS,A,42,exact,
8JW3,A,262,exact,
8JWD,A,119,exact,
8JWS,A,115,exact,
8JYA,A,189,exact,
8JYR,A,66,exact,
8JZ8,A,205,exact,
8K07,A,292,exact,
8K2G,B,484,same_seq,PISCES=A
8K2M,A,489,exact,
8K4I,A,161,exact,
8K4M,A,68,exact,
8K5L,A,108,exact,
8K6H,A,154,exact,
8K74,A,290,exact,
8K75,A,122,exact,
8K7Z,A,170,exact,
8K84,A,167,exact,
8KAA,A,124,exact,
8KBH,D,115,same_seq,PISCES=A
8KCE,A,251,exact,
8KDL,A,406,exact,
8KIH,A,214,exact,
8OG1,A,407,exact,
8OGH,A,534,exact,
8OGM,A,149,exact,
8OI3,A,144,exact,
8OI4,A,270,exact,
8OIG,A,171,exact,
8OIK,A,44,exact,
8OK0,A,191,exact,
8OK3,A,119,exact,
8OK4,A,341,exact,
8OK7,A,38,exact,
8OKW,C,149,same_seq,PISCES=A
8OLH,A,361,exact,
8OLJ,B,231,exact,
8ON4,A,141,exact,
8ONB,A,114,exact,
8ONO,A,588,exact,
8ONX,A,361,exact,
8OPR,A,270,exact,
8OQJ,A,50,exact,
8OQK,A,62,exact,
8ORV,A,184,exact,
8OSZ,A,219,exact,
8OU1,A,104,exact,
8OV0,A,101,exact,
8OV1,A,251,exact,
8OV5,M,303,exact,
8OWS,A,120,exact,
8OXK,A,84,exact,
8OXL,B,38,same_seq,PISCES=A
8P0O,A,147,exact,
8P1G,B,304,exact,
8P37,A,383,exact,
8P4W,A,109,exact,
8P6Q,A,43,exact,
8P8X,A,358,exact,
8PAQ,A,148,exact,
8PAY,A,339,exact,
8PB5,A,305,exact,
8PD6,A,177,exact,
8PHB,A,134,exact,
8PHY,A,93,exact,
8PI4,A,42,exact,
8PJ7,A,136,exact,
8PKR,A,119,exact,
8PMF,A,64,exact,
8PN3,A,333,exact,
8PP8,A,108,exact,
8PQR,B,24,same_seq,PISCES=A
8PTD,A,341,exact,
8PU2,A,72,exact,
8PW2,A,26,exact,
8PWW,A,145,exact,
8PY0,A,125,exact,
8PZG,A,259,exact,
8Q00,A,244,exact,
8Q1F,A,219,exact,
8Q1K,A,302,exact,
8Q29,A,215,exact,
8Q2P,A,413,exact,
8Q42,A,20,exact,
8Q4E,A,118,exact,
8Q6F,A,274,exact,
8Q6U,A,161,exact,
8Q8I,A,273,exact,
8Q9X,A,469,exact,
8QAM,B,204,exact,
8QCE,A,331,exact,
8QCO,A,177,exact,
8QD8,A,284,exact,
8QEH,A,245,exact,
8QFE,A,267,exact,
8QFL,A,70,exact,
8QFU,A,63,exact,
8QFZ,A,105,exact,
8QGO,A,134,exact,
8QGW,A,106,exact,
8QJZ,A,227,exact,
8QKD,A,56,exact,
8QNC,A,404,exact,
8QNF,A,191,exact,
8QPJ,A,181,exact,
8QQ1,C,75,exact,
8QQC,A,238,exact,
8QRY,A,86,exact,
8QUP,A,82,exact,
8QVC,A,276,exact,
8QVT,A,351,exact,
8QX6,A,54,exact,
8QYG,A,219,exact,
8QZB,A,293,exact,
8QZG,1,237,exact,
8QZU,A,263,exact,
8QZV,A,50,exact,
8R3F,A,101,exact,
8R70,A,365,exact,
8R7A,A,14,exact,
8RA0,A,264,exact,
8RAY,B,220,same_seq,PISCES=A
8RCX,A,199,exact,
8RDD,B,48,exact,
8RHO,A,98,exact,
8RJA,A,554,exact,
8ROE,A,272,exact,
8RS8,A,191,exact,
8RYF,A,95,exact,
8RYS,A,139,exact,
8RZ0,A,27,exact,
8S02,A,414,exact,
8S0U,A,235,exact,
8S1J,A,277,exact,
8S2M,A,130,exact,
8S6G,A,473,exact,
8S6L,A,363,exact,
8S6R,A,164,exact,
8S8R,D,234,exact,
8SA9,A,389,exact,
8SBH,A,141,exact,
8SBN,A,199,exact,
8SCA,B,216,exact,
8SG0,A,356,exact,
8SIU,A,280,exact,
8SMF,B,66,same_seq,PISCES=A
8SRZ,A,86,exact,
8SU3,A,338,exact,
8SV7,A,189,exact,
8SX0,A,82,exact,
8T0P,B,45,exact,
8T0W,A,247,exact,
8T27,A,467,exact,
8T41,A,848,exact,
8T5J,A,141,exact,
8T5N,A,250,exact,
8T5T,A,25,exact,
8T8K,A,72,exact,
8T9S,A,59,exact,
8TCS,D,228,same_seq,PISCES=A
8TDA,A,241,exact,
8TF1,A,257,exact,
8TFU,A,49,exact,
8TG4,A,174,exact,
8TI5,A,129,exact,
8TJG,A,226,exact,
8TLF,A,82,exact,
8TN8,A,224,exact,
8TND,A,130,exact,
8TNM,A,102,exact,
8TRW,A,285,exact,
8TUK,A,252,exact,
8TW1,A,265,exact,
8TXF,A,253,exact,
8TYU,B,160,same_seq,PISCES=A
8TYX,A,65,exact,
8U0A,A,275,exact,
8U0X,A,91,exact,
8U1I,A,400,exact,
8U2R,A,488,exact,
8U79,A,287,exact,
8U7C,A,52,exact,
8U9F,A,269,exact,
8UBS,A,134,exact,
8UCG,A,292,exact,
8UCY,A,55,exact,
8UDS,D,68,exact,
8UF2,A,401,exact,
8UFO,A,267,exact,
8UJW,A,147,exact,
8ULA,A,81,exact,
8UP4,A,419,exact,
8UPC,A,156,exact,
8UUS,A,155,exact,
8UWT,A,395,exact,
8UWV,A,493,exact,
8UYR,A,405,exact,
8V1K,A,55,exact,
8V33,A,136,exact,
8V3M,A,161,exact,
8V4G,A,250,exact,
8V4J,A,190,exact,
8V4W,A,154,exact,
8V6S,A,157,exact,
8V9S,A,52,exact,
8VB3,A,216,exact,
8VC8,A,137,exact,
8VCB,A,218,exact,
8VCW,A,325,exact,
8VDX,A,463,exact,
8VGD,A,12,exact,
8VIG,A,424,exact,
8VIJ,A,114,exact,
8VKT,A,377,exact,
8VMK,A,233,exact,
8VMS,A,160,exact,
8VNI,A,187,exact,
8VPO,A,353,exact,
8VRF,B,408,same_seq,PISCES=A
8VTH,A,44,exact,
8VVL,A,26,exact,
8VXB,A,245,exact,
8VXK,A,186,exact,
8W1Q,A,293,exact,
8W2C,A,75,exact,
8W5Z,A,235,exact,
8W7P,A,194,exact,
8W8J,A,443,exact,
8W8U,A,356,exact,
8WAC,A,117,exact,
8WAE,A,105,exact,
8WC1,A,149,exact,
8WCF,A,153,exact,
8WCH,A,380,exact,
8WCT,A,157,exact,
8WJ5,A,128,exact,
8WKD,A,11,exact,
8WKJ,A,358,exact,
8WL1,A,133,exact,
8WNJ,A,736,exact,
8WP6,A,32,exact,
8WPA,A,81,exact,
8WQN,A,140,exact,
8WRX,A,84,exact,
8WT4,A,149,exact,
8WWS,A,211,exact,
8WZL,A,374,exact,
8X2Q,A,14,exact,
8X3G,A,343,exact,
8X3H,A,330,exact,
8X6A,A,317,exact,
8X6B,B,54,exact,
8X6K,A,111,exact,
8X8J,A,156,exact,
8X9C,A,70,exact,
8XAQ,A,83,exact,
8XET,A,277,exact,
8XIF,A,221,exact,
8XIL,A,914,exact,
8XKD,A,116,exact,
8XO3,A,40,exact,
8XP6,A,292,exact,
8XSG,A,226,exact,
8XUK,A,416,exact,
8XX9,A,601,exact,
8Y7V,A,182,exact,
8Y9K,A,134,exact,
8YCM,A,213,exact,
8YEQ,A,70,exact,
8YJC,A,205,exact,
8YK8,A,143,exact,
8YLA,A,324,exact,
8YO6,A,78,exact,
8YQG,A,125,exact,
8YQK,A,107,exact,
8YSM,A,286,exact,
8YSQ,A,227,exact,
8YTG,A,74,exact,
8YUF,A,124,exact,
8YV4,A,26,exact,
8YVA,A,91,exact,
8YXN,A,207,exact,
8YYH,A,357,exact,
8YZ3,A,423,exact,
8YZG,A,56,exact,
8YZY,A,240,exact,
8Z0X,A,250,exact,
8Z2M,A,197,exact,
8Z2Y,A,380,exact,
8Z3F,A,171,exact,
8Z3H,A,130,exact,
8Z4F,B,99,same_seq,PISCES=A
8Z4N,A,116,exact,
8Z4Q,A,458,exact,
8Z7K,A,64,exact,
8ZA7,A,296,exact,
8ZAG,A,327,exact,
8ZEV,A,56,exact,
8ZF2,A,180,exact,
8ZIA,I,319,same_seq,PISCES=A
8ZJ9,A,225,exact,
8ZLA,A,107,exact,
8ZLZ,A,128,exact,
8ZNK,A,313,exact,
8ZOP,A,403,exact,
8ZPO,A,304,exact,
8ZQF,A,195,exact,
8ZVH,A,124,exact,
8ZXQ,A,72,exact,
8ZYH,A,116,exact,
9ARD,A,74,exact,
9AU3,A,359,exact,
9AVM,A,25,exact,
9AYN,A,75,exact,
9AYU,A,514,exact,
9B02,A,367,exact,
9B1U,A,244,exact,
9B3G,A,10,exact,
9B72,A,74,exact,
9B86,A,196,exact,
9B8E,A,205,exact,
9BCE,A,176,exact,
9BD4,A,238,exact,
9BI7,A,166,exact,
9BIY,A,121,exact,
9BKS,A,71,exact,
9BL8,A,81,exact,
9BLD,A,142,exact,
9BNC,A,52,exact,
9BOR,A,31,exact,
9BQ8,A,362,exact,
9BS2,A,84,exact,
9BS5,A,682,exact,
9BUA,A,338,exact,
9C38,A,247,exact,
9C63,A,113,exact,
9C6E,A,272,exact,
9C72,A,52,exact,
9C90,A,26,exact,
9C95,A,332,exact,
9C9N,A,252,exact,
9C9Q,A,102,exact,
9CCR,A,53,exact,
9CD2,A,81,exact,
9CDV,A,273,exact,
9CEN,A,328,exact,
9CFJ,A,218,exact,
9CG2,A,317,exact,
9CP8,A,420,exact,
9CRN,A,195,exact,
9CSE,A,99,exact,
9CVB,A,248,exact,
9CX8,A,187,exact,
9D1L,A,498,exact,
9D2S,A,180,exact,
9D60,A,449,exact,
9D7J,A,192,exact,
9DAS,A,268,exact,
9DBH,A,24,exact,
9DDL,A,155,exact,
9DDT,A,113,exact,
9DEE,A,153,exact,
9DGE,A,196,exact,
9DKS,B,300,same_seq,PISCES=A
9DLO,a,55,exact,
9DOC,A,188,exact,
9DOE,A,391,exact,
9DQ2,A,217,exact,
9DSB,A,75,exact,
9DV9,A,428,exact,
9DY3,A,246,exact,
9E50,A,328,exact,
9E5A,A,240,exact,
9E7C,A,41,exact,
9E92,A,446,exact,
9EA4,A,332,exact,
9EAF,A,359,exact,
9ECS,A,51,exact,
9ECT,A,199,exact,
9EFF,A,51,exact,
9EGN,A,26,exact,
9EI6,A,208,exact,
9EID,A,423,exact,
9EKM,A,539,exact,
9EMT,A,198,exact,
9EN7,A,75,exact,
9EOL,A,19,exact,
9EP5,A,266,exact,
9EP6,A,171,exact,
9EPT,A,19,exact,
9EQO,A,57,exact,
9ETK,A,198,exact,
9EVQ,B,192,same_seq,PISCES=A
9EZ5,A,440,exact,
9EZE,A,78,exact,
9F2H,A,106,exact,
9F5U,A,206,exact,
9F6S,A,82,exact,
9F7E,A,143,exact,
9F9U,A,83,exact,
9FCR,A,182,exact,
9FCW,A,530,exact,
9FD3,A,191,exact,
9FDF,A,372,exact,
9FEI,A,152,exact,
9FGP,A,138,exact,
9FIC,A,77,exact,
9FIK,A,57,exact,
9FKU,A,143,exact,
9FLN,A,112,exact,
9FN0,A,223,exact,
9FNF,A,395,exact,
9FP4,A,261,exact,
9FPH,X,614,exact,
9FPM,A,128,exact,
9FS2,A,357,exact,
9FTF,A,129,exact,
9FTK,A,324,exact,
9FU5,A,71,exact,
9FVU,A,307,exact,
9FWA,A,196,exact,
9FYM,A,272,exact,
9FZK,A,129,exact,
9G18,A,406,exact,
9G88,A,517,exact,
9G9U,A,153,exact,
9GA6,A,315,exact,
9GCB,A,211,exact,
9GCZ,A,423,exact,
9GEE,A,36,exact,
9GFQ,A,114,exact,
9GK0,A,242,exact,
9GKY,A,305,exact,
9GLF,A,300,exact,
9GM0,A,249,exact,
9GM3,A,239,exact,
9GOJ,A,257,exact,
9GPD,A,528,exact,
9GR8,A,314,exact,
9GRF,A,102,exact,
9GSK,A,106,exact,
9GSO,A,104,exact,
9GTJ,A,184,exact,
9GY2,A,585,exact,
9GYY,A,216,exact,
9H0N,A,343,exact,
9H3A,A,200,exact,
9H5W,A,88,exact,
9H6H,A,496,exact,
9H88,A,102,exact,
9H8M,A,390,exact,
9HCZ,A,94,exact,
9HDG,A,189,exact,
9HDH,A,289,exact,
9HDM,A,297,exact,
9HDW,A,252,exact,
9HEH,A,243,exact,
9HFJ,A,78,exact,
9HIK,A,93,exact,
9HKJ,A,83,exact,
9HN3,A,129,exact,
9HNU,B,148,exact,
9HQE,A,336,exact,
9HRH,A,409,exact,
9HS9,A,137,exact,
9HV7,A,23,exact,
9HVJ,A,273,exact,
9I0E,A,189,exact,
9I3F,I,10,same_seq,PISCES=F
9I5F,A,325,exact,
9I5M,A,178,exact,
9I8A,B,79,exact,
9IAB,A,155,exact,
9IAY,A,166,exact,
9IB6,A,132,exact,
9IBA,A,130,exact,
9IBQ,A,194,exact,
9IFR,A,80,exact,
9IFT,A,348,exact,
9II1,A,448,exact,
9IK0,A,64,exact,
9IL3,A,182,exact,
9IN7,A,207,exact,
9IOM,A,188,exact,
9IQJ,A,575,exact,
9IQW,A,121,exact,
9IR1,A,121,exact,
9IR2,A,200,exact,
9IW5,A,97,exact,
9IXC,A,261,exact,
9J07,A,291,exact,
9J0T,A,165,exact,
9J0V,A,58,exact,
9J2C,A,189,exact,
9J2M,A,351,exact,
9J3F,A,561,exact,
9J5E,A,47,exact,
9J89,D,62,same_seq,PISCES=A
9JCY,A,227,exact,
9JDD,A,150,exact,
9JJV,A,108,exact,
9JKO,A,96,exact,
9JNO,A,216,exact,
9JOC,A,362,exact,
9JQ8,A,34,exact,
9JQF,A,180,exact,
9JRR,A,148,exact,
9JVU,A,117,exact,
9JWR,A,163,exact,
9JWY,A,282,exact,
9JYN,A,423,exact,
9JZO,A,171,exact,
9K3O,A,427,exact,
9K7M,A,291,exact,
9KCZ,A,51,exact,
9KGA,A,45,exact,
9KGB,A,114,exact,
9KHB,A,248,exact,
9KJA,A,20,exact,
9KKA,A,158,exact,
9KKD,A,26,exact,
9KKV,B,257,same_seq,PISCES=A
9KL6,A,431,exact,
9KO3,A,164,exact,
9KOP,A,297,exact,
9KP8,A,429,exact,
9KTA,A,309,exact,
9KU2,A,190,exact,
9KUP,A,122,exact,
9KVA,A,241,exact,
9KWA,A,133,exact,
9KWV,A,294,exact,
9KYG,A,98,exact,
9KYK,A,157,exact,
9KZN,A,87,exact,
9L35,A,232,exact,
9L37,A,268,exact,
9L5U,A,118,exact,
9L8E,A,151,exact,
9L93,A,118,exact,
9LB3,A,146,exact,
9LB6,A,744,exact,
9LGS,A,52,exact,
9LIE,A,143,exact,
9LL2,A,106,exact,
9LMA,A,540,exact,
9LMM,A,80,exact,
9LN2,A,189,exact,
9LNI,A,165,exact,
9LNJ,A,117,exact,
9LNS,A,62,exact,
9LPB,A,56,exact,
9LT9,A,291,exact,
9LTB,A,385,exact,
9LTX,A,56,exact,
9M0B,A,674,exact,
9M3L,A,121,exact,
9M46,A,46,exact,
9M6Y,A,90,exact,
9M7M,A,214,exact,
9MG0,A,254,exact,
9MHR,A,200,exact,
9MM2,A,417,exact,
9MNR,A,77,exact,
9MPY,A,376,exact,
9MVA,A,382,exact,
9MXN,A,224,exact,
9N2K,A,324,exact,
9N3U,A,606,exact,
9N4H,A,169,exact,
9N55,A,42,exact,
9N8R,A,276,exact,
9NDR,A,596,exact,
9NFH,A,116,exact,
9NIK,A,184,exact,
9NK1,A,146,exact,
9NLG,A,325,exact,
9NM5,A,363,exact,
9NO5,A,192,exact,
9NTF,A,442,exact,
9NX3,A,215,exact,
9NXG,A,470,exact,
9NYB,A,95,exact,
9NZY,A,180,exact,
9O3Q,A,560,exact,
9OEU,A,246,exact,
9OIK,A,119,exact,
9OQS,A,196,exact,
9OU6,A,271,exact,
9OUF,A,131,exact,
9OVI,A,65,exact,
9OW2,A,187,exact,
9P25,A,403,exact,
9P3G,A,199,exact,
9P6C,A,72,exact,
9P6Q,A,294,exact,
9P8L,A,70,exact,
9P9O,A,285,exact,
9PQF,A,104,exact,
9PTQ,A,67,exact,
9Q2G,A,162,exact,
9Q72,A,166,exact,
9Q88,A,77,exact,
9QBL,A,41,exact,
9QC2,A,419,exact,
9QD3,A,237,exact,
9QDP,A,204,exact,
9QDV,A,257,exact,
9QGV,A,63,exact,
9QHR,A,102,exact,
9QK5,A,142,exact,
9QLG,A,135,exact,
9QM9,A,74,exact,
9QPM,A,225,exact,
9QQ4,A,135,exact,
9QUZ,A,217,exact,
9QV3,A,299,exact,
9QYX,A,283,exact,
9R2K,A,94,exact,
9R6Y,A,193,exact,
9R7B,A,112,exact,
9R8S,A,26,exact,
9RC4,A,211,exact,
9RDS,A,124,exact,
9REZ,A,113,exact,
9RRZ,A,293,exact,
9RT6,A,77,exact,
9RVG,A,148,exact,
9RXW,A,73,exact,
9S6A,A,262,exact,
9SA1,A,69,exact,
9SD5,A,670,exact,
9SM0,A,248,exact,
9SNG,A,124,exact,
9SNH,A,105,exact,
9SP7,A,275,exact,
9T09,A,178,exact,
9T0N,A,40,exact,
9T47,A,280,exact,
9TA4,A,55,exact,
9TEU,A,129,exact,
9TZG,A,56,exact,
9U19,C,52,exact,
9U3B,A,379,exact,
9U42,A,153,exact,
9U49,A,132,exact,
9U78,A,113,exact,
9U79,A,268,exact,
9UBB,A,237,exact,
9UBI,B,185,same_seq,PISCES=A
9UCN,A,92,exact,
9UO7,A,207,exact,
9UON,A,333,exact,
9UVM,A,252,exact,
9V14,A,238,exact,
9V62,A,104,exact,
9V8I,A,96,exact,
9VTK,A,701,exact,
9VVN,A,131,exact,
9VWB,A,228,exact,
9VYL,A,211,exact,
9VYU,A,95,exact,
9WAU,A,204,exact,
9WM8,A,134,exact,
9WQU,A,119,exact,
9WWJ,L,133,same_seq,PISCES=C
9WX3,D,190,same_seq,PISCES=A
9X1I,A,859,exact,
9X1W,A,86,exact,
9XC8,A,154,exact,
9XHN,A,65,exact,
9XKT,A,259,exact,
9XVQ,A,99,exact,
9XYS,A,97,exact,
9Y1L,A,89,exact,
9Y6I,A,317,exact,
9YAA,A,98,exact,
9YFK,A,200,exact,
9YGW,B,193,same_seq,PISCES=A
9YSF,A,54,exact,
9YWN,A,352,exact,
9Z6R,A,102,exact,
9ZEF,A,130,exact,
